flat_filename,original_vault_path,original_archive_path,path_note_appended,file_type
Vault Index.md,Vault Index.md,New Readers Start Here/Vault Index.md,yes,.md
Seat_Sanctum_SOP_v1.0.md,Seat_Sanctum_SOP_v1.0.md,New Readers Start Here/Seat_Sanctum_SOP_v1.0.md,yes,.md
Window_Proof_Sheet_Template.md,Window_Proof_Sheet_Template.md,New Readers Start Here/Window_Proof_Sheet_Template.md,yes,.md
Faction Atlas - Pleroma Archive.md,Faction Atlas - Pleroma Archive.md,New Readers Start Here/Faction Atlas - Pleroma Archive.md,yes,.md
How to Navigate.md,How to Navigate.md,New Readers Start Here/How to Navigate.md,yes,.md
Structures Index.md,Structures Index.md,New Readers Start Here/Structures Index.md,yes,.md
Vault Cleanup Report.md,Vault Cleanup Report.md,New Readers Start Here/Vault Cleanup Report.md,yes,.md
Archive Index.md,Archive Index.md,New Readers Start Here/Archive Index.md,yes,.md
Read Me.md,Read Me.md,New Readers Start Here/Read Me.md,yes,.md
Narrative.md,Narrative.md,New Readers Start Here/Narrative.md,yes,.md
Topological Index Map.md,Topological Index Map.md,New Readers Start Here/Topological Index Map.md,yes,.md
Cosmology Atlas - Pleroma Archive.md,Cosmology Atlas - Pleroma Archive.md,New Readers Start Here/Cosmology Atlas - Pleroma Archive.md,yes,.md
Onboarding_Micro_Scenes_v1.md,Onboarding_Micro_Scenes_v1.md,New Readers Start Here/Onboarding_Micro_Scenes_v1.md,yes,.md
Stars Index.md,Stars Index.md,New Readers Start Here/Stars Index.md,yes,.md
New Readers Start Here.md,New Readers Start Here.md,New Readers Start Here/New Readers Start Here.md,yes,.md
Nullity_Ops_v1.0.md,Nullity_Ops_v1.0.md,New Readers Start Here/Nullity_Ops_v1.0.md,yes,.md
Pleroma Archive ΓÇö Chief Archivist Protocol v1.0.md,Pleroma Archive ΓÇö Chief Archivist Protocol v1.0.md,New Readers Start Here/Pleroma Archive ΓÇö Chief Archivist Protocol v1.0.md,yes,.md
Dominion_Critique_Round2_Proposed.md,Dominion_Critique_Round2_Proposed.md,New Readers Start Here/Dominion_Critique_Round2_Proposed.md,yes,.md
Timeline Spine - Pleroma Archive.md,Timeline Spine - Pleroma Archive.md,New Readers Start Here/Timeline Spine - Pleroma Archive.md,yes,.md
Dominion_Critique_Board.md,Dominion_Critique_Board.md,New Readers Start Here/Dominion_Critique_Board.md,yes,.md
Dominion_Glossary_Rail_v1.md,Dominion_Glossary_Rail_v1.md,New Readers Start Here/Dominion_Glossary_Rail_v1.md,yes,.md
MOT_Operations_And_Safety_Dials_v1.md,MOT_Operations_And_Safety_Dials_v1.md,New Readers Start Here/MOT_Operations_And_Safety_Dials_v1.md,yes,.md
II - Companion Narratives.md,II - Companion Narratives/II - Companion Narratives.md,New Readers Start Here/II - Companion Narratives/II - Companion Narratives.md,yes,.md
Coerced Service Systems Codex.md,II - Companion Narratives/Coerced Service Systems Codex.md,New Readers Start Here/II - Companion Narratives/Coerced Service Systems Codex.md,yes,.md
Dominion_Glossary_N.md,VII - Term Glossary/Dominion_Glossary_N.md,New Readers Start Here/VII - Term Glossary/Dominion_Glossary_N.md,yes,.md
Dominion_Glossary_V.md,VII - Term Glossary/Dominion_Glossary_V.md,New Readers Start Here/VII - Term Glossary/Dominion_Glossary_V.md,yes,.md
Dominion_Glossary_J.md,VII - Term Glossary/Dominion_Glossary_J.md,New Readers Start Here/VII - Term Glossary/Dominion_Glossary_J.md,yes,.md
Dominion_Glossary_R.md,VII - Term Glossary/Dominion_Glossary_R.md,New Readers Start Here/VII - Term Glossary/Dominion_Glossary_R.md,yes,.md
Dominion_Glossary_K.md,VII - Term Glossary/Dominion_Glossary_K.md,New Readers Start Here/VII - Term Glossary/Dominion_Glossary_K.md,yes,.md
Dominion_Glossary_S.md,VII - Term Glossary/Dominion_Glossary_S.md,New Readers Start Here/VII - Term Glossary/Dominion_Glossary_S.md,yes,.md
Dominion_Glossary_O.md,VII - Term Glossary/Dominion_Glossary_O.md,New Readers Start Here/VII - Term Glossary/Dominion_Glossary_O.md,yes,.md
Dominion_Glossary_W.md,VII - Term Glossary/Dominion_Glossary_W.md,New Readers Start Here/VII - Term Glossary/Dominion_Glossary_W.md,yes,.md
Dominion_Glossary_D.md,VII - Term Glossary/Dominion_Glossary_D.md,New Readers Start Here/VII - Term Glossary/Dominion_Glossary_D.md,yes,.md
Dominion_Glossary_Other.md,VII - Term Glossary/Dominion_Glossary_Other.md,New Readers Start Here/VII - Term Glossary/Dominion_Glossary_Other.md,yes,.md
Dominion_Glossary_X.md,VII - Term Glossary/Dominion_Glossary_X.md,New Readers Start Here/VII - Term Glossary/Dominion_Glossary_X.md,yes,.md
Dominion_Glossary_A.md,VII - Term Glossary/Dominion_Glossary_A.md,New Readers Start Here/VII - Term Glossary/Dominion_Glossary_A.md,yes,.md
Dominion_Glossary_Y.md,VII - Term Glossary/Dominion_Glossary_Y.md,New Readers Start Here/VII - Term Glossary/Dominion_Glossary_Y.md,yes,.md
Dominion_Glossary_E.md,VII - Term Glossary/Dominion_Glossary_E.md,New Readers Start Here/VII - Term Glossary/Dominion_Glossary_E.md,yes,.md
Dominion_Glossary_B.md,VII - Term Glossary/Dominion_Glossary_B.md,New Readers Start Here/VII - Term Glossary/Dominion_Glossary_B.md,yes,.md
Dominion_Glossary_Z.md,VII - Term Glossary/Dominion_Glossary_Z.md,New Readers Start Here/VII - Term Glossary/Dominion_Glossary_Z.md,yes,.md
Dominion_Glossary_F.md,VII - Term Glossary/Dominion_Glossary_F.md,New Readers Start Here/VII - Term Glossary/Dominion_Glossary_F.md,yes,.md
VII - Term Glossary.md,VII - Term Glossary/VII - Term Glossary.md,New Readers Start Here/VII - Term Glossary/VII - Term Glossary.md,yes,.md
Dominion_Glossary_G.md,VII - Term Glossary/Dominion_Glossary_G.md,New Readers Start Here/VII - Term Glossary/Dominion_Glossary_G.md,yes,.md
Dominion_Glossary_C.md,VII - Term Glossary/Dominion_Glossary_C.md,New Readers Start Here/VII - Term Glossary/Dominion_Glossary_C.md,yes,.md
Dominion_Glossary_H.md,VII - Term Glossary/Dominion_Glossary_H.md,New Readers Start Here/VII - Term Glossary/Dominion_Glossary_H.md,yes,.md
Dominion_Glossary_P.md,VII - Term Glossary/Dominion_Glossary_P.md,New Readers Start Here/VII - Term Glossary/Dominion_Glossary_P.md,yes,.md
Dominion_Glossary_L.md,VII - Term Glossary/Dominion_Glossary_L.md,New Readers Start Here/VII - Term Glossary/Dominion_Glossary_L.md,yes,.md
Dominion_Glossary_T.md,VII - Term Glossary/Dominion_Glossary_T.md,New Readers Start Here/VII - Term Glossary/Dominion_Glossary_T.md,yes,.md
Dominion_Glossary_M.md,VII - Term Glossary/Dominion_Glossary_M.md,New Readers Start Here/VII - Term Glossary/Dominion_Glossary_M.md,yes,.md
Dominion_Glossary_U.md,VII - Term Glossary/Dominion_Glossary_U.md,New Readers Start Here/VII - Term Glossary/Dominion_Glossary_U.md,yes,.md
Dominion_Glossary_I.md,VII - Term Glossary/Dominion_Glossary_I.md,New Readers Start Here/VII - Term Glossary/Dominion_Glossary_I.md,yes,.md
Dominion_Glossary_Q.md,VII - Term Glossary/Dominion_Glossary_Q.md,New Readers Start Here/VII - Term Glossary/Dominion_Glossary_Q.md,yes,.md
Shapeshifters.md,V - Beast Chronicles/Shapeshifters.md,New Readers Start Here/V - Beast Chronicles/Shapeshifters.md,yes,.md
V - Beast Chronicles.md,V - Beast Chronicles/V - Beast Chronicles.md,New Readers Start Here/V - Beast Chronicles/V - Beast Chronicles.md,yes,.md
Transcendent__III - Arcanum Omniversalis__fee3186a.md,III - Arcanum Omniversalis/Transcendent.md,New Readers Start Here/III - Arcanum Omniversalis/Transcendent.md,yes,.md
Interfaces of Magic__III - Arcanum Omniversalis__172208f9.md,III - Arcanum Omniversalis/Interfaces of Magic.md,New Readers Start Here/III - Arcanum Omniversalis/Interfaces of Magic.md,yes,.md
Slika.md,III - Arcanum Omniversalis/Slika.md,New Readers Start Here/III - Arcanum Omniversalis/Slika.md,yes,.md
Lore References.md,III - Arcanum Omniversalis/Lore References.md,New Readers Start Here/III - Arcanum Omniversalis/Lore References.md,yes,.md
III - Arcanum Omniversalis.md,III - Arcanum Omniversalis/III - Arcanum Omniversalis.md,New Readers Start Here/III - Arcanum Omniversalis/III - Arcanum Omniversalis.md,yes,.md
Flask System__III - Arcanum Omniversalis__fdc972f5.md,III - Arcanum Omniversalis/Flask System.md,New Readers Start Here/III - Arcanum Omniversalis/Flask System.md,yes,.md
Taxonomy__III - Arcanum Omniversalis__52757fef.md,III - Arcanum Omniversalis/Taxonomy.md,New Readers Start Here/III - Arcanum Omniversalis/Taxonomy.md,yes,.md
I - Pleroma Archive.md,I - Pleroma Archive/I - Pleroma Archive.md,New Readers Start Here/I - Pleroma Archive/I - Pleroma Archive.md,yes,.md
Omniverse Structure.canvas,I - Pleroma Archive/Omniverse Structure.canvas,New Readers Start Here/I - Pleroma Archive/Omniverse Structure.canvas,no,.canvas
On the Nature of Planes.md,IV - Cosmologia Omniversalis/On the Nature of Planes.md,New Readers Start Here/IV - Cosmologia Omniversalis/On the Nature of Planes.md,yes,.md
The Between Realms.md,IV - Cosmologia Omniversalis/The Between Realms.md,New Readers Start Here/IV - Cosmologia Omniversalis/The Between Realms.md,yes,.md
IV - Cosmologia Omniversalis.md,IV - Cosmologia Omniversalis/IV - Cosmologia Omniversalis.md,New Readers Start Here/IV - Cosmologia Omniversalis/IV - Cosmologia Omniversalis.md,yes,.md
Part 1.md,VI - Q&A/Part 1.md,New Readers Start Here/VI - Q&A/Part 1.md,yes,.md
Many Worlds.md,VI - Q&A/Many Worlds.md,New Readers Start Here/VI - Q&A/Many Worlds.md,yes,.md
Advanced Cosmology FAQ Guide.md,VI - Q&A/Advanced Cosmology FAQ Guide.md,New Readers Start Here/VI - Q&A/Advanced Cosmology FAQ Guide.md,yes,.md
Boundary__VI - Q_A__45ed7e4a.md,VI - Q&A/Boundary.md,New Readers Start Here/VI - Q&A/Boundary.md,yes,.md
VI - Q&A.md,VI - Q&A/VI - Q&A.md,New Readers Start Here/VI - Q&A/VI - Q&A.md,yes,.md
Timeline FAQ.md,VI - Q&A/Timeline FAQ.md,New Readers Start Here/VI - Q&A/Timeline FAQ.md,yes,.md
New Reader FAQ.md,VI - Q&A/New Reader FAQ.md,New Readers Start Here/VI - Q&A/New Reader FAQ.md,yes,.md
Archive and Canon FAQ.md,VI - Q&A/Archive and Canon FAQ.md,New Readers Start Here/VI - Q&A/Archive and Canon FAQ.md,yes,.md
Reality Altering.md,VI - Q&A/Reality Altering.md,New Readers Start Here/VI - Q&A/Reality Altering.md,yes,.md
Confluencia.md,VI - Q&A/Confluencia.md,New Readers Start Here/VI - Q&A/Confluencia.md,yes,.md
World Orientation FAQ.md,VI - Q&A/World Orientation FAQ.md,New Readers Start Here/VI - Q&A/World Orientation FAQ.md,yes,.md
Axiomatic Stability.md,VI - Q&A/Axiomatic Stability.md,New Readers Start Here/VI - Q&A/Axiomatic Stability.md,yes,.md
Reading Order FAQ.md,VI - Q&A/Reading Order FAQ.md,New Readers Start Here/VI - Q&A/Reading Order FAQ.md,yes,.md
The Redemption of Malice.md,II - Companion Narratives/The Book of Grace and Malice/The Redemption of Malice.md,New Readers Start Here/II - Companion Narratives/The Book of Grace and Malice/The Redemption of Malice.md,yes,.md
The Sundering of Grace.md,II - Companion Narratives/The Book of Grace and Malice/The Sundering of Grace.md,New Readers Start Here/II - Companion Narratives/The Book of Grace and Malice/The Sundering of Grace.md,yes,.md
The Book of Grace and Malice.md,II - Companion Narratives/The Book of Grace and Malice/The Book of Grace and Malice.md,New Readers Start Here/II - Companion Narratives/The Book of Grace and Malice/The Book of Grace and Malice.md,yes,.md
Book of the Grace of Redemption.md,II - Companion Narratives/The Book of Grace and Malice/Book of the Grace of Redemption.md,New Readers Start Here/II - Companion Narratives/The Book of Grace and Malice/Book of the Grace of Redemption.md,yes,.md
Syl'Cothan Dominion.md,II - Companion Narratives/Syl'Cothan Dominion/Syl'Cothan Dominion.md,New Readers Start Here/II - Companion Narratives/Syl'Cothan Dominion/Syl'Cothan Dominion.md,yes,.md
Lithic Manuscripts - Terra and Sol.md,II - Companion Narratives/Syl'Cothan Dominion/Lithic Manuscripts - Terra and Sol.md,New Readers Start Here/II - Companion Narratives/Syl'Cothan Dominion/Lithic Manuscripts - Terra and Sol.md,yes,.md
Quetzalcoatl.md,V - Beast Chronicles/Draconic/Quetzalcoatl.md,New Readers Start Here/V - Beast Chronicles/Draconic/Quetzalcoatl.md,yes,.md
Roc.md,V - Beast Chronicles/Mythic/Roc.md,New Readers Start Here/V - Beast Chronicles/Mythic/Roc.md,yes,.md
Shoggoths.md,V - Beast Chronicles/Mythic/Shoggoths.md,New Readers Start Here/V - Beast Chronicles/Mythic/Shoggoths.md,yes,.md
Hippocampi.md,V - Beast Chronicles/Mythic/Hippocampi.md,New Readers Start Here/V - Beast Chronicles/Mythic/Hippocampi.md,yes,.md
Thunderbird.md,V - Beast Chronicles/Mythic/Thunderbird.md,New Readers Start Here/V - Beast Chronicles/Mythic/Thunderbird.md,yes,.md
Hippogriffs.md,V - Beast Chronicles/Mythic/Hippogriffs.md,New Readers Start Here/V - Beast Chronicles/Mythic/Hippogriffs.md,yes,.md
Sleipnir.md,V - Beast Chronicles/Mythic/Sleipnir.md,New Readers Start Here/V - Beast Chronicles/Mythic/Sleipnir.md,yes,.md
Sphinxes.md,V - Beast Chronicles/Mythic/Sphinxes.md,New Readers Start Here/V - Beast Chronicles/Mythic/Sphinxes.md,yes,.md
Phoenixes.md,V - Beast Chronicles/Mythic/Phoenixes.md,New Readers Start Here/V - Beast Chronicles/Mythic/Phoenixes.md,yes,.md
Manticores.md,V - Beast Chronicles/Mythic/Manticores.md,New Readers Start Here/V - Beast Chronicles/Mythic/Manticores.md,yes,.md
Gorgons.md,V - Beast Chronicles/Mythic/Gorgons.md,New Readers Start Here/V - Beast Chronicles/Mythic/Gorgons.md,yes,.md
Aboleths.md,V - Beast Chronicles/Mythic/Aboleths.md,New Readers Start Here/V - Beast Chronicles/Mythic/Aboleths.md,yes,.md
Qilin.md,V - Beast Chronicles/Mythic/Qilin.md,New Readers Start Here/V - Beast Chronicles/Mythic/Qilin.md,yes,.md
Owlbears.md,V - Beast Chronicles/Mythic/Owlbears.md,New Readers Start Here/V - Beast Chronicles/Mythic/Owlbears.md,yes,.md
Catoblepas.md,V - Beast Chronicles/Mythic/Catoblepas.md,New Readers Start Here/V - Beast Chronicles/Mythic/Catoblepas.md,yes,.md
Lamia.md,V - Beast Chronicles/Mythic/Lamia.md,New Readers Start Here/V - Beast Chronicles/Mythic/Lamia.md,yes,.md
Pegasi.md,V - Beast Chronicles/Mythic/Pegasi.md,New Readers Start Here/V - Beast Chronicles/Mythic/Pegasi.md,yes,.md
Perytons.md,V - Beast Chronicles/Mythic/Perytons.md,New Readers Start Here/V - Beast Chronicles/Mythic/Perytons.md,yes,.md
Kirin.md,V - Beast Chronicles/Mythic/Kirin.md,New Readers Start Here/V - Beast Chronicles/Mythic/Kirin.md,yes,.md
Hideauze.md,V - Beast Chronicles/Mythic/Hideauze.md,New Readers Start Here/V - Beast Chronicles/Mythic/Hideauze.md,yes,.md
Wights.md,V - Beast Chronicles/Undead & Constructs/Wights.md,New Readers Start Here/V - Beast Chronicles/Undead & Constructs/Wights.md,yes,.md
Zombies.md,V - Beast Chronicles/Undead & Constructs/Zombies.md,New Readers Start Here/V - Beast Chronicles/Undead & Constructs/Zombies.md,yes,.md
Poltergeists.md,V - Beast Chronicles/Undead & Constructs/Poltergeists.md,New Readers Start Here/V - Beast Chronicles/Undead & Constructs/Poltergeists.md,yes,.md
Bone Nagas.md,V - Beast Chronicles/Undead & Constructs/Bone Nagas.md,New Readers Start Here/V - Beast Chronicles/Undead & Constructs/Bone Nagas.md,yes,.md
The Empty__Undead _ Constructs__2f1d179e.md,V - Beast Chronicles/Undead & Constructs/The Empty.md,New Readers Start Here/V - Beast Chronicles/Undead & Constructs/The Empty.md,yes,.md
Reapers.md,V - Beast Chronicles/Undead & Constructs/Reapers.md,New Readers Start Here/V - Beast Chronicles/Undead & Constructs/Reapers.md,yes,.md
Clickers.md,V - Beast Chronicles/Undead & Constructs/Clickers.md,New Readers Start Here/V - Beast Chronicles/Undead & Constructs/Clickers.md,yes,.md
Skeletons.md,V - Beast Chronicles/Undead & Constructs/Skeletons.md,New Readers Start Here/V - Beast Chronicles/Undead & Constructs/Skeletons.md,yes,.md
Ghosts.md,V - Beast Chronicles/Undead & Constructs/Ghosts.md,New Readers Start Here/V - Beast Chronicles/Undead & Constructs/Ghosts.md,yes,.md
Death Omens.md,V - Beast Chronicles/Undead & Constructs/Death Omens.md,New Readers Start Here/V - Beast Chronicles/Undead & Constructs/Death Omens.md,yes,.md
Jiangshi.md,V - Beast Chronicles/Undead & Constructs/Jiangshi.md,New Readers Start Here/V - Beast Chronicles/Undead & Constructs/Jiangshi.md,yes,.md
Liches.md,V - Beast Chronicles/Undead & Constructs/Liches.md,New Readers Start Here/V - Beast Chronicles/Undead & Constructs/Liches.md,yes,.md
Draugr.md,V - Beast Chronicles/Undead & Constructs/Draugr.md,New Readers Start Here/V - Beast Chronicles/Undead & Constructs/Draugr.md,yes,.md
Deathless Spirits.md,V - Beast Chronicles/Undead & Constructs/Deathless Spirits.md,New Readers Start Here/V - Beast Chronicles/Undead & Constructs/Deathless Spirits.md,yes,.md
Wraiths.md,V - Beast Chronicles/Undead & Constructs/Wraiths.md,New Readers Start Here/V - Beast Chronicles/Undead & Constructs/Wraiths.md,yes,.md
Revenants.md,V - Beast Chronicles/Undead & Constructs/Revenants.md,New Readers Start Here/V - Beast Chronicles/Undead & Constructs/Revenants.md,yes,.md
Barrow-Wights.md,V - Beast Chronicles/Undead & Constructs/Barrow-Wights.md,New Readers Start Here/V - Beast Chronicles/Undead & Constructs/Barrow-Wights.md,yes,.md
Specters.md,V - Beast Chronicles/Undead & Constructs/Specters.md,New Readers Start Here/V - Beast Chronicles/Undead & Constructs/Specters.md,yes,.md
Ghouls.md,V - Beast Chronicles/Undead & Constructs/Ghouls.md,New Readers Start Here/V - Beast Chronicles/Undead & Constructs/Ghouls.md,yes,.md
Onirokinesis Spirits.md,V - Beast Chronicles/Undead & Constructs/Onirokinesis Spirits.md,New Readers Start Here/V - Beast Chronicles/Undead & Constructs/Onirokinesis Spirits.md,yes,.md
Death Echo.md,V - Beast Chronicles/Undead & Constructs/Death Echo.md,New Readers Start Here/V - Beast Chronicles/Undead & Constructs/Death Echo.md,yes,.md
Dullahan.md,V - Beast Chronicles/Undead & Constructs/Dullahan.md,New Readers Start Here/V - Beast Chronicles/Undead & Constructs/Dullahan.md,yes,.md
Fenrir.md,V - Beast Chronicles/Legendary Beasts/Fenrir.md,New Readers Start Here/V - Beast Chronicles/Legendary Beasts/Fenrir.md,yes,.md
Behemoth.md,V - Beast Chronicles/Legendary Beasts/Behemoth.md,New Readers Start Here/V - Beast Chronicles/Legendary Beasts/Behemoth.md,yes,.md
Legendary Beasts.md,V - Beast Chronicles/Legendary Beasts/Legendary Beasts.md,New Readers Start Here/V - Beast Chronicles/Legendary Beasts/Legendary Beasts.md,yes,.md
Leviathan.md,V - Beast Chronicles/Legendary Beasts/Leviathan.md,New Readers Start Here/V - Beast Chronicles/Legendary Beasts/Leviathan.md,yes,.md
Ziz.md,V - Beast Chronicles/Legendary Beasts/Ziz.md,New Readers Start Here/V - Beast Chronicles/Legendary Beasts/Ziz.md,yes,.md
Cerberus.md,V - Beast Chronicles/Legendary Beasts/Cerberus.md,New Readers Start Here/V - Beast Chronicles/Legendary Beasts/Cerberus.md,yes,.md
Primordials.md,V - Beast Chronicles/Elementals & Primals/Primordials.md,New Readers Start Here/V - Beast Chronicles/Elementals & Primals/Primordials.md,yes,.md
Salamanders.md,V - Beast Chronicles/Elementals & Primals/Salamanders.md,New Readers Start Here/V - Beast Chronicles/Elementals & Primals/Salamanders.md,yes,.md
Marid.md,V - Beast Chronicles/Elementals & Primals/Marid.md,New Readers Start Here/V - Beast Chronicles/Elementals & Primals/Marid.md,yes,.md
Elementals & Primals.md,V - Beast Chronicles/Elementals & Primals/Elementals & Primals.md,New Readers Start Here/V - Beast Chronicles/Elementals & Primals/Elementals & Primals.md,yes,.md
Elemental Colossi.md,V - Beast Chronicles/Elementals & Primals/Elemental Colossi.md,New Readers Start Here/V - Beast Chronicles/Elementals & Primals/Elemental Colossi.md,yes,.md
Efreeti.md,V - Beast Chronicles/Elementals & Primals/Efreeti.md,New Readers Start Here/V - Beast Chronicles/Elementals & Primals/Efreeti.md,yes,.md
Ifrit.md,V - Beast Chronicles/Elementals & Primals/Ifrit.md,New Readers Start Here/V - Beast Chronicles/Elementals & Primals/Ifrit.md,yes,.md
Sylphs.md,V - Beast Chronicles/Elementals & Primals/Sylphs.md,New Readers Start Here/V - Beast Chronicles/Elementals & Primals/Sylphs.md,yes,.md
Titans__Elementals _ Primals__d2cf6da3.md,V - Beast Chronicles/Elementals & Primals/Titans.md,New Readers Start Here/V - Beast Chronicles/Elementals & Primals/Titans.md,yes,.md
Djinn.md,V - Beast Chronicles/Elementals & Primals/Djinn.md,New Readers Start Here/V - Beast Chronicles/Elementals & Primals/Djinn.md,yes,.md
Undines.md,V - Beast Chronicles/Elementals & Primals/Undines.md,New Readers Start Here/V - Beast Chronicles/Elementals & Primals/Undines.md,yes,.md
Possession Framework.md,V - Beast Chronicles/Celestial & Infernal/Possession Framework.md,New Readers Start Here/V - Beast Chronicles/Celestial & Infernal/Possession Framework.md,yes,.md
Ettins.md,V - Beast Chronicles/Giantkin & Beastfolk/Ettins.md,New Readers Start Here/V - Beast Chronicles/Giantkin & Beastfolk/Ettins.md,yes,.md
Jo╠êtunn.md,V - Beast Chronicles/Giantkin & Beastfolk/Jo╠êtunn.md,New Readers Start Here/V - Beast Chronicles/Giantkin & Beastfolk/Jo╠êtunn.md,yes,.md
Cyclopes.md,V - Beast Chronicles/Giantkin & Beastfolk/Cyclopes.md,New Readers Start Here/V - Beast Chronicles/Giantkin & Beastfolk/Cyclopes.md,yes,.md
Fomorians.md,V - Beast Chronicles/Giantkin & Beastfolk/Fomorians.md,New Readers Start Here/V - Beast Chronicles/Giantkin & Beastfolk/Fomorians.md,yes,.md
Rugaru.md,V - Beast Chronicles/Giantkin & Beastfolk/Rugaru.md,New Readers Start Here/V - Beast Chronicles/Giantkin & Beastfolk/Rugaru.md,yes,.md
Beastfolk.md,V - Beast Chronicles/Mortal-Near Mortal/Beastfolk.md,New Readers Start Here/V - Beast Chronicles/Mortal-Near Mortal/Beastfolk.md,yes,.md
Kitsune.md,V - Beast Chronicles/Mortal-Near Mortal/Kitsune.md,New Readers Start Here/V - Beast Chronicles/Mortal-Near Mortal/Kitsune.md,yes,.md
Nephilim.md,V - Beast Chronicles/Mortal-Near Mortal/Nephilim.md,New Readers Start Here/V - Beast Chronicles/Mortal-Near Mortal/Nephilim.md,yes,.md
Tengu.md,V - Beast Chronicles/Mortal-Near Mortal/Tengu.md,New Readers Start Here/V - Beast Chronicles/Mortal-Near Mortal/Tengu.md,yes,.md
Giants.md,V - Beast Chronicles/Mortal-Near Mortal/Giants.md,New Readers Start Here/V - Beast Chronicles/Mortal-Near Mortal/Giants.md,yes,.md
Skinwalkers.md,V - Beast Chronicles/Mortal-Near Mortal/Skinwalkers.md,New Readers Start Here/V - Beast Chronicles/Mortal-Near Mortal/Skinwalkers.md,yes,.md
Humans.md,V - Beast Chronicles/Mortal-Near Mortal/Humans.md,New Readers Start Here/V - Beast Chronicles/Mortal-Near Mortal/Humans.md,yes,.md
Cambions.md,V - Beast Chronicles/Mortal-Near Mortal/Cambions.md,New Readers Start Here/V - Beast Chronicles/Mortal-Near Mortal/Cambions.md,yes,.md
Nagual.md,V - Beast Chronicles/Mortal-Near Mortal/Nagual.md,New Readers Start Here/V - Beast Chronicles/Mortal-Near Mortal/Nagual.md,yes,.md
Elemental-Blooded.md,V - Beast Chronicles/Mortal-Near Mortal/Elemental-Blooded.md,New Readers Start Here/V - Beast Chronicles/Mortal-Near Mortal/Elemental-Blooded.md,yes,.md
Selkies.md,V - Beast Chronicles/Mortal-Near Mortal/Selkies.md,New Readers Start Here/V - Beast Chronicles/Mortal-Near Mortal/Selkies.md,yes,.md
Khan worms.md,V - Beast Chronicles/Monstrous Predators/Khan worms.md,New Readers Start Here/V - Beast Chronicles/Monstrous Predators/Khan worms.md,yes,.md
Alphas.md,V - Beast Chronicles/Monstrous Predators/Alphas.md,New Readers Start Here/V - Beast Chronicles/Monstrous Predators/Alphas.md,yes,.md
Kraken.md,V - Beast Chronicles/Monstrous Predators/Kraken.md,New Readers Start Here/V - Beast Chronicles/Monstrous Predators/Kraken.md,yes,.md
Oozes & Slimes.md,V - Beast Chronicles/Monstrous Predators/Oozes & Slimes.md,New Readers Start Here/V - Beast Chronicles/Monstrous Predators/Oozes & Slimes.md,yes,.md
Adaro.md,V - Beast Chronicles/Monstrous Predators/Adaro.md,New Readers Start Here/V - Beast Chronicles/Monstrous Predators/Adaro.md,yes,.md
Wendigo.md,V - Beast Chronicles/Monstrous Predators/Wendigo.md,New Readers Start Here/V - Beast Chronicles/Monstrous Predators/Wendigo.md,yes,.md
Taniwha.md,V - Beast Chronicles/Monstrous Predators/Taniwha.md,New Readers Start Here/V - Beast Chronicles/Monstrous Predators/Taniwha.md,yes,.md
Monstrous Predators.md,V - Beast Chronicles/Monstrous Predators/Monstrous Predators.md,New Readers Start Here/V - Beast Chronicles/Monstrous Predators/Monstrous Predators.md,yes,.md
Khanspawn.md,V - Beast Chronicles/Monstrous Predators/Khanspawn.md,New Readers Start Here/V - Beast Chronicles/Monstrous Predators/Khanspawn.md,yes,.md
Sea Serpents.md,V - Beast Chronicles/Monstrous Predators/Sea Serpents.md,New Readers Start Here/V - Beast Chronicles/Monstrous Predators/Sea Serpents.md,yes,.md
Bulette.md,V - Beast Chronicles/Monstrous Predators/Bulette.md,New Readers Start Here/V - Beast Chronicles/Monstrous Predators/Bulette.md,yes,.md
Chupacabra.md,V - Beast Chronicles/Monstrous Predators/Chupacabra.md,New Readers Start Here/V - Beast Chronicles/Monstrous Predators/Chupacabra.md,yes,.md
Changelings.md,V - Beast Chronicles/Fey & Nature/Changelings.md,New Readers Start Here/V - Beast Chronicles/Fey & Nature/Changelings.md,yes,.md
Pale Man.md,V - Beast Chronicles/Fey & Nature/Pale Man.md,New Readers Start Here/V - Beast Chronicles/Fey & Nature/Pale Man.md,yes,.md
Kobolds.md,V - Beast Chronicles/Fey & Nature/Kobolds.md,New Readers Start Here/V - Beast Chronicles/Fey & Nature/Kobolds.md,yes,.md
Boggarts.md,V - Beast Chronicles/Fey & Nature/Boggarts.md,New Readers Start Here/V - Beast Chronicles/Fey & Nature/Boggarts.md,yes,.md
Leshy.md,V - Beast Chronicles/Fey & Nature/Leshy.md,New Readers Start Here/V - Beast Chronicles/Fey & Nature/Leshy.md,yes,.md
Redcaps.md,V - Beast Chronicles/Fey & Nature/Redcaps.md,New Readers Start Here/V - Beast Chronicles/Fey & Nature/Redcaps.md,yes,.md
Domovoi.md,V - Beast Chronicles/Fey & Nature/Domovoi.md,New Readers Start Here/V - Beast Chronicles/Fey & Nature/Domovoi.md,yes,.md
Divine magic.md,III - Arcanum Omniversalis/Domains/Divine magic.md,New Readers Start Here/III - Arcanum Omniversalis/Domains/Divine magic.md,yes,.md
Soul Engineering & Manufacturing.md,III - Arcanum Omniversalis/Domains/Soul Engineering & Manufacturing.md,New Readers Start Here/III - Arcanum Omniversalis/Domains/Soul Engineering & Manufacturing.md,yes,.md
Cosmos Magic.md,III - Arcanum Omniversalis/Domains/Cosmos Magic.md,New Readers Start Here/III - Arcanum Omniversalis/Domains/Cosmos Magic.md,yes,.md
Creation magic.md,III - Arcanum Omniversalis/Domains/Creation magic.md,New Readers Start Here/III - Arcanum Omniversalis/Domains/Creation magic.md,yes,.md
Necrosis Magic.md,III - Arcanum Omniversalis/Domains/Necrosis Magic.md,New Readers Start Here/III - Arcanum Omniversalis/Domains/Necrosis Magic.md,yes,.md
Blood Magic.md,III - Arcanum Omniversalis/Domains/Blood Magic.md,New Readers Start Here/III - Arcanum Omniversalis/Domains/Blood Magic.md,yes,.md
Vitality magic.md,III - Arcanum Omniversalis/Domains/Vitality magic.md,New Readers Start Here/III - Arcanum Omniversalis/Domains/Vitality magic.md,yes,.md
Annihilation magic.md,III - Arcanum Omniversalis/Domains/Annihilation magic.md,New Readers Start Here/III - Arcanum Omniversalis/Domains/Annihilation magic.md,yes,.md
Domination magic.md,III - Arcanum Omniversalis/Domains/Domination magic.md,New Readers Start Here/III - Arcanum Omniversalis/Domains/Domination magic.md,yes,.md
Protection Magic.md,III - Arcanum Omniversalis/Domains/Protection Magic.md,New Readers Start Here/III - Arcanum Omniversalis/Domains/Protection Magic.md,yes,.md
Axiomatic Warping magic.md,III - Arcanum Omniversalis/Domains/Axiomatic Warping magic.md,New Readers Start Here/III - Arcanum Omniversalis/Domains/Axiomatic Warping magic.md,yes,.md
Domains.md,III - Arcanum Omniversalis/Domains/Domains.md,New Readers Start Here/III - Arcanum Omniversalis/Domains/Domains.md,yes,.md
Words of Power.md,III - Arcanum Omniversalis/Domains/Words of Power.md,New Readers Start Here/III - Arcanum Omniversalis/Domains/Words of Power.md,yes,.md
Binding magic.md,III - Arcanum Omniversalis/Domains/Binding magic.md,New Readers Start Here/III - Arcanum Omniversalis/Domains/Binding magic.md,yes,.md
Illusion Magic.md,III - Arcanum Omniversalis/Domains/Illusion Magic.md,New Readers Start Here/III - Arcanum Omniversalis/Domains/Illusion Magic.md,yes,.md
Alteration magic.md,III - Arcanum Omniversalis/Domains/Alteration magic.md,New Readers Start Here/III - Arcanum Omniversalis/Domains/Alteration magic.md,yes,.md
Mythopoeia magic.md,III - Arcanum Omniversalis/Domains/Mythopoeia magic.md,New Readers Start Here/III - Arcanum Omniversalis/Domains/Mythopoeia magic.md,yes,.md
Revelation magic.md,III - Arcanum Omniversalis/Domains/Revelation magic.md,New Readers Start Here/III - Arcanum Omniversalis/Domains/Revelation magic.md,yes,.md
Motion magic.md,III - Arcanum Omniversalis/Domains/Motion magic.md,New Readers Start Here/III - Arcanum Omniversalis/Domains/Motion magic.md,yes,.md
Arcane Periodic Tables.md,III - Arcanum Omniversalis/Arcane Periodic Tables/Arcane Periodic Tables.md,New Readers Start Here/III - Arcanum Omniversalis/Arcane Periodic Tables/Arcane Periodic Tables.md,yes,.md
Concord Elements.md,III - Arcanum Omniversalis/Arcane Periodic Tables/Concord Elements.md,New Readers Start Here/III - Arcanum Omniversalis/Arcane Periodic Tables/Concord Elements.md,yes,.md
Arcane Mineral Codex.md,III - Arcanum Omniversalis/Arcane Periodic Tables/Arcane Mineral Codex.md,New Readers Start Here/III - Arcanum Omniversalis/Arcane Periodic Tables/Arcane Mineral Codex.md,yes,.md
Arcane Method.md,III - Arcanum Omniversalis/Arcane Periodic Tables/Arcane Method.md,New Readers Start Here/III - Arcanum Omniversalis/Arcane Periodic Tables/Arcane Method.md,yes,.md
Arcane Metallurgy Codex.md,III - Arcanum Omniversalis/Arcane Periodic Tables/Arcane Metallurgy Codex.md,New Readers Start Here/III - Arcanum Omniversalis/Arcane Periodic Tables/Arcane Metallurgy Codex.md,yes,.md
Universal Magic Architecture.md,III - Arcanum Omniversalis/Universal Magic Architecture/Universal Magic Architecture.md,New Readers Start Here/III - Arcanum Omniversalis/Universal Magic Architecture/Universal Magic Architecture.md,yes,.md
Transcendent__Universal Magic Architecture__d95a5c9a.md,III - Arcanum Omniversalis/Universal Magic Architecture/Transcendent.md,New Readers Start Here/III - Arcanum Omniversalis/Universal Magic Architecture/Transcendent.md,yes,.md
Interfaces of Magic__Universal Magic Architecture__1ddf51a5.md,III - Arcanum Omniversalis/Universal Magic Architecture/Interfaces of Magic.md,New Readers Start Here/III - Arcanum Omniversalis/Universal Magic Architecture/Interfaces of Magic.md,yes,.md
Layers.md,III - Arcanum Omniversalis/Universal Magic Architecture/Layers.md,New Readers Start Here/III - Arcanum Omniversalis/Universal Magic Architecture/Layers.md,yes,.md
Flask System__Universal Magic Architecture__34846344.md,III - Arcanum Omniversalis/Universal Magic Architecture/Flask System.md,New Readers Start Here/III - Arcanum Omniversalis/Universal Magic Architecture/Flask System.md,yes,.md
Taxonomy__Universal Magic Architecture__ae070066.md,III - Arcanum Omniversalis/Universal Magic Architecture/Taxonomy.md,New Readers Start Here/III - Arcanum Omniversalis/Universal Magic Architecture/Taxonomy.md,yes,.md
Reagents.md,III - Arcanum Omniversalis/Alchemy Reagent Table/Reagents.md,New Readers Start Here/III - Arcanum Omniversalis/Alchemy Reagent Table/Reagents.md,yes,.md
I - Dominion Omniverse.md,I - Pleroma Archive/I - Dominion Omniverse/I - Dominion Omniverse.md,New Readers Start Here/I - Pleroma Archive/I - Dominion Omniverse/I - Dominion Omniverse.md,yes,.md
Intention Drives.md,I - Pleroma Archive/Knowledge/Intention Drives.md,New Readers Start Here/I - Pleroma Archive/Knowledge/Intention Drives.md,yes,.md
Anchor Handshake & Quarantine.md,I - Pleroma Archive/Knowledge/Anchor Handshake & Quarantine.md,New Readers Start Here/I - Pleroma Archive/Knowledge/Anchor Handshake & Quarantine.md,yes,.md
Radiator Neutrality.md,I - Pleroma Archive/Knowledge/Radiator Neutrality.md,New Readers Start Here/I - Pleroma Archive/Knowledge/Radiator Neutrality.md,yes,.md
Verse Collision Field.md,I - Pleroma Archive/Knowledge/Verse Collision Field.md,New Readers Start Here/I - Pleroma Archive/Knowledge/Verse Collision Field.md,yes,.md
Axiom Fields.md,I - Pleroma Archive/Knowledge/Axiom Fields.md,New Readers Start Here/I - Pleroma Archive/Knowledge/Axiom Fields.md,yes,.md
Anomalous Sciences.md,I - Pleroma Archive/Knowledge/Anomalous Sciences.md,New Readers Start Here/I - Pleroma Archive/Knowledge/Anomalous Sciences.md,yes,.md
Axiom Anchors.md,I - Pleroma Archive/Knowledge/Axiom Anchors.md,New Readers Start Here/I - Pleroma Archive/Knowledge/Axiom Anchors.md,yes,.md
Axioms.md,I - Pleroma Archive/Knowledge/Axioms.md,New Readers Start Here/I - Pleroma Archive/Knowledge/Axioms.md,yes,.md
Tiered Reader Path - Pleroma Archive.md,I - Pleroma Archive/_Pleroma Archive Management/Tiered Reader Path - Pleroma Archive.md,New Readers Start Here/I - Pleroma Archive/_Pleroma Archive Management/Tiered Reader Path - Pleroma Archive.md,yes,.md
Public Reader Path - Pleroma Archive.md,I - Pleroma Archive/_Pleroma Archive Management/Public Reader Path - Pleroma Archive.md,New Readers Start Here/I - Pleroma Archive/_Pleroma Archive Management/Public Reader Path - Pleroma Archive.md,yes,.md
Metadata Properties Completion Report - 2026-06-19.md,I - Pleroma Archive/_Pleroma Archive Management/Metadata Properties Completion Report - 2026-06-19.md,New Readers Start Here/I - Pleroma Archive/_Pleroma Archive Management/Metadata Properties Completion Report - 2026-06-19.md,yes,.md
Cosmologia Omniversalis.md,I - Pleroma Archive/Singular Relics/Cosmologia Omniversalis.md,New Readers Start Here/I - Pleroma Archive/Singular Relics/Cosmologia Omniversalis.md,yes,.md
The Throne Unoccupied.md,I - Pleroma Archive/Singular Relics/The Throne Unoccupied.md,New Readers Start Here/I - Pleroma Archive/Singular Relics/The Throne Unoccupied.md,yes,.md
Codex Null.md,I - Pleroma Archive/Singular Relics/Codex Null.md,New Readers Start Here/I - Pleroma Archive/Singular Relics/Codex Null.md,yes,.md
Arcanum Omniversalis.md,I - Pleroma Archive/Singular Relics/Arcanum Omniversalis.md,New Readers Start Here/I - Pleroma Archive/Singular Relics/Arcanum Omniversalis.md,yes,.md
Liber Terminus.md,I - Pleroma Archive/Singular Relics/Liber Terminus.md,New Readers Start Here/I - Pleroma Archive/Singular Relics/Liber Terminus.md,yes,.md
The witness engine.md,I - Pleroma Archive/Singular Relics/The witness engine.md,New Readers Start Here/I - Pleroma Archive/Singular Relics/The witness engine.md,yes,.md
The First Blade.md,I - Pleroma Archive/Singular Relics/The First Blade.md,New Readers Start Here/I - Pleroma Archive/Singular Relics/The First Blade.md,yes,.md
Chasms of Negation.md,IV - Cosmologia Omniversalis/Realms/Chasms of Negation.md,New Readers Start Here/IV - Cosmologia Omniversalis/Realms/Chasms of Negation.md,yes,.md
Apocryphatea.md,IV - Cosmologia Omniversalis/Realms/Apocryphatea.md,New Readers Start Here/IV - Cosmologia Omniversalis/Realms/Apocryphatea.md,yes,.md
Refractionis.md,IV - Cosmologia Omniversalis/Realms/Refractionis.md,New Readers Start Here/IV - Cosmologia Omniversalis/Realms/Refractionis.md,yes,.md
R'lyeh's Maw.md,IV - Cosmologia Omniversalis/Realms/R'lyeh's Maw.md,New Readers Start Here/IV - Cosmologia Omniversalis/Realms/R'lyeh's Maw.md,yes,.md
The Stillness.md,IV - Cosmologia Omniversalis/Realms/The Stillness.md,New Readers Start Here/IV - Cosmologia Omniversalis/Realms/The Stillness.md,yes,.md
Purgatoria.md,IV - Cosmologia Omniversalis/Realms/Purgatoria.md,New Readers Start Here/IV - Cosmologia Omniversalis/Realms/Purgatoria.md,yes,.md
The Waiting Word.md,II - Companion Narratives/Syl'Cothan Dominion/Short Stories/The Waiting Word.md,New Readers Start Here/II - Companion Narratives/Syl'Cothan Dominion/Short Stories/The Waiting Word.md,yes,.md
The Wall of Ash.md,II - Companion Narratives/Syl'Cothan Dominion/Short Stories/The Wall of Ash.md,New Readers Start Here/II - Companion Narratives/Syl'Cothan Dominion/Short Stories/The Wall of Ash.md,yes,.md
The Names of the Wall.md,II - Companion Narratives/Syl'Cothan Dominion/Short Stories/The Names of the Wall.md,New Readers Start Here/II - Companion Narratives/Syl'Cothan Dominion/Short Stories/The Names of the Wall.md,yes,.md
The Framework.md,II - Companion Narratives/Syl'Cothan Dominion/Short Stories/The Framework.md,New Readers Start Here/II - Companion Narratives/Syl'Cothan Dominion/Short Stories/The Framework.md,yes,.md
The Silent Word.md,II - Companion Narratives/Syl'Cothan Dominion/Short Stories/The Silent Word.md,New Readers Start Here/II - Companion Narratives/Syl'Cothan Dominion/Short Stories/The Silent Word.md,yes,.md
The Council of Iron and Fire.md,II - Companion Narratives/Syl'Cothan Dominion/Short Stories/The Council of Iron and Fire.md,New Readers Start Here/II - Companion Narratives/Syl'Cothan Dominion/Short Stories/The Council of Iron and Fire.md,yes,.md
The Breaking and the Binding.md,II - Companion Narratives/Syl'Cothan Dominion/Short Stories/The Breaking and the Binding.md,New Readers Start Here/II - Companion Narratives/Syl'Cothan Dominion/Short Stories/The Breaking and the Binding.md,yes,.md
Synarchate__Xenos__07533193.md,II - Companion Narratives/Syl'Cothan Dominion/Xenos/Synarchate.md,New Readers Start Here/II - Companion Narratives/Syl'Cothan Dominion/Xenos/Synarchate.md,yes,.md
Harmonic Cooperative__Xenos__806bb99b.md,II - Companion Narratives/Syl'Cothan Dominion/Xenos/Harmonic Cooperative.md,New Readers Start Here/II - Companion Narratives/Syl'Cothan Dominion/Xenos/Harmonic Cooperative.md,yes,.md
Athearn Empire__Xenos__63e58b7f.md,II - Companion Narratives/Syl'Cothan Dominion/Xenos/Athearn Empire.md,New Readers Start Here/II - Companion Narratives/Syl'Cothan Dominion/Xenos/Athearn Empire.md,yes,.md
Sol Recurring POV Cast and Family Lines.md,II - Companion Narratives/Syl'Cothan Dominion/2 - Sol/Sol Recurring POV Cast and Family Lines.md,New Readers Start Here/II - Companion Narratives/Syl'Cothan Dominion/2 - Sol/Sol Recurring POV Cast and Family Lines.md,yes,.md
Sol Chapter Development and 240-Scene Plan.md,II - Companion Narratives/Syl'Cothan Dominion/2 - Sol/Sol Chapter Development and 240-Scene Plan.md,New Readers Start Here/II - Companion Narratives/Syl'Cothan Dominion/2 - Sol/Sol Chapter Development and 240-Scene Plan.md,yes,.md
Sol Inner System Colonies and Belt Frontier.md,II - Companion Narratives/Syl'Cothan Dominion/2 - Sol/Sol Inner System Colonies and Belt Frontier.md,New Readers Start Here/II - Companion Narratives/Syl'Cothan Dominion/2 - Sol/Sol Inner System Colonies and Belt Frontier.md,yes,.md
Sol Immortal Ensemble and Twelve Dynasties.md,II - Companion Narratives/Syl'Cothan Dominion/2 - Sol/Sol Immortal Ensemble and Twelve Dynasties.md,New Readers Start Here/II - Companion Narratives/Syl'Cothan Dominion/2 - Sol/Sol Immortal Ensemble and Twelve Dynasties.md,yes,.md
"Sol Outer Systems, Second Solar War, and Craterheart Mission.md","II - Companion Narratives/Syl'Cothan Dominion/2 - Sol/Sol Outer Systems, Second Solar War, and Craterheart Mission.md","New Readers Start Here/II - Companion Narratives/Syl'Cothan Dominion/2 - Sol/Sol Outer Systems, Second Solar War, and Craterheart Mission.md",yes,.md
Lithic Manuscript 2 - Sol - Draft v1.0.md,II - Companion Narratives/Syl'Cothan Dominion/2 - Sol/Lithic Manuscript 2 - Sol - Draft v1.0.md,New Readers Start Here/II - Companion Narratives/Syl'Cothan Dominion/2 - Sol/Lithic Manuscript 2 - Sol - Draft v1.0.md,yes,.md
Sol Draft v1 - Story Engine.md,II - Companion Narratives/Syl'Cothan Dominion/2 - Sol/Sol Draft v1 - Story Engine.md,New Readers Start Here/II - Companion Narratives/Syl'Cothan Dominion/2 - Sol/Sol Draft v1 - Story Engine.md,yes,.md
Lithic Manuscript 2 - Sol.md,II - Companion Narratives/Syl'Cothan Dominion/2 - Sol/Lithic Manuscript 2 - Sol.md,New Readers Start Here/II - Companion Narratives/Syl'Cothan Dominion/2 - Sol/Lithic Manuscript 2 - Sol.md,yes,.md
Sol Immortal POV and Dialogue Architecture.md,II - Companion Narratives/Syl'Cothan Dominion/2 - Sol/Sol Immortal POV and Dialogue Architecture.md,New Readers Start Here/II - Companion Narratives/Syl'Cothan Dominion/2 - Sol/Sol Immortal POV and Dialogue Architecture.md,yes,.md
Sol Second Space Race and Phaeton Program.md,II - Companion Narratives/Syl'Cothan Dominion/2 - Sol/Sol Second Space Race and Phaeton Program.md,New Readers Start Here/II - Companion Narratives/Syl'Cothan Dominion/2 - Sol/Sol Second Space Race and Phaeton Program.md,yes,.md
Sol Independence Movements and First Solar War.md,II - Companion Narratives/Syl'Cothan Dominion/2 - Sol/Sol Independence Movements and First Solar War.md,New Readers Start Here/II - Companion Narratives/Syl'Cothan Dominion/2 - Sol/Sol Independence Movements and First Solar War.md,yes,.md
Sol Civilization Texture and Continuity Bible.md,II - Companion Narratives/Syl'Cothan Dominion/2 - Sol/Sol Civilization Texture and Continuity Bible.md,New Readers Start Here/II - Companion Narratives/Syl'Cothan Dominion/2 - Sol/Sol Civilization Texture and Continuity Bible.md,yes,.md
Amber Book II - Pre-Decompression Decision Lock Workbook 1-8 - Completed.md,II - Companion Narratives/Syl'Cothan Dominion/5 - Syl'Cothan States/Amber Book II - Pre-Decompression Decision Lock Workbook 1-8 - Completed.md,New Readers Start Here/II - Companion Narratives/Syl'Cothan Dominion/5 - Syl'Cothan States/Amber Book II - Pre-Decompression Decision Lock Workbook 1-8 - Completed.md,yes,.md
Amber Book II - The Final Line - Chapter Scene Architecture and Warfare Map.md,II - Companion Narratives/Syl'Cothan Dominion/5 - Syl'Cothan States/Amber Book II - The Final Line - Chapter Scene Architecture and Warfare Map.md,New Readers Start Here/II - Companion Narratives/Syl'Cothan Dominion/5 - Syl'Cothan States/Amber Book II - The Final Line - Chapter Scene Architecture and Warfare Map.md,yes,.md
Amber Book III - Odysseus War and Dark Court Culture Workbook.md,II - Companion Narratives/Syl'Cothan Dominion/5 - Syl'Cothan States/Amber Book III - Odysseus War and Dark Court Culture Workbook.md,New Readers Start Here/II - Companion Narratives/Syl'Cothan Dominion/5 - Syl'Cothan States/Amber Book III - Odysseus War and Dark Court Culture Workbook.md,yes,.md
Amber Book II - Canon Reconciliation Before Scene Drafting.md,II - Companion Narratives/Syl'Cothan Dominion/5 - Syl'Cothan States/Amber Book II - Canon Reconciliation Before Scene Drafting.md,New Readers Start Here/II - Companion Narratives/Syl'Cothan Dominion/5 - Syl'Cothan States/Amber Book II - Canon Reconciliation Before Scene Drafting.md,yes,.md
Amber Book II - Pre-Decompression Decision Lock Workbook 1-8.md,II - Companion Narratives/Syl'Cothan Dominion/5 - Syl'Cothan States/Amber Book II - Pre-Decompression Decision Lock Workbook 1-8.md,New Readers Start Here/II - Companion Narratives/Syl'Cothan Dominion/5 - Syl'Cothan States/Amber Book II - Pre-Decompression Decision Lock Workbook 1-8.md,yes,.md
Amber Book II - The Final Line - Remaining Work and Revision Workbook.md,II - Companion Narratives/Syl'Cothan Dominion/5 - Syl'Cothan States/Amber Book II - The Final Line - Remaining Work and Revision Workbook.md,New Readers Start Here/II - Companion Narratives/Syl'Cothan Dominion/5 - Syl'Cothan States/Amber Book II - The Final Line - Remaining Work and Revision Workbook.md,yes,.md
Amber Book III - Operation Prescience (Odysseus) - Lore Answer Workbook.md,II - Companion Narratives/Syl'Cothan Dominion/5 - Syl'Cothan States/Amber Book III - Operation Prescience (Odysseus) - Lore Answer Workbook.md,New Readers Start Here/II - Companion Narratives/Syl'Cothan Dominion/5 - Syl'Cothan States/Amber Book III - Operation Prescience (Odysseus) - Lore Answer Workbook.md,yes,.md
Amber Book II - Emotional and Cultural Pass Workbook - Dominion Reconciled.md,II - Companion Narratives/Syl'Cothan Dominion/5 - Syl'Cothan States/Amber Book II - Emotional and Cultural Pass Workbook - Dominion Reconciled.md,New Readers Start Here/II - Companion Narratives/Syl'Cothan Dominion/5 - Syl'Cothan States/Amber Book II - Emotional and Cultural Pass Workbook - Dominion Reconciled.md,yes,.md
Amber Book II - Drafting Gate Cast List.md,II - Companion Narratives/Syl'Cothan Dominion/5 - Syl'Cothan States/Amber Book II - Drafting Gate Cast List.md,New Readers Start Here/II - Companion Narratives/Syl'Cothan Dominion/5 - Syl'Cothan States/Amber Book II - Drafting Gate Cast List.md,yes,.md
Amber Book II - The Final Line - Draft v1.0.md,II - Companion Narratives/Syl'Cothan Dominion/5 - Syl'Cothan States/Amber Book II - The Final Line - Draft v1.0.md,New Readers Start Here/II - Companion Narratives/Syl'Cothan Dominion/5 - Syl'Cothan States/Amber Book II - The Final Line - Draft v1.0.md,yes,.md
Amber Book III - Operation Prescience - Remaining Questions Workbook.md,II - Companion Narratives/Syl'Cothan Dominion/5 - Syl'Cothan States/Amber Book III - Operation Prescience - Remaining Questions Workbook.md,New Readers Start Here/II - Companion Narratives/Syl'Cothan Dominion/5 - Syl'Cothan States/Amber Book III - Operation Prescience - Remaining Questions Workbook.md,yes,.md
Amber Book II - Final Line - Definitive Skeleton.md,II - Companion Narratives/Syl'Cothan Dominion/5 - Syl'Cothan States/Amber Book II - Final Line - Definitive Skeleton.md,New Readers Start Here/II - Companion Narratives/Syl'Cothan Dominion/5 - Syl'Cothan States/Amber Book II - Final Line - Definitive Skeleton.md,yes,.md
Amber Book III - Operation Prescience (Odysseus) - Development Spine.md,II - Companion Narratives/Syl'Cothan Dominion/5 - Syl'Cothan States/Amber Book III - Operation Prescience (Odysseus) - Development Spine.md,New Readers Start Here/II - Companion Narratives/Syl'Cothan Dominion/5 - Syl'Cothan States/Amber Book III - Operation Prescience (Odysseus) - Development Spine.md,yes,.md
Amber Book II - Amber and Emilia Primary POV Workbook.md,II - Companion Narratives/Syl'Cothan Dominion/5 - Syl'Cothan States/Amber Book II - Amber and Emilia Primary POV Workbook.md,New Readers Start Here/II - Companion Narratives/Syl'Cothan Dominion/5 - Syl'Cothan States/Amber Book II - Amber and Emilia Primary POV Workbook.md,yes,.md
Manuscript 2 - Friend-Foe Cast and Chapter Questions.md,II - Companion Narratives/Syl'Cothan Dominion/5 - Syl'Cothan States/Manuscript 2 - Friend-Foe Cast and Chapter Questions.md,New Readers Start Here/II - Companion Narratives/Syl'Cothan Dominion/5 - Syl'Cothan States/Manuscript 2 - Friend-Foe Cast and Chapter Questions.md,yes,.md
Amber Book III - Operation Prescience Workbook Consolidated Locks v1.0.md,II - Companion Narratives/Syl'Cothan Dominion/5 - Syl'Cothan States/Amber Book III - Operation Prescience Workbook Consolidated Locks v1.0.md,New Readers Start Here/II - Companion Narratives/Syl'Cothan Dominion/5 - Syl'Cothan States/Amber Book III - Operation Prescience Workbook Consolidated Locks v1.0.md,yes,.md
Manuscript 2 - Draft 1 Skeleton.md,II - Companion Narratives/Syl'Cothan Dominion/5 - Syl'Cothan States/Manuscript 2 - Draft 1 Skeleton.md,New Readers Start Here/II - Companion Narratives/Syl'Cothan Dominion/5 - Syl'Cothan States/Manuscript 2 - Draft 1 Skeleton.md,yes,.md
New World War Timeline - Book III and IV.md,II - Companion Narratives/Syl'Cothan Dominion/5 - Syl'Cothan States/New World War Timeline - Book III and IV.md,New Readers Start Here/II - Companion Narratives/Syl'Cothan Dominion/5 - Syl'Cothan States/New World War Timeline - Book III and IV.md,yes,.md
Terra Countdown Dialogue Architecture.md,II - Companion Narratives/Syl'Cothan Dominion/1 - Earth/Terra Countdown Dialogue Architecture.md,New Readers Start Here/II - Companion Narratives/Syl'Cothan Dominion/1 - Earth/Terra Countdown Dialogue Architecture.md,yes,.md
Terra National Viewpoint Ensemble.md,II - Companion Narratives/Syl'Cothan Dominion/1 - Earth/Terra National Viewpoint Ensemble.md,New Readers Start Here/II - Companion Narratives/Syl'Cothan Dominion/1 - Earth/Terra National Viewpoint Ensemble.md,yes,.md
Lithic Manuscript 1 - Terra.md,II - Companion Narratives/Syl'Cothan Dominion/1 - Earth/Lithic Manuscript 1 - Terra.md,New Readers Start Here/II - Companion Narratives/Syl'Cothan Dominion/1 - Earth/Lithic Manuscript 1 - Terra.md,yes,.md
Terra Rough Draft - Continuity and Expansion Notes.md,II - Companion Narratives/Syl'Cothan Dominion/1 - Earth/Terra Rough Draft - Continuity and Expansion Notes.md,New Readers Start Here/II - Companion Narratives/Syl'Cothan Dominion/1 - Earth/Terra Rough Draft - Continuity and Expansion Notes.md,yes,.md
Terra Narrative Continuity Ledger.md,II - Companion Narratives/Syl'Cothan Dominion/1 - Earth/Terra Narrative Continuity Ledger.md,New Readers Start Here/II - Companion Narratives/Syl'Cothan Dominion/1 - Earth/Terra Narrative Continuity Ledger.md,yes,.md
Terra Developmental Revision Roadmap.md,II - Companion Narratives/Syl'Cothan Dominion/1 - Earth/Terra Developmental Revision Roadmap.md,New Readers Start Here/II - Companion Narratives/Syl'Cothan Dominion/1 - Earth/Terra Developmental Revision Roadmap.md,yes,.md
Terra Chapter Story Engine.md,II - Companion Narratives/Syl'Cothan Dominion/1 - Earth/Terra Chapter Story Engine.md,New Readers Start Here/II - Companion Narratives/Syl'Cothan Dominion/1 - Earth/Terra Chapter Story Engine.md,yes,.md
Terra Rough Draft v2.0 - Revision Review.md,II - Companion Narratives/Syl'Cothan Dominion/1 - Earth/Terra Rough Draft v2.0 - Revision Review.md,New Readers Start Here/II - Companion Narratives/Syl'Cothan Dominion/1 - Earth/Terra Rough Draft v2.0 - Revision Review.md,yes,.md
Lithic Manuscript 1 - Terra - Rough Draft.md,II - Companion Narratives/Syl'Cothan Dominion/1 - Earth/Lithic Manuscript 1 - Terra - Rough Draft.md,New Readers Start Here/II - Companion Narratives/Syl'Cothan Dominion/1 - Earth/Lithic Manuscript 1 - Terra - Rough Draft.md,yes,.md
Terra Character Voice and Fallibility Guide.md,II - Companion Narratives/Syl'Cothan Dominion/1 - Earth/Terra Character Voice and Fallibility Guide.md,New Readers Start Here/II - Companion Narratives/Syl'Cothan Dominion/1 - Earth/Terra Character Voice and Fallibility Guide.md,yes,.md
Terra Chapter Decompression Audit.md,II - Companion Narratives/Syl'Cothan Dominion/1 - Earth/Terra Chapter Decompression Audit.md,New Readers Start Here/II - Companion Narratives/Syl'Cothan Dominion/1 - Earth/Terra Chapter Decompression Audit.md,yes,.md
Terra 110k Scene-Level Expansion Outline.md,II - Companion Narratives/Syl'Cothan Dominion/1 - Earth/Terra 110k Scene-Level Expansion Outline.md,New Readers Start Here/II - Companion Narratives/Syl'Cothan Dominion/1 - Earth/Terra 110k Scene-Level Expansion Outline.md,yes,.md
Terra Wetwire Crisis and Fortress Civilization Canon.md,II - Companion Narratives/Syl'Cothan Dominion/1 - Earth/Terra Wetwire Crisis and Fortress Civilization Canon.md,New Readers Start Here/II - Companion Narratives/Syl'Cothan Dominion/1 - Earth/Terra Wetwire Crisis and Fortress Civilization Canon.md,yes,.md
Artifact Dossier ΓÇö ART-AXM-HA-2036.md,II - Companion Narratives/Syl'Cothan Dominion/1 - Earth/Artifact Dossier ΓÇö ART-AXM-HA-2036.md,New Readers Start Here/II - Companion Narratives/Syl'Cothan Dominion/1 - Earth/Artifact Dossier ΓÇö ART-AXM-HA-2036.md,yes,.md
Lithic Manuscript 1 - Terra - Rough Draft v2.0.md,II - Companion Narratives/Syl'Cothan Dominion/1 - Earth/Lithic Manuscript 1 - Terra - Rough Draft v2.0.md,New Readers Start Here/II - Companion Narratives/Syl'Cothan Dominion/1 - Earth/Lithic Manuscript 1 - Terra - Rough Draft v2.0.md,yes,.md
Terra Character Arc Bible.md,II - Companion Narratives/Syl'Cothan Dominion/1 - Earth/Terra Character Arc Bible.md,New Readers Start Here/II - Companion Narratives/Syl'Cothan Dominion/1 - Earth/Terra Character Arc Bible.md,yes,.md
Terra Relic War and Neo Crusader Integration Plan.md,II - Companion Narratives/Syl'Cothan Dominion/1 - Earth/Terra Relic War and Neo Crusader Integration Plan.md,New Readers Start Here/II - Companion Narratives/Syl'Cothan Dominion/1 - Earth/Terra Relic War and Neo Crusader Integration Plan.md,yes,.md
Colonies__3 - Colonial Union__a197d835.md,II - Companion Narratives/Syl'Cothan Dominion/3 - Colonial Union/Colonies.md,New Readers Start Here/II - Companion Narratives/Syl'Cothan Dominion/3 - Colonial Union/Colonies.md,yes,.md
Craterheart.md,II - Companion Narratives/Syl'Cothan Dominion/3 - Colonial Union/Craterheart.md,New Readers Start Here/II - Companion Narratives/Syl'Cothan Dominion/3 - Colonial Union/Craterheart.md,yes,.md
Dragon.md,V - Beast Chronicles/Draconic/Dragon/Dragon.md,New Readers Start Here/V - Beast Chronicles/Draconic/Dragon/Dragon.md,yes,.md
Wyverns.md,V - Beast Chronicles/Draconic/Wyverns/Wyverns.md,New Readers Start Here/V - Beast Chronicles/Draconic/Wyverns/Wyverns.md,yes,.md
Draconians.md,V - Beast Chronicles/Draconic/Draconians/Draconians.md,New Readers Start Here/V - Beast Chronicles/Draconic/Draconians/Draconians.md,yes,.md
Drakes.md,V - Beast Chronicles/Draconic/Drakes/Drakes.md,New Readers Start Here/V - Beast Chronicles/Draconic/Drakes/Drakes.md,yes,.md
Phoenix.md,V - Beast Chronicles/Mythic/Phoenix/Phoenix.md,New Readers Start Here/V - Beast Chronicles/Mythic/Phoenix/Phoenix.md,yes,.md
Chimera.md,V - Beast Chronicles/Mythic/Chimera/Chimera.md,New Readers Start Here/V - Beast Chronicles/Mythic/Chimera/Chimera.md,yes,.md
Basilisk.md,V - Beast Chronicles/Mythic/Basilisk/Basilisk.md,New Readers Start Here/V - Beast Chronicles/Mythic/Basilisk/Basilisk.md,yes,.md
Trolls.md,V - Beast Chronicles/Mythic/Trolls/Trolls.md,New Readers Start Here/V - Beast Chronicles/Mythic/Trolls/Trolls.md,yes,.md
Griffin.md,V - Beast Chronicles/Mythic/Griffin/Griffin.md,New Readers Start Here/V - Beast Chronicles/Mythic/Griffin/Griffin.md,yes,.md
Pegasus.md,V - Beast Chronicles/Mythic/Pegasus/Pegasus.md,New Readers Start Here/V - Beast Chronicles/Mythic/Pegasus/Pegasus.md,yes,.md
Hydra.md,V - Beast Chronicles/Mythic/Hydra/Hydra.md,New Readers Start Here/V - Beast Chronicles/Mythic/Hydra/Hydra.md,yes,.md
Ogres.md,V - Beast Chronicles/Mythic/Ogres/Ogres.md,New Readers Start Here/V - Beast Chronicles/Mythic/Ogres/Ogres.md,yes,.md
Cockatrice.md,V - Beast Chronicles/Mythic/Cockatrice/Cockatrice.md,New Readers Start Here/V - Beast Chronicles/Mythic/Cockatrice/Cockatrice.md,yes,.md
Unicorn.md,V - Beast Chronicles/Mythic/Unicorn/Unicorn.md,New Readers Start Here/V - Beast Chronicles/Mythic/Unicorn/Unicorn.md,yes,.md
Kirin - Qilin.md,V - Beast Chronicles/Mythic/Unicorn/Kirin - Qilin.md,New Readers Start Here/V - Beast Chronicles/Mythic/Unicorn/Kirin - Qilin.md,yes,.md
Dread.md,V - Beast Chronicles/Undead & Constructs/Vampire/Dread.md,New Readers Start Here/V - Beast Chronicles/Undead & Constructs/Vampire/Dread.md,yes,.md
Vampire.md,V - Beast Chronicles/Undead & Constructs/Vampire/Vampire.md,New Readers Start Here/V - Beast Chronicles/Undead & Constructs/Vampire/Vampire.md,yes,.md
Nosferatu.md,V - Beast Chronicles/Undead & Constructs/Vampire/Nosferatu.md,New Readers Start Here/V - Beast Chronicles/Undead & Constructs/Vampire/Nosferatu.md,yes,.md
Ghoul-Pire.md,V - Beast Chronicles/Undead & Constructs/Vampire/Ghoul-Pire.md,New Readers Start Here/V - Beast Chronicles/Undead & Constructs/Vampire/Ghoul-Pire.md,yes,.md
Moroi.md,V - Beast Chronicles/Undead & Constructs/Vampire/Moroi.md,New Readers Start Here/V - Beast Chronicles/Undead & Constructs/Vampire/Moroi.md,yes,.md
Moroi - Strigoi.md,V - Beast Chronicles/Undead & Constructs/Vampire/Moroi - Strigoi.md,New Readers Start Here/V - Beast Chronicles/Undead & Constructs/Vampire/Moroi - Strigoi.md,yes,.md
Ascendant Vampires.md,V - Beast Chronicles/Undead & Constructs/Vampire/Ascendant Vampires.md,New Readers Start Here/V - Beast Chronicles/Undead & Constructs/Vampire/Ascendant Vampires.md,yes,.md
Strigoi.md,V - Beast Chronicles/Undead & Constructs/Vampire/Strigoi.md,New Readers Start Here/V - Beast Chronicles/Undead & Constructs/Vampire/Strigoi.md,yes,.md
Vampiric Taint Cycle.md,V - Beast Chronicles/Undead & Constructs/Vampire/Vampiric Taint Cycle.md,New Readers Start Here/V - Beast Chronicles/Undead & Constructs/Vampire/Vampiric Taint Cycle.md,yes,.md
Dhampir.md,V - Beast Chronicles/Undead & Constructs/Vampire/Dhampir.md,New Readers Start Here/V - Beast Chronicles/Undead & Constructs/Vampire/Dhampir.md,yes,.md
Vampiric Animals.md,V - Beast Chronicles/Undead & Constructs/Vampire/Vampiric Animals.md,New Readers Start Here/V - Beast Chronicles/Undead & Constructs/Vampire/Vampiric Animals.md,yes,.md
Golems (Warforge).md,V - Beast Chronicles/Undead & Constructs/Golems (Warforge)/Golems (Warforge).md,New Readers Start Here/V - Beast Chronicles/Undead & Constructs/Golems (Warforge)/Golems (Warforge).md,yes,.md
Undead.md,V - Beast Chronicles/Undead & Constructs/Undead/Undead.md,New Readers Start Here/V - Beast Chronicles/Undead & Constructs/Undead/Undead.md,yes,.md
Incubi.md,V - Beast Chronicles/Celestial & Infernal/Incubus/Incubi.md,New Readers Start Here/V - Beast Chronicles/Celestial & Infernal/Incubus/Incubi.md,yes,.md
Incubus.md,V - Beast Chronicles/Celestial & Infernal/Incubus/Incubus.md,New Readers Start Here/V - Beast Chronicles/Celestial & Infernal/Incubus/Incubus.md,yes,.md
Grigori.md,V - Beast Chronicles/Celestial & Infernal/Angels/Grigori.md,New Readers Start Here/V - Beast Chronicles/Celestial & Infernal/Angels/Grigori.md,yes,.md
Angels.md,V - Beast Chronicles/Celestial & Infernal/Angels/Angels.md,New Readers Start Here/V - Beast Chronicles/Celestial & Infernal/Angels/Angels.md,yes,.md
Leviathans.md,V - Beast Chronicles/Celestial & Infernal/Angels/Leviathans.md,New Readers Start Here/V - Beast Chronicles/Celestial & Infernal/Angels/Leviathans.md,yes,.md
Named Angels.md,V - Beast Chronicles/Celestial & Infernal/Angels/Named Angels.md,New Readers Start Here/V - Beast Chronicles/Celestial & Infernal/Angels/Named Angels.md,yes,.md
Void Angels.md,V - Beast Chronicles/Celestial & Infernal/Angels/Void Angels.md,New Readers Start Here/V - Beast Chronicles/Celestial & Infernal/Angels/Void Angels.md,yes,.md
Succubi.md,V - Beast Chronicles/Celestial & Infernal/Succubus/Succubi.md,New Readers Start Here/V - Beast Chronicles/Celestial & Infernal/Succubus/Succubi.md,yes,.md
Succubus.md,V - Beast Chronicles/Celestial & Infernal/Succubus/Succubus.md,New Readers Start Here/V - Beast Chronicles/Celestial & Infernal/Succubus/Succubus.md,yes,.md
Echidna.md,V - Beast Chronicles/Celestial & Infernal/Divine & Semi-Divine Beings/Echidna.md,New Readers Start Here/V - Beast Chronicles/Celestial & Infernal/Divine & Semi-Divine Beings/Echidna.md,yes,.md
Typhon.md,V - Beast Chronicles/Celestial & Infernal/Divine & Semi-Divine Beings/Typhon.md,New Readers Start Here/V - Beast Chronicles/Celestial & Infernal/Divine & Semi-Divine Beings/Typhon.md,yes,.md
Ancestral Spirits.md,V - Beast Chronicles/Celestial & Infernal/Divine & Semi-Divine Beings/Ancestral Spirits.md,New Readers Start Here/V - Beast Chronicles/Celestial & Infernal/Divine & Semi-Divine Beings/Ancestral Spirits.md,yes,.md
Kami.md,V - Beast Chronicles/Celestial & Infernal/Divine & Semi-Divine Beings/Kami.md,New Readers Start Here/V - Beast Chronicles/Celestial & Infernal/Divine & Semi-Divine Beings/Kami.md,yes,.md
Loa.md,V - Beast Chronicles/Celestial & Infernal/Divine & Semi-Divine Beings/Loa.md,New Readers Start Here/V - Beast Chronicles/Celestial & Infernal/Divine & Semi-Divine Beings/Loa.md,yes,.md
Valkyries.md,V - Beast Chronicles/Celestial & Infernal/Divine & Semi-Divine Beings/Valkyries.md,New Readers Start Here/V - Beast Chronicles/Celestial & Infernal/Divine & Semi-Divine Beings/Valkyries.md,yes,.md
Divine & Semi-Divine Beings.md,V - Beast Chronicles/Celestial & Infernal/Divine & Semi-Divine Beings/Divine & Semi-Divine Beings.md,New Readers Start Here/V - Beast Chronicles/Celestial & Infernal/Divine & Semi-Divine Beings/Divine & Semi-Divine Beings.md,yes,.md
Imps.md,V - Beast Chronicles/Celestial & Infernal/Imps/Imps.md,New Readers Start Here/V - Beast Chronicles/Celestial & Infernal/Imps/Imps.md,yes,.md
Asura.md,V - Beast Chronicles/Celestial & Infernal/Demons/Asura.md,New Readers Start Here/V - Beast Chronicles/Celestial & Infernal/Demons/Asura.md,yes,.md
Congregation of Ease.md,V - Beast Chronicles/Celestial & Infernal/Demons/Congregation of Ease.md,New Readers Start Here/V - Beast Chronicles/Celestial & Infernal/Demons/Congregation of Ease.md,yes,.md
Named Demons.md,V - Beast Chronicles/Celestial & Infernal/Demons/Named Demons.md,New Readers Start Here/V - Beast Chronicles/Celestial & Infernal/Demons/Named Demons.md,yes,.md
Croatoan Virus Infected.md,V - Beast Chronicles/Celestial & Infernal/Demons/Croatoan Virus Infected.md,New Readers Start Here/V - Beast Chronicles/Celestial & Infernal/Demons/Croatoan Virus Infected.md,yes,.md
Tulpa.md,V - Beast Chronicles/Celestial & Infernal/Demons/Tulpa.md,New Readers Start Here/V - Beast Chronicles/Celestial & Infernal/Demons/Tulpa.md,yes,.md
Demons.md,V - Beast Chronicles/Celestial & Infernal/Demons/Demons.md,New Readers Start Here/V - Beast Chronicles/Celestial & Infernal/Demons/Demons.md,yes,.md
Satyrs.md,V - Beast Chronicles/Giantkin & Beastfolk/Satyrs/Satyrs.md,New Readers Start Here/V - Beast Chronicles/Giantkin & Beastfolk/Satyrs/Satyrs.md,yes,.md
Minotaurs.md,V - Beast Chronicles/Giantkin & Beastfolk/Minotaurs/Minotaurs.md,New Readers Start Here/V - Beast Chronicles/Giantkin & Beastfolk/Minotaurs/Minotaurs.md,yes,.md
Giant.md,V - Beast Chronicles/Giantkin & Beastfolk/Giant/Giant.md,New Readers Start Here/V - Beast Chronicles/Giantkin & Beastfolk/Giant/Giant.md,yes,.md
Centaurs.md,V - Beast Chronicles/Giantkin & Beastfolk/Centaurs/Centaurs.md,New Readers Start Here/V - Beast Chronicles/Giantkin & Beastfolk/Centaurs/Centaurs.md,yes,.md
Harpies.md,V - Beast Chronicles/Giantkin & Beastfolk/Harpies/Harpies.md,New Readers Start Here/V - Beast Chronicles/Giantkin & Beastfolk/Harpies/Harpies.md,yes,.md
Were-Creature.md,V - Beast Chronicles/Giantkin & Beastfolk/Were-Creature/Were-Creature.md,New Readers Start Here/V - Beast Chronicles/Giantkin & Beastfolk/Were-Creature/Were-Creature.md,yes,.md
Gnolls.md,V - Beast Chronicles/Giantkin & Beastfolk/Gnolls/Gnolls.md,New Readers Start Here/V - Beast Chronicles/Giantkin & Beastfolk/Gnolls/Gnolls.md,yes,.md
Dwarves.md,V - Beast Chronicles/Mortal-Near Mortal/Dwarves/Dwarves.md,New Readers Start Here/V - Beast Chronicles/Mortal-Near Mortal/Dwarves/Dwarves.md,yes,.md
Goblins.md,V - Beast Chronicles/Mortal-Near Mortal/Goblins/Goblins.md,New Readers Start Here/V - Beast Chronicles/Mortal-Near Mortal/Goblins/Goblins.md,yes,.md
Hobgoblins.md,V - Beast Chronicles/Mortal-Near Mortal/Goblins/Hobgoblins.md,New Readers Start Here/V - Beast Chronicles/Mortal-Near Mortal/Goblins/Hobgoblins.md,yes,.md
Gnomes.md,V - Beast Chronicles/Mortal-Near Mortal/Gnomes/Gnomes.md,New Readers Start Here/V - Beast Chronicles/Mortal-Near Mortal/Gnomes/Gnomes.md,yes,.md
Elves.md,V - Beast Chronicles/Mortal-Near Mortal/Elves/Elves.md,New Readers Start Here/V - Beast Chronicles/Mortal-Near Mortal/Elves/Elves.md,yes,.md
Tieflings.md,V - Beast Chronicles/Mortal-Near Mortal/Tieflings/Tieflings.md,New Readers Start Here/V - Beast Chronicles/Mortal-Near Mortal/Tieflings/Tieflings.md,yes,.md
Abyssal Human.md,V - Beast Chronicles/Mortal-Near Mortal/Human/Abyssal Human.md,New Readers Start Here/V - Beast Chronicles/Mortal-Near Mortal/Human/Abyssal Human.md,yes,.md
Blooded Human.md,V - Beast Chronicles/Mortal-Near Mortal/Human/Blooded Human.md,New Readers Start Here/V - Beast Chronicles/Mortal-Near Mortal/Human/Blooded Human.md,yes,.md
Celestial Human.md,V - Beast Chronicles/Mortal-Near Mortal/Human/Celestial Human.md,New Readers Start Here/V - Beast Chronicles/Mortal-Near Mortal/Human/Celestial Human.md,yes,.md
Elemental Human.md,V - Beast Chronicles/Mortal-Near Mortal/Human/Elemental Human.md,New Readers Start Here/V - Beast Chronicles/Mortal-Near Mortal/Human/Elemental Human.md,yes,.md
Arcane Human.md,V - Beast Chronicles/Mortal-Near Mortal/Human/Arcane Human.md,New Readers Start Here/V - Beast Chronicles/Mortal-Near Mortal/Human/Arcane Human.md,yes,.md
Deep Human.md,V - Beast Chronicles/Mortal-Near Mortal/Human/Deep Human.md,New Readers Start Here/V - Beast Chronicles/Mortal-Near Mortal/Human/Deep Human.md,yes,.md
Wild Human.md,V - Beast Chronicles/Mortal-Near Mortal/Human/Wild Human.md,New Readers Start Here/V - Beast Chronicles/Mortal-Near Mortal/Human/Wild Human.md,yes,.md
Infernal Human.md,V - Beast Chronicles/Mortal-Near Mortal/Human/Infernal Human.md,New Readers Start Here/V - Beast Chronicles/Mortal-Near Mortal/Human/Infernal Human.md,yes,.md
Human.md,V - Beast Chronicles/Mortal-Near Mortal/Human/Human.md,New Readers Start Here/V - Beast Chronicles/Mortal-Near Mortal/Human/Human.md,yes,.md
Astral Human.md,V - Beast Chronicles/Mortal-Near Mortal/Human/Astral Human.md,New Readers Start Here/V - Beast Chronicles/Mortal-Near Mortal/Human/Astral Human.md,yes,.md
Orcs.md,V - Beast Chronicles/Mortal-Near Mortal/Orcs/Orcs.md,New Readers Start Here/V - Beast Chronicles/Mortal-Near Mortal/Orcs/Orcs.md,yes,.md
Mermaids.md,V - Beast Chronicles/Aquatic/Mermaids/Mermaids.md,New Readers Start Here/V - Beast Chronicles/Aquatic/Mermaids/Mermaids.md,yes,.md
Naga.md,V - Beast Chronicles/Aquatic/Naga/Naga.md,New Readers Start Here/V - Beast Chronicles/Aquatic/Naga/Naga.md,yes,.md
Hippocampus.md,V - Beast Chronicles/Aquatic/Hippocampus/Hippocampus.md,New Readers Start Here/V - Beast Chronicles/Aquatic/Hippocampus/Hippocampus.md,yes,.md
Fae.md,V - Beast Chronicles/Fey & Nature/Fae/Fae.md,New Readers Start Here/V - Beast Chronicles/Fey & Nature/Fae/Fae.md,yes,.md
Unseelie.md,V - Beast Chronicles/Fey & Nature/Fae/Unseelie.md,New Readers Start Here/V - Beast Chronicles/Fey & Nature/Fae/Unseelie.md,yes,.md
Seelie.md,V - Beast Chronicles/Fey & Nature/Fae/Seelie.md,New Readers Start Here/V - Beast Chronicles/Fey & Nature/Fae/Seelie.md,yes,.md
Dryads.md,V - Beast Chronicles/Fey & Nature/Dryads/Dryads.md,New Readers Start Here/V - Beast Chronicles/Fey & Nature/Dryads/Dryads.md,yes,.md
Brownies.md,V - Beast Chronicles/Fey & Nature/Fairies/Brownies.md,New Readers Start Here/V - Beast Chronicles/Fey & Nature/Fairies/Brownies.md,yes,.md
Fairies.md,V - Beast Chronicles/Fey & Nature/Fairies/Fairies.md,New Readers Start Here/V - Beast Chronicles/Fey & Nature/Fairies/Fairies.md,yes,.md
Pixies.md,V - Beast Chronicles/Fey & Nature/Pixies/Pixies.md,New Readers Start Here/V - Beast Chronicles/Fey & Nature/Pixies/Pixies.md,yes,.md
Nymphs.md,V - Beast Chronicles/Fey & Nature/Nymphs/Nymphs.md,New Readers Start Here/V - Beast Chronicles/Fey & Nature/Nymphs/Nymphs.md,yes,.md
(55ΓÇô86) Soul Elements.md,III - Arcanum Omniversalis/Arcane Periodic Tables/Arcane Table/(55ΓÇô86) Soul Elements.md,New Readers Start Here/III - Arcanum Omniversalis/Arcane Periodic Tables/Arcane Table/(55ΓÇô86) Soul Elements.md,yes,.md
(1ΓÇô10) Primordial Elements.md,III - Arcanum Omniversalis/Arcane Periodic Tables/Arcane Table/(1ΓÇô10) Primordial Elements.md,New Readers Start Here/III - Arcanum Omniversalis/Arcane Periodic Tables/Arcane Table/(1ΓÇô10) Primordial Elements.md,yes,.md
(141ΓÇô170) Transcendent Elements.md,III - Arcanum Omniversalis/Arcane Periodic Tables/Arcane Table/(141ΓÇô170) Transcendent Elements.md,New Readers Start Here/III - Arcanum Omniversalis/Arcane Periodic Tables/Arcane Table/(141ΓÇô170) Transcendent Elements.md,yes,.md
(87ΓÇô118) Cataclysmic Elements.md,III - Arcanum Omniversalis/Arcane Periodic Tables/Arcane Table/(87ΓÇô118) Cataclysmic Elements.md,New Readers Start Here/III - Arcanum Omniversalis/Arcane Periodic Tables/Arcane Table/(87ΓÇô118) Cataclysmic Elements.md,yes,.md
(11ΓÇô36) Conductor Elements.md,III - Arcanum Omniversalis/Arcane Periodic Tables/Arcane Table/(11ΓÇô36) Conductor Elements.md,New Readers Start Here/III - Arcanum Omniversalis/Arcane Periodic Tables/Arcane Table/(11ΓÇô36) Conductor Elements.md,yes,.md
(37ΓÇô54) Binding Elements.md,III - Arcanum Omniversalis/Arcane Periodic Tables/Arcane Table/(37ΓÇô54) Binding Elements.md,New Readers Start Here/III - Arcanum Omniversalis/Arcane Periodic Tables/Arcane Table/(37ΓÇô54) Binding Elements.md,yes,.md
Arcane Table.md,III - Arcanum Omniversalis/Arcane Periodic Tables/Arcane Table/Arcane Table.md,New Readers Start Here/III - Arcanum Omniversalis/Arcane Periodic Tables/Arcane Table/Arcane Table.md,yes,.md
(119ΓÇô140) Hyperheavy Elements.md,III - Arcanum Omniversalis/Arcane Periodic Tables/Arcane Table/(119ΓÇô140) Hyperheavy Elements.md,New Readers Start Here/III - Arcanum Omniversalis/Arcane Periodic Tables/Arcane Table/(119ΓÇô140) Hyperheavy Elements.md,yes,.md
Oblivion.md,I - Pleroma Archive/Structure/Omniversal Structure/Oblivion.md,New Readers Start Here/I - Pleroma Archive/Structure/Omniversal Structure/Oblivion.md,yes,.md
Tempus Profundis.md,I - Pleroma Archive/Structure/Omniversal Structure/Tempus Profundis.md,New Readers Start Here/I - Pleroma Archive/Structure/Omniversal Structure/Tempus Profundis.md,yes,.md
Kardashev VII.md,I - Pleroma Archive/Knowledge/Kardashev Scale/Kardashev VII.md,New Readers Start Here/I - Pleroma Archive/Knowledge/Kardashev Scale/Kardashev VII.md,yes,.md
Kardashev V.md,I - Pleroma Archive/Knowledge/Kardashev Scale/Kardashev V.md,New Readers Start Here/I - Pleroma Archive/Knowledge/Kardashev Scale/Kardashev V.md,yes,.md
Kardashev II.md,I - Pleroma Archive/Knowledge/Kardashev Scale/Kardashev II.md,New Readers Start Here/I - Pleroma Archive/Knowledge/Kardashev Scale/Kardashev II.md,yes,.md
Kardashev III.md,I - Pleroma Archive/Knowledge/Kardashev Scale/Kardashev III.md,New Readers Start Here/I - Pleroma Archive/Knowledge/Kardashev Scale/Kardashev III.md,yes,.md
Kardashev VI.md,I - Pleroma Archive/Knowledge/Kardashev Scale/Kardashev VI.md,New Readers Start Here/I - Pleroma Archive/Knowledge/Kardashev Scale/Kardashev VI.md,yes,.md
Kardashev Scale.md,I - Pleroma Archive/Knowledge/Kardashev Scale/Kardashev Scale.md,New Readers Start Here/I - Pleroma Archive/Knowledge/Kardashev Scale/Kardashev Scale.md,yes,.md
Kardashev I.md,I - Pleroma Archive/Knowledge/Kardashev Scale/Kardashev I.md,New Readers Start Here/I - Pleroma Archive/Knowledge/Kardashev Scale/Kardashev I.md,yes,.md
Kardashev IV.md,I - Pleroma Archive/Knowledge/Kardashev Scale/Kardashev IV.md,New Readers Start Here/I - Pleroma Archive/Knowledge/Kardashev Scale/Kardashev IV.md,yes,.md
Tier Index - Tier 1.md,I - Pleroma Archive/_Pleroma Archive Management/Tier Indexes/Tier Index - Tier 1.md,New Readers Start Here/I - Pleroma Archive/_Pleroma Archive Management/Tier Indexes/Tier Index - Tier 1.md,yes,.md
Tier Index - Tier 4.md,I - Pleroma Archive/_Pleroma Archive Management/Tier Indexes/Tier Index - Tier 4.md,New Readers Start Here/I - Pleroma Archive/_Pleroma Archive Management/Tier Indexes/Tier Index - Tier 4.md,yes,.md
Tier Index - Tier 3.md,I - Pleroma Archive/_Pleroma Archive Management/Tier Indexes/Tier Index - Tier 3.md,New Readers Start Here/I - Pleroma Archive/_Pleroma Archive Management/Tier Indexes/Tier Index - Tier 3.md,yes,.md
Tier Index - Tier 2.md,I - Pleroma Archive/_Pleroma Archive Management/Tier Indexes/Tier Index - Tier 2.md,New Readers Start Here/I - Pleroma Archive/_Pleroma Archive Management/Tier Indexes/Tier Index - Tier 2.md,yes,.md
Missing Notes Recovery Index.md,I - Pleroma Archive/_Pleroma Archive Management/Missing Note Recovery/Missing Notes Recovery Index.md,New Readers Start Here/I - Pleroma Archive/_Pleroma Archive Management/Missing Note Recovery/Missing Notes Recovery Index.md,yes,.md
Retained Generated Stubs - Public Link Review.md,I - Pleroma Archive/_Pleroma Archive Management/Missing Note Recovery/Retained Generated Stubs - Public Link Review.md,New Readers Start Here/I - Pleroma Archive/_Pleroma Archive Management/Missing Note Recovery/Retained Generated Stubs - Public Link Review.md,yes,.md
Generated Stub Cleanup Report - 2026-06-19.md,I - Pleroma Archive/_Pleroma Archive Management/Missing Note Recovery/Generated Stub Cleanup Report - 2026-06-19.md,New Readers Start Here/I - Pleroma Archive/_Pleroma Archive Management/Missing Note Recovery/Generated Stub Cleanup Report - 2026-06-19.md,yes,.md
Civilizations Portal.md,I - Pleroma Archive/_Pleroma Archive Management/Portals/Civilizations Portal.md,New Readers Start Here/I - Pleroma Archive/_Pleroma Archive Management/Portals/Civilizations Portal.md,yes,.md
Cosmology Portal.md,I - Pleroma Archive/_Pleroma Archive Management/Portals/Cosmology Portal.md,New Readers Start Here/I - Pleroma Archive/_Pleroma Archive Management/Portals/Cosmology Portal.md,yes,.md
Megastructures Portal.md,I - Pleroma Archive/_Pleroma Archive Management/Portals/Megastructures Portal.md,New Readers Start Here/I - Pleroma Archive/_Pleroma Archive Management/Portals/Megastructures Portal.md,yes,.md
Pleroma Portal.md,I - Pleroma Archive/_Pleroma Archive Management/Portals/Pleroma Portal.md,New Readers Start Here/I - Pleroma Archive/_Pleroma Archive Management/Portals/Pleroma Portal.md,yes,.md
Technology Portal.md,I - Pleroma Archive/_Pleroma Archive Management/Portals/Technology Portal.md,New Readers Start Here/I - Pleroma Archive/_Pleroma Archive Management/Portals/Technology Portal.md,yes,.md
History Portal.md,I - Pleroma Archive/_Pleroma Archive Management/Portals/History Portal.md,New Readers Start Here/I - Pleroma Archive/_Pleroma Archive Management/Portals/History Portal.md,yes,.md
Tier 3 - Advanced Portal.md,I - Pleroma Archive/_Pleroma Archive Management/Portals/Tier 3 - Advanced Portal.md,New Readers Start Here/I - Pleroma Archive/_Pleroma Archive Management/Portals/Tier 3 - Advanced Portal.md,yes,.md
Locations Portal.md,I - Pleroma Archive/_Pleroma Archive Management/Portals/Locations Portal.md,New Readers Start Here/I - Pleroma Archive/_Pleroma Archive Management/Portals/Locations Portal.md,yes,.md
Characters Portal.md,I - Pleroma Archive/_Pleroma Archive Management/Portals/Characters Portal.md,New Readers Start Here/I - Pleroma Archive/_Pleroma Archive Management/Portals/Characters Portal.md,yes,.md
Tier 2 - Intermediate Portal.md,I - Pleroma Archive/_Pleroma Archive Management/Portals/Tier 2 - Intermediate Portal.md,New Readers Start Here/I - Pleroma Archive/_Pleroma Archive Management/Portals/Tier 2 - Intermediate Portal.md,yes,.md
Master Omniversal Theory (MOT) Portal.md,I - Pleroma Archive/_Pleroma Archive Management/Portals/Master Omniversal Theory (MOT) Portal.md,New Readers Start Here/I - Pleroma Archive/_Pleroma Archive Management/Portals/Master Omniversal Theory (MOT) Portal.md,yes,.md
Materials Portal.md,I - Pleroma Archive/_Pleroma Archive Management/Portals/Materials Portal.md,New Readers Start Here/I - Pleroma Archive/_Pleroma Archive Management/Portals/Materials Portal.md,yes,.md
Tier 4 - Specialist Portal.md,I - Pleroma Archive/_Pleroma Archive Management/Portals/Tier 4 - Specialist Portal.md,New Readers Start Here/I - Pleroma Archive/_Pleroma Archive Management/Portals/Tier 4 - Specialist Portal.md,yes,.md
Tier 1 - New Reader Portal.md,I - Pleroma Archive/_Pleroma Archive Management/Portals/Tier 1 - New Reader Portal.md,New Readers Start Here/I - Pleroma Archive/_Pleroma Archive Management/Portals/Tier 1 - New Reader Portal.md,yes,.md
Archivist Review Index.md,I - Pleroma Archive/_Pleroma Archive Management/Audits/Archivist Review Index.md,New Readers Start Here/I - Pleroma Archive/_Pleroma Archive Management/Audits/Archivist Review Index.md,yes,.md
Broken Link Audit.md,I - Pleroma Archive/_Pleroma Archive Management/Audits/Broken Link Audit.md,New Readers Start Here/I - Pleroma Archive/_Pleroma Archive Management/Audits/Broken Link Audit.md,yes,.md
Folder Health Audit.md,I - Pleroma Archive/_Pleroma Archive Management/Audits/Folder Health Audit.md,New Readers Start Here/I - Pleroma Archive/_Pleroma Archive Management/Audits/Folder Health Audit.md,yes,.md
Deep Clean Report - 2026-06-18.md,I - Pleroma Archive/_Pleroma Archive Management/Audits/Deep Clean Report - 2026-06-18.md,New Readers Start Here/I - Pleroma Archive/_Pleroma Archive Management/Audits/Deep Clean Report - 2026-06-18.md,yes,.md
Duplicate and Consistency Audit.md,I - Pleroma Archive/_Pleroma Archive Management/Audits/Duplicate and Consistency Audit.md,New Readers Start Here/I - Pleroma Archive/_Pleroma Archive Management/Audits/Duplicate and Consistency Audit.md,yes,.md
Atlas Readiness Report - Pleroma Archive.md,I - Pleroma Archive/_Pleroma Archive Management/Audits/Atlas Readiness Report - Pleroma Archive.md,New Readers Start Here/I - Pleroma Archive/_Pleroma Archive Management/Audits/Atlas Readiness Report - Pleroma Archive.md,yes,.md
Category Index - Civilization.md,I - Pleroma Archive/_Pleroma Archive Management/Category Indexes/Category Index - Civilization.md,New Readers Start Here/I - Pleroma Archive/_Pleroma Archive Management/Category Indexes/Category Index - Civilization.md,yes,.md
Category Index - Technology.md,I - Pleroma Archive/_Pleroma Archive Management/Category Indexes/Category Index - Technology.md,New Readers Start Here/I - Pleroma Archive/_Pleroma Archive Management/Category Indexes/Category Index - Technology.md,yes,.md
Category Index - Character.md,I - Pleroma Archive/_Pleroma Archive Management/Category Indexes/Category Index - Character.md,New Readers Start Here/I - Pleroma Archive/_Pleroma Archive Management/Category Indexes/Category Index - Character.md,yes,.md
Category Index - Religion.md,I - Pleroma Archive/_Pleroma Archive Management/Category Indexes/Category Index - Religion.md,New Readers Start Here/I - Pleroma Archive/_Pleroma Archive Management/Category Indexes/Category Index - Religion.md,yes,.md
Category Index - Megastructure.md,I - Pleroma Archive/_Pleroma Archive Management/Category Indexes/Category Index - Megastructure.md,New Readers Start Here/I - Pleroma Archive/_Pleroma Archive Management/Category Indexes/Category Index - Megastructure.md,yes,.md
Category Index - Location.md,I - Pleroma Archive/_Pleroma Archive Management/Category Indexes/Category Index - Location.md,New Readers Start Here/I - Pleroma Archive/_Pleroma Archive Management/Category Indexes/Category Index - Location.md,yes,.md
Category Index - Cosmology.md,I - Pleroma Archive/_Pleroma Archive Management/Category Indexes/Category Index - Cosmology.md,New Readers Start Here/I - Pleroma Archive/_Pleroma Archive Management/Category Indexes/Category Index - Cosmology.md,yes,.md
Category Index - Philosophy.md,I - Pleroma Archive/_Pleroma Archive Management/Category Indexes/Category Index - Philosophy.md,New Readers Start Here/I - Pleroma Archive/_Pleroma Archive Management/Category Indexes/Category Index - Philosophy.md,yes,.md
Category Index - Archive Infrastructure.md,I - Pleroma Archive/_Pleroma Archive Management/Category Indexes/Category Index - Archive Infrastructure.md,New Readers Start Here/I - Pleroma Archive/_Pleroma Archive Management/Category Indexes/Category Index - Archive Infrastructure.md,yes,.md
Category Index - Military.md,I - Pleroma Archive/_Pleroma Archive Management/Category Indexes/Category Index - Military.md,New Readers Start Here/I - Pleroma Archive/_Pleroma Archive Management/Category Indexes/Category Index - Military.md,yes,.md
Category Index - History.md,I - Pleroma Archive/_Pleroma Archive Management/Category Indexes/Category Index - History.md,New Readers Start Here/I - Pleroma Archive/_Pleroma Archive Management/Category Indexes/Category Index - History.md,yes,.md
Category Index - Materials.md,I - Pleroma Archive/_Pleroma Archive Management/Category Indexes/Category Index - Materials.md,New Readers Start Here/I - Pleroma Archive/_Pleroma Archive Management/Category Indexes/Category Index - Materials.md,yes,.md
Category Index - Government.md,I - Pleroma Archive/_Pleroma Archive Management/Category Indexes/Category Index - Government.md,New Readers Start Here/I - Pleroma Archive/_Pleroma Archive Management/Category Indexes/Category Index - Government.md,yes,.md
Catherine Zohair.md,I - Pleroma Archive/Characters/Dominion/Catherine Zohair.md,New Readers Start Here/I - Pleroma Archive/Characters/Dominion/Catherine Zohair.md,yes,.md
Vel__Dominion__57d5ef9e.md,I - Pleroma Archive/Characters/Dominion/Vel.md,New Readers Start Here/I - Pleroma Archive/Characters/Dominion/Vel.md,yes,.md
Darius Zohair.md,I - Pleroma Archive/Characters/Dominion/Darius Zohair.md,New Readers Start Here/I - Pleroma Archive/Characters/Dominion/Darius Zohair.md,yes,.md
Johnny Finand.md,I - Pleroma Archive/Characters/Dominion/Johnny Finand.md,New Readers Start Here/I - Pleroma Archive/Characters/Dominion/Johnny Finand.md,yes,.md
Maxine Hyden.md,I - Pleroma Archive/Characters/Dominion/Maxine Hyden.md,New Readers Start Here/I - Pleroma Archive/Characters/Dominion/Maxine Hyden.md,yes,.md
Demetrius Orfano.md,I - Pleroma Archive/Characters/Dominion/Demetrius Orfano.md,New Readers Start Here/I - Pleroma Archive/Characters/Dominion/Demetrius Orfano.md,yes,.md
Dr. Augustus Adams.md,I - Pleroma Archive/Characters/Dominion/Dr. Augustus Adams.md,New Readers Start Here/I - Pleroma Archive/Characters/Dominion/Dr. Augustus Adams.md,yes,.md
Relationship Tree.canvas,I - Pleroma Archive/Characters/Dominion/Relationship Tree.canvas,New Readers Start Here/I - Pleroma Archive/Characters/Dominion/Relationship Tree.canvas,no,.canvas
Lysander Napierarch.md,I - Pleroma Archive/Characters/Dominion/Lysander Napierarch.md,New Readers Start Here/I - Pleroma Archive/Characters/Dominion/Lysander Napierarch.md,yes,.md
Sachin The Frayed.md,I - Pleroma Archive/Characters/Dominion/Sachin The Frayed.md,New Readers Start Here/I - Pleroma Archive/Characters/Dominion/Sachin The Frayed.md,yes,.md
Armand Zohair.md,I - Pleroma Archive/Characters/Dominion/Armand Zohair.md,New Readers Start Here/I - Pleroma Archive/Characters/Dominion/Armand Zohair.md,yes,.md
Emilia Navarro.md,I - Pleroma Archive/Characters/Dominion/Emilia Navarro.md,New Readers Start Here/I - Pleroma Archive/Characters/Dominion/Emilia Navarro.md,yes,.md
Evelynn Zohair.md,I - Pleroma Archive/Characters/Dominion/Evelynn Zohair.md,New Readers Start Here/I - Pleroma Archive/Characters/Dominion/Evelynn Zohair.md,yes,.md
William Zohair.md,I - Pleroma Archive/Characters/Dominion/William Zohair.md,New Readers Start Here/I - Pleroma Archive/Characters/Dominion/William Zohair.md,yes,.md
Anner Terson.md,I - Pleroma Archive/Characters/Dominion/Anner Terson.md,New Readers Start Here/I - Pleroma Archive/Characters/Dominion/Anner Terson.md,yes,.md
Jordan Ortega.md,I - Pleroma Archive/Characters/Dominion/Jordan Ortega.md,New Readers Start Here/I - Pleroma Archive/Characters/Dominion/Jordan Ortega.md,yes,.md
Lord Axel Highmore.md,I - Pleroma Archive/Characters/Dominion/Lord Axel Highmore.md,New Readers Start Here/I - Pleroma Archive/Characters/Dominion/Lord Axel Highmore.md,yes,.md
The Hollow Veins.md,IV - Cosmologia Omniversalis/Realms/The Hollow Veins/The Hollow Veins.md,New Readers Start Here/IV - Cosmologia Omniversalis/Realms/The Hollow Veins/The Hollow Veins.md,yes,.md
Forgotten Underworlds.md,IV - Cosmologia Omniversalis/Realms/The Hollow Veins/Forgotten Underworlds.md,New Readers Start Here/IV - Cosmologia Omniversalis/Realms/The Hollow Veins/Forgotten Underworlds.md,yes,.md
Feral Expanse.md,IV - Cosmologia Omniversalis/Realms/The Bleeding Wilds/Feral Expanse.md,New Readers Start Here/IV - Cosmologia Omniversalis/Realms/The Bleeding Wilds/Feral Expanse.md,yes,.md
The Bleeding Wilds.md,IV - Cosmologia Omniversalis/Realms/The Bleeding Wilds/The Bleeding Wilds.md,New Readers Start Here/IV - Cosmologia Omniversalis/Realms/The Bleeding Wilds/The Bleeding Wilds.md,yes,.md
Edge of the Empty.md,IV - Cosmologia Omniversalis/Realms/The Null Shores/Edge of the Empty.md,New Readers Start Here/IV - Cosmologia Omniversalis/Realms/The Null Shores/Edge of the Empty.md,yes,.md
The Null Shores.md,IV - Cosmologia Omniversalis/Realms/The Null Shores/The Null Shores.md,New Readers Start Here/IV - Cosmologia Omniversalis/Realms/The Null Shores/The Null Shores.md,yes,.md
Dream-Wastes.md,IV - Cosmologia Omniversalis/Realms/Dream-Wastes/Dream-Wastes.md,New Readers Start Here/IV - Cosmologia Omniversalis/Realms/Dream-Wastes/Dream-Wastes.md,yes,.md
Somnial Fractures.md,IV - Cosmologia Omniversalis/Realms/Dream-Wastes/Somnial Fractures.md,New Readers Start Here/IV - Cosmologia Omniversalis/Realms/Dream-Wastes/Somnial Fractures.md,yes,.md
The Shadow Realms.md,IV - Cosmologia Omniversalis/Realms/The Shadow Realms/The Shadow Realms.md,New Readers Start Here/IV - Cosmologia Omniversalis/Realms/The Shadow Realms/The Shadow Realms.md,yes,.md
Umbrae.md,IV - Cosmologia Omniversalis/Realms/The Shadow Realms/Umbrae.md,New Readers Start Here/IV - Cosmologia Omniversalis/Realms/The Shadow Realms/Umbrae.md,yes,.md
The Tempest Realms.md,IV - Cosmologia Omniversalis/Realms/The Tempest Realms/The Tempest Realms.md,New Readers Start Here/IV - Cosmologia Omniversalis/Realms/The Tempest Realms/The Tempest Realms.md,yes,.md
Elemental Chaos Zones.md,IV - Cosmologia Omniversalis/Realms/The Tempest Realms/Elemental Chaos Zones.md,New Readers Start Here/IV - Cosmologia Omniversalis/Realms/The Tempest Realms/Elemental Chaos Zones.md,yes,.md
History__Fundamentum Elementalis__f27c5837.md,IV - Cosmologia Omniversalis/Planes/Fundamentum Elementalis/History.md,New Readers Start Here/IV - Cosmologia Omniversalis/Planes/Fundamentum Elementalis/History.md,yes,.md
Fundamentum Elementalis.md,IV - Cosmologia Omniversalis/Planes/Fundamentum Elementalis/Fundamentum Elementalis.md,New Readers Start Here/IV - Cosmologia Omniversalis/Planes/Fundamentum Elementalis/Fundamentum Elementalis.md,yes,.md
History__Omen _Phenomenological layers__3d70e45d.md,IV - Cosmologia Omniversalis/Planes/Omen (Phenomenological layers)/History.md,New Readers Start Here/IV - Cosmologia Omniversalis/Planes/Omen (Phenomenological layers)/History.md,yes,.md
Omen (Phenomenological layers).md,IV - Cosmologia Omniversalis/Planes/Omen (Phenomenological layers)/Omen (Phenomenological layers).md,New Readers Start Here/IV - Cosmologia Omniversalis/Planes/Omen (Phenomenological layers)/Omen (Phenomenological layers).md,yes,.md
History__Chronal Substrate _Tempus Profundis__1d5547c7.md,IV - Cosmologia Omniversalis/Planes/Chronal Substrate (Tempus Profundis)/History.md,New Readers Start Here/IV - Cosmologia Omniversalis/Planes/Chronal Substrate (Tempus Profundis)/History.md,yes,.md
Chronal Substrate (Tempus Profundis).md,IV - Cosmologia Omniversalis/Planes/Chronal Substrate (Tempus Profundis)/Chronal Substrate (Tempus Profundis).md,New Readers Start Here/IV - Cosmologia Omniversalis/Planes/Chronal Substrate (Tempus Profundis)/Chronal Substrate (Tempus Profundis).md,yes,.md
History__Echoic _Death__d100ee46.md,IV - Cosmologia Omniversalis/Planes/Echoic (Death)/History.md,New Readers Start Here/IV - Cosmologia Omniversalis/Planes/Echoic (Death)/History.md,yes,.md
Echoic (Death).md,IV - Cosmologia Omniversalis/Planes/Echoic (Death)/Echoic (Death).md,New Readers Start Here/IV - Cosmologia Omniversalis/Planes/Echoic (Death)/Echoic (Death).md,yes,.md
History__Vital Expanse__20fa0b2a.md,IV - Cosmologia Omniversalis/Planes/Vital Expanse/History.md,New Readers Start Here/IV - Cosmologia Omniversalis/Planes/Vital Expanse/History.md,yes,.md
Vital Expanse.md,IV - Cosmologia Omniversalis/Planes/Vital Expanse/Vital Expanse.md,New Readers Start Here/IV - Cosmologia Omniversalis/Planes/Vital Expanse/Vital Expanse.md,yes,.md
The Hunger.md,IV - Cosmologia Omniversalis/Planes/Vital Expanse/The Hunger.md,New Readers Start Here/IV - Cosmologia Omniversalis/Planes/Vital Expanse/The Hunger.md,yes,.md
History__Material Continuum__d6258aba.md,IV - Cosmologia Omniversalis/Planes/Material Continuum/History.md,New Readers Start Here/IV - Cosmologia Omniversalis/Planes/Material Continuum/History.md,yes,.md
Material Continuum.md,IV - Cosmologia Omniversalis/Planes/Material Continuum/Material Continuum.md,New Readers Start Here/IV - Cosmologia Omniversalis/Planes/Material Continuum/Material Continuum.md,yes,.md
History__Sheol-Gehenna _Malice__e567d4d1.md,IV - Cosmologia Omniversalis/Planes/Sheol-Gehenna (Malice)/History.md,New Readers Start Here/IV - Cosmologia Omniversalis/Planes/Sheol-Gehenna (Malice)/History.md,yes,.md
Blight Realms.md,IV - Cosmologia Omniversalis/Planes/Sheol-Gehenna (Malice)/Blight Realms.md,New Readers Start Here/IV - Cosmologia Omniversalis/Planes/Sheol-Gehenna (Malice)/Blight Realms.md,yes,.md
Sheol-Gehenna (Malice).md,IV - Cosmologia Omniversalis/Planes/Sheol-Gehenna (Malice)/Sheol-Gehenna (Malice).md,New Readers Start Here/IV - Cosmologia Omniversalis/Planes/Sheol-Gehenna (Malice)/Sheol-Gehenna (Malice).md,yes,.md
Daily Life__Sheol-Gehenna _Malice__e1cb703e.md,IV - Cosmologia Omniversalis/Planes/Sheol-Gehenna (Malice)/Daily Life.md,New Readers Start Here/IV - Cosmologia Omniversalis/Planes/Sheol-Gehenna (Malice)/Daily Life.md,yes,.md
The Maw.md,IV - Cosmologia Omniversalis/Planes/Sheol-Gehenna (Malice)/The Maw.md,New Readers Start Here/IV - Cosmologia Omniversalis/Planes/Sheol-Gehenna (Malice)/The Maw.md,yes,.md
The Infernal Megalopolis.md,IV - Cosmologia Omniversalis/Planes/Sheol-Gehenna (Malice)/The Infernal Megalopolis.md,New Readers Start Here/IV - Cosmologia Omniversalis/Planes/Sheol-Gehenna (Malice)/The Infernal Megalopolis.md,yes,.md
Furnace Hells.md,IV - Cosmologia Omniversalis/Planes/Sheol-Gehenna (Malice)/Furnace Hells.md,New Readers Start Here/IV - Cosmologia Omniversalis/Planes/Sheol-Gehenna (Malice)/Furnace Hells.md,yes,.md
Reflected Hells.md,IV - Cosmologia Omniversalis/Planes/Sheol-Gehenna (Malice)/Reflected Hells.md,New Readers Start Here/IV - Cosmologia Omniversalis/Planes/Sheol-Gehenna (Malice)/Reflected Hells.md,yes,.md
False Infinities.md,IV - Cosmologia Omniversalis/Planes/Sheol-Gehenna (Malice)/False Infinities.md,New Readers Start Here/IV - Cosmologia Omniversalis/Planes/Sheol-Gehenna (Malice)/False Infinities.md,yes,.md
Infernum Novem.md,IV - Cosmologia Omniversalis/Planes/Sheol-Gehenna (Malice)/Infernum Novem.md,New Readers Start Here/IV - Cosmologia Omniversalis/Planes/Sheol-Gehenna (Malice)/Infernum Novem.md,yes,.md
Infernal Depths.md,IV - Cosmologia Omniversalis/Planes/Infernal Depths/Infernal Depths.md,New Readers Start Here/IV - Cosmologia Omniversalis/Planes/Infernal Depths/Infernal Depths.md,yes,.md
History__Infernal Depths__79d6e4b4.md,IV - Cosmologia Omniversalis/Planes/Infernal Depths/History.md,New Readers Start Here/IV - Cosmologia Omniversalis/Planes/Infernal Depths/History.md,yes,.md
The Empty__The Empty__a0fc60fd.md,IV - Cosmologia Omniversalis/Planes/The Empty/The Empty.md,New Readers Start Here/IV - Cosmologia Omniversalis/Planes/The Empty/The Empty.md,yes,.md
Ritual.md,IV - Cosmologia Omniversalis/Planes/The Empty/Ritual.md,New Readers Start Here/IV - Cosmologia Omniversalis/Planes/The Empty/Ritual.md,yes,.md
History__Oneiric _Dream__0d2fa2d8.md,IV - Cosmologia Omniversalis/Planes/Oneiric (Dream)/History.md,New Readers Start Here/IV - Cosmologia Omniversalis/Planes/Oneiric (Dream)/History.md,yes,.md
Oneiric (Dream).md,IV - Cosmologia Omniversalis/Planes/Oneiric (Dream)/Oneiric (Dream).md,New Readers Start Here/IV - Cosmologia Omniversalis/Planes/Oneiric (Dream)/Oneiric (Dream).md,yes,.md
Lord of Dreams.md,IV - Cosmologia Omniversalis/Planes/Oneiric (Dream)/Lord of Dreams.md,New Readers Start Here/IV - Cosmologia Omniversalis/Planes/Oneiric (Dream)/Lord of Dreams.md,yes,.md
Dream Storms.md,IV - Cosmologia Omniversalis/Planes/Oneiric (Dream)/Dream Storms.md,New Readers Start Here/IV - Cosmologia Omniversalis/Planes/Oneiric (Dream)/Dream Storms.md,yes,.md
History__Aravoth _Grace__f878c86b.md,IV - Cosmologia Omniversalis/Planes/Aravoth (Grace)/History.md,New Readers Start Here/IV - Cosmologia Omniversalis/Planes/Aravoth (Grace)/History.md,yes,.md
Daily Life__Aravoth _Grace__a5cfd392.md,IV - Cosmologia Omniversalis/Planes/Aravoth (Grace)/Daily Life.md,New Readers Start Here/IV - Cosmologia Omniversalis/Planes/Aravoth (Grace)/Daily Life.md,yes,.md
Aravoth (Grace).md,IV - Cosmologia Omniversalis/Planes/Aravoth (Grace)/Aravoth (Grace).md,New Readers Start Here/IV - Cosmologia Omniversalis/Planes/Aravoth (Grace)/Aravoth (Grace).md,yes,.md
History__The Axiomatic Stratum__041cc189.md,IV - Cosmologia Omniversalis/Planes/The Axiomatic Stratum/History.md,New Readers Start Here/IV - Cosmologia Omniversalis/Planes/The Axiomatic Stratum/History.md,yes,.md
The Axiomatic Stratum.md,IV - Cosmologia Omniversalis/Planes/The Axiomatic Stratum/The Axiomatic Stratum.md,New Readers Start Here/IV - Cosmologia Omniversalis/Planes/The Axiomatic Stratum/The Axiomatic Stratum.md,yes,.md
2 - Saturn.md,II - Companion Narratives/Syl'Cothan Dominion/2 - Sol/Outer System/2 - Saturn.md,New Readers Start Here/II - Companion Narratives/Syl'Cothan Dominion/2 - Sol/Outer System/2 - Saturn.md,yes,.md
5 - Pluto.md,II - Companion Narratives/Syl'Cothan Dominion/2 - Sol/Outer System/5 - Pluto.md,New Readers Start Here/II - Companion Narratives/Syl'Cothan Dominion/2 - Sol/Outer System/5 - Pluto.md,yes,.md
6 - Kuiper belt.md,II - Companion Narratives/Syl'Cothan Dominion/2 - Sol/Outer System/6 - Kuiper belt.md,New Readers Start Here/II - Companion Narratives/Syl'Cothan Dominion/2 - Sol/Outer System/6 - Kuiper belt.md,yes,.md
4 - Neptune.md,II - Companion Narratives/Syl'Cothan Dominion/2 - Sol/Outer System/4 - Neptune.md,New Readers Start Here/II - Companion Narratives/Syl'Cothan Dominion/2 - Sol/Outer System/4 - Neptune.md,yes,.md
Outer System.md,II - Companion Narratives/Syl'Cothan Dominion/2 - Sol/Outer System/Outer System.md,New Readers Start Here/II - Companion Narratives/Syl'Cothan Dominion/2 - Sol/Outer System/Outer System.md,yes,.md
1 - Jupiter.md,II - Companion Narratives/Syl'Cothan Dominion/2 - Sol/Outer System/1 - Jupiter.md,New Readers Start Here/II - Companion Narratives/Syl'Cothan Dominion/2 - Sol/Outer System/1 - Jupiter.md,yes,.md
3 - Uranus.md,II - Companion Narratives/Syl'Cothan Dominion/2 - Sol/Outer System/3 - Uranus.md,New Readers Start Here/II - Companion Narratives/Syl'Cothan Dominion/2 - Sol/Outer System/3 - Uranus.md,yes,.md
4 - Mercury.md,II - Companion Narratives/Syl'Cothan Dominion/2 - Sol/Inner System/4 - Mercury.md,New Readers Start Here/II - Companion Narratives/Syl'Cothan Dominion/2 - Sol/Inner System/4 - Mercury.md,yes,.md
Inner System.md,II - Companion Narratives/Syl'Cothan Dominion/2 - Sol/Inner System/Inner System.md,New Readers Start Here/II - Companion Narratives/Syl'Cothan Dominion/2 - Sol/Inner System/Inner System.md,yes,.md
3 - Venus.md,II - Companion Narratives/Syl'Cothan Dominion/2 - Sol/Inner System/3 - Venus.md,New Readers Start Here/II - Companion Narratives/Syl'Cothan Dominion/2 - Sol/Inner System/3 - Venus.md,yes,.md
2 - Mars.md,II - Companion Narratives/Syl'Cothan Dominion/2 - Sol/Inner System/2 - Mars.md,New Readers Start Here/II - Companion Narratives/Syl'Cothan Dominion/2 - Sol/Inner System/2 - Mars.md,yes,.md
1 - Luna.md,II - Companion Narratives/Syl'Cothan Dominion/2 - Sol/Inner System/1 - Luna.md,New Readers Start Here/II - Companion Narratives/Syl'Cothan Dominion/2 - Sol/Inner System/1 - Luna.md,yes,.md
5 - Belt.md,II - Companion Narratives/Syl'Cothan Dominion/2 - Sol/Inner System/5 - Belt.md,New Readers Start Here/II - Companion Narratives/Syl'Cothan Dominion/2 - Sol/Inner System/5 - Belt.md,yes,.md
Book II - Harmina Short Story Collection.md,II - Companion Narratives/Syl'Cothan Dominion/5 - Syl'Cothan States/Book II (Harmina)/Book II - Harmina Short Story Collection.md,New Readers Start Here/II - Companion Narratives/Syl'Cothan Dominion/5 - Syl'Cothan States/Book II (Harmina)/Book II - Harmina Short Story Collection.md,yes,.md
Story Index - Harmina Outside the Main Cast.md,II - Companion Narratives/Syl'Cothan Dominion/5 - Syl'Cothan States/Book II (Harmina)/Story Index - Harmina Outside the Main Cast.md,New Readers Start Here/II - Companion Narratives/Syl'Cothan Dominion/5 - Syl'Cothan States/Book II (Harmina)/Story Index - Harmina Outside the Main Cast.md,yes,.md
Recurring Harminan Viewpoint Cast.md,II - Companion Narratives/Syl'Cothan Dominion/5 - Syl'Cothan States/Book II (Harmina)/Recurring Harminan Viewpoint Cast.md,New Readers Start Here/II - Companion Narratives/Syl'Cothan Dominion/5 - Syl'Cothan States/Book II (Harmina)/Recurring Harminan Viewpoint Cast.md,yes,.md
1 - Cold War 1945.md,II - Companion Narratives/Syl'Cothan Dominion/1 - Earth/1 - Bipolar World/1 - Cold War 1945.md,New Readers Start Here/II - Companion Narratives/Syl'Cothan Dominion/1 - Earth/1 - Bipolar World/1 - Cold War 1945.md,yes,.md
3 - Nuclear & Space Race.md,II - Companion Narratives/Syl'Cothan Dominion/1 - Earth/1 - Bipolar World/3 - Nuclear & Space Race.md,New Readers Start Here/II - Companion Narratives/Syl'Cothan Dominion/1 - Earth/1 - Bipolar World/3 - Nuclear & Space Race.md,yes,.md
Proxy wars.md,II - Companion Narratives/Syl'Cothan Dominion/1 - Earth/1 - Bipolar World/Proxy wars.md,New Readers Start Here/II - Companion Narratives/Syl'Cothan Dominion/1 - Earth/1 - Bipolar World/Proxy wars.md,yes,.md
2 - Infiltration 1947.md,II - Companion Narratives/Syl'Cothan Dominion/1 - Earth/1 - Bipolar World/2 - Infiltration 1947.md,New Readers Start Here/II - Companion Narratives/Syl'Cothan Dominion/1 - Earth/1 - Bipolar World/2 - Infiltration 1947.md,yes,.md
5 - shadow communications.md,II - Companion Narratives/Syl'Cothan Dominion/1 - Earth/4 - The Fractured Millennium/5 - shadow communications.md,New Readers Start Here/II - Companion Narratives/Syl'Cothan Dominion/1 - Earth/4 - The Fractured Millennium/5 - shadow communications.md,yes,.md
2 - War on Terror.md,II - Companion Narratives/Syl'Cothan Dominion/1 - Earth/4 - The Fractured Millennium/2 - War on Terror.md,New Readers Start Here/II - Companion Narratives/Syl'Cothan Dominion/1 - Earth/4 - The Fractured Millennium/2 - War on Terror.md,yes,.md
3 - populist vs globalist.md,II - Companion Narratives/Syl'Cothan Dominion/1 - Earth/4 - The Fractured Millennium/3 - populist vs globalist.md,New Readers Start Here/II - Companion Narratives/Syl'Cothan Dominion/1 - Earth/4 - The Fractured Millennium/3 - populist vs globalist.md,yes,.md
4 - nuclear family.md,II - Companion Narratives/Syl'Cothan Dominion/1 - Earth/4 - The Fractured Millennium/4 - nuclear family.md,New Readers Start Here/II - Companion Narratives/Syl'Cothan Dominion/1 - Earth/4 - The Fractured Millennium/4 - nuclear family.md,yes,.md
6 - Operation Anvil 1960.md,II - Companion Narratives/Syl'Cothan Dominion/1 - Earth/4 - The Fractured Millennium/6 - Operation Anvil 1960.md,New Readers Start Here/II - Companion Narratives/Syl'Cothan Dominion/1 - Earth/4 - The Fractured Millennium/6 - Operation Anvil 1960.md,yes,.md
1 - Security State.md,II - Companion Narratives/Syl'Cothan Dominion/1 - Earth/4 - The Fractured Millennium/1 - Security State.md,New Readers Start Here/II - Companion Narratives/Syl'Cothan Dominion/1 - Earth/4 - The Fractured Millennium/1 - Security State.md,yes,.md
3 - Great Reset.md,II - Companion Narratives/Syl'Cothan Dominion/1 - Earth/3 - Shadows of Collapse/3 - Great Reset.md,New Readers Start Here/II - Companion Narratives/Syl'Cothan Dominion/1 - Earth/3 - Shadows of Collapse/3 - Great Reset.md,yes,.md
4 - digital revolution.md,II - Companion Narratives/Syl'Cothan Dominion/1 - Earth/3 - Shadows of Collapse/4 - digital revolution.md,New Readers Start Here/II - Companion Narratives/Syl'Cothan Dominion/1 - Earth/3 - Shadows of Collapse/4 - digital revolution.md,yes,.md
1 - neoliberal order.md,II - Companion Narratives/Syl'Cothan Dominion/1 - Earth/3 - Shadows of Collapse/1 - neoliberal order.md,New Readers Start Here/II - Companion Narratives/Syl'Cothan Dominion/1 - Earth/3 - Shadows of Collapse/1 - neoliberal order.md,yes,.md
2 - Operation Red Dawn.md,II - Companion Narratives/Syl'Cothan Dominion/1 - Earth/3 - Shadows of Collapse/2 - Operation Red Dawn.md,New Readers Start Here/II - Companion Narratives/Syl'Cothan Dominion/1 - Earth/3 - Shadows of Collapse/2 - Operation Red Dawn.md,yes,.md
6 - Blocs.md,II - Companion Narratives/Syl'Cothan Dominion/1 - Earth/5 - Precipice/6 - Blocs.md,New Readers Start Here/II - Companion Narratives/Syl'Cothan Dominion/1 - Earth/5 - Precipice/6 - Blocs.md,yes,.md
4 - nationalism.md,II - Companion Narratives/Syl'Cothan Dominion/1 - Earth/5 - Precipice/4 - nationalism.md,New Readers Start Here/II - Companion Narratives/Syl'Cothan Dominion/1 - Earth/5 - Precipice/4 - nationalism.md,yes,.md
2 - Nitrogen cycle collapse.md,II - Companion Narratives/Syl'Cothan Dominion/1 - Earth/5 - Precipice/2 - Nitrogen cycle collapse.md,New Readers Start Here/II - Companion Narratives/Syl'Cothan Dominion/1 - Earth/5 - Precipice/2 - Nitrogen cycle collapse.md,yes,.md
1 - Pandemic.md,II - Companion Narratives/Syl'Cothan Dominion/1 - Earth/5 - Precipice/1 - Pandemic.md,New Readers Start Here/II - Companion Narratives/Syl'Cothan Dominion/1 - Earth/5 - Precipice/1 - Pandemic.md,yes,.md
3 - corruption.md,II - Companion Narratives/Syl'Cothan Dominion/1 - Earth/5 - Precipice/3 - corruption.md,New Readers Start Here/II - Companion Narratives/Syl'Cothan Dominion/1 - Earth/5 - Precipice/3 - corruption.md,yes,.md
5 - Civil War.md,II - Companion Narratives/Syl'Cothan Dominion/1 - Earth/5 - Precipice/5 - Civil War.md,New Readers Start Here/II - Companion Narratives/Syl'Cothan Dominion/1 - Earth/5 - Precipice/5 - Civil War.md,yes,.md
"1 - Vietnam, Cuban Missile Crisis, Middle Eastern wars.md","II - Companion Narratives/Syl'Cothan Dominion/1 - Earth/2 - Age of Proxy/1 - Vietnam, Cuban Missile Crisis, Middle Eastern wars.md","New Readers Start Here/II - Companion Narratives/Syl'Cothan Dominion/1 - Earth/2 - Age of Proxy/1 - Vietnam, Cuban Missile Crisis, Middle Eastern wars.md",yes,.md
4 - deep state.md,II - Companion Narratives/Syl'Cothan Dominion/1 - Earth/2 - Age of Proxy/4 - deep state.md,New Readers Start Here/II - Companion Narratives/Syl'Cothan Dominion/1 - Earth/2 - Age of Proxy/4 - deep state.md,yes,.md
2 - PMCs and covert wars.md,II - Companion Narratives/Syl'Cothan Dominion/1 - Earth/2 - Age of Proxy/2 - PMCs and covert wars.md,New Readers Start Here/II - Companion Narratives/Syl'Cothan Dominion/1 - Earth/2 - Age of Proxy/2 - PMCs and covert wars.md,yes,.md
3 - Counterculture.md,II - Companion Narratives/Syl'Cothan Dominion/1 - Earth/2 - Age of Proxy/3 - Counterculture.md,New Readers Start Here/II - Companion Narratives/Syl'Cothan Dominion/1 - Earth/2 - Age of Proxy/3 - Counterculture.md,yes,.md
Book I (HubFall).md,II - Companion Narratives/Syl'Cothan Dominion/4 - Equilion Union/Book I (HubFall)/Book I (HubFall).md,New Readers Start Here/II - Companion Narratives/Syl'Cothan Dominion/4 - Equilion Union/Book I (HubFall)/Book I (HubFall).md,yes,.md
Chapter IV (Verarchs Rise).md,II - Companion Narratives/Syl'Cothan Dominion/6 - Dominion/Book I/Chapter IV (Verarchs Rise).md,New Readers Start Here/II - Companion Narratives/Syl'Cothan Dominion/6 - Dominion/Book I/Chapter IV (Verarchs Rise).md,yes,.md
Chapter II (Codex of War).md,II - Companion Narratives/Syl'Cothan Dominion/6 - Dominion/Book I/Chapter II (Codex of War).md,New Readers Start Here/II - Companion Narratives/Syl'Cothan Dominion/6 - Dominion/Book I/Chapter II (Codex of War).md,yes,.md
Chapter I (Ascension of the Empress).md,II - Companion Narratives/Syl'Cothan Dominion/6 - Dominion/Book I/Chapter I (Ascension of the Empress).md,New Readers Start Here/II - Companion Narratives/Syl'Cothan Dominion/6 - Dominion/Book I/Chapter I (Ascension of the Empress).md,yes,.md
Chapter III (Birth of the Legions).md,II - Companion Narratives/Syl'Cothan Dominion/6 - Dominion/Book I/Chapter III (Birth of the Legions).md,New Readers Start Here/II - Companion Narratives/Syl'Cothan Dominion/6 - Dominion/Book I/Chapter III (Birth of the Legions).md,yes,.md
Chapter XXVIII (The War In Heaven).md,II - Companion Narratives/Syl'Cothan Dominion/6 - Dominion/Book VII/Chapter XXVIII (The War In Heaven).md,New Readers Start Here/II - Companion Narratives/Syl'Cothan Dominion/6 - Dominion/Book VII/Chapter XXVIII (The War In Heaven).md,yes,.md
Chapter XXVII (The Zek'razzar Veyrth).md,II - Companion Narratives/Syl'Cothan Dominion/6 - Dominion/Book VII/Chapter XXVII (The Zek'razzar Veyrth).md,New Readers Start Here/II - Companion Narratives/Syl'Cothan Dominion/6 - Dominion/Book VII/Chapter XXVII (The Zek'razzar Veyrth).md,yes,.md
Chapter XXVI (The Rift).md,II - Companion Narratives/Syl'Cothan Dominion/6 - Dominion/Book VII/Chapter XXVI (The Rift).md,New Readers Start Here/II - Companion Narratives/Syl'Cothan Dominion/6 - Dominion/Book VII/Chapter XXVI (The Rift).md,yes,.md
Chapter XXV (Dracoshia).md,II - Companion Narratives/Syl'Cothan Dominion/6 - Dominion/Book VII/Chapter XXV (Dracoshia).md,New Readers Start Here/II - Companion Narratives/Syl'Cothan Dominion/6 - Dominion/Book VII/Chapter XXV (Dracoshia).md,yes,.md
Chapter XXIII (The Great War).md,II - Companion Narratives/Syl'Cothan Dominion/6 - Dominion/Book VI/Chapter XXIII (The Great War).md,New Readers Start Here/II - Companion Narratives/Syl'Cothan Dominion/6 - Dominion/Book VI/Chapter XXIII (The Great War).md,yes,.md
Chapter XXI (Domain).md,II - Companion Narratives/Syl'Cothan Dominion/6 - Dominion/Book VI/Chapter XXI (Domain).md,New Readers Start Here/II - Companion Narratives/Syl'Cothan Dominion/6 - Dominion/Book VI/Chapter XXI (Domain).md,yes,.md
Chapter XXII (Earth Primordium).md,II - Companion Narratives/Syl'Cothan Dominion/6 - Dominion/Book VI/Chapter XXII (Earth Primordium).md,New Readers Start Here/II - Companion Narratives/Syl'Cothan Dominion/6 - Dominion/Book VI/Chapter XXII (Earth Primordium).md,yes,.md
Chapter XXIV (Revivification).md,II - Companion Narratives/Syl'Cothan Dominion/6 - Dominion/Book VI/Chapter XXIV (Revivification).md,New Readers Start Here/II - Companion Narratives/Syl'Cothan Dominion/6 - Dominion/Book VI/Chapter XXIV (Revivification).md,yes,.md
Chapter IX (Legion March).md,II - Companion Narratives/Syl'Cothan Dominion/6 - Dominion/Book III/Chapter IX (Legion March).md,New Readers Start Here/II - Companion Narratives/Syl'Cothan Dominion/6 - Dominion/Book III/Chapter IX (Legion March).md,yes,.md
Chapter XI (Trial of the Verarchs).md,II - Companion Narratives/Syl'Cothan Dominion/6 - Dominion/Book III/Chapter XI (Trial of the Verarchs).md,New Readers Start Here/II - Companion Narratives/Syl'Cothan Dominion/6 - Dominion/Book III/Chapter XI (Trial of the Verarchs).md,yes,.md
Chapter X (Broken Accord).md,II - Companion Narratives/Syl'Cothan Dominion/6 - Dominion/Book III/Chapter X (Broken Accord).md,New Readers Start Here/II - Companion Narratives/Syl'Cothan Dominion/6 - Dominion/Book III/Chapter X (Broken Accord).md,yes,.md
Chapter XII (Silent Chorus Unleashed).md,II - Companion Narratives/Syl'Cothan Dominion/6 - Dominion/Book III/Chapter XII (Silent Chorus Unleashed).md,New Readers Start Here/II - Companion Narratives/Syl'Cothan Dominion/6 - Dominion/Book III/Chapter XII (Silent Chorus Unleashed).md,yes,.md
Chapter VII (Chains upon the Sky).md,II - Companion Narratives/Syl'Cothan Dominion/6 - Dominion/Book II/Chapter VII (Chains upon the Sky).md,New Readers Start Here/II - Companion Narratives/Syl'Cothan Dominion/6 - Dominion/Book II/Chapter VII (Chains upon the Sky).md,yes,.md
Chapter VIII (War of Glass and Ash).md,II - Companion Narratives/Syl'Cothan Dominion/6 - Dominion/Book II/Chapter VIII (War of Glass and Ash).md,New Readers Start Here/II - Companion Narratives/Syl'Cothan Dominion/6 - Dominion/Book II/Chapter VIII (War of Glass and Ash).md,yes,.md
Chapter V (Crusade Declared).md,II - Companion Narratives/Syl'Cothan Dominion/6 - Dominion/Book II/Chapter V (Crusade Declared).md,New Readers Start Here/II - Companion Narratives/Syl'Cothan Dominion/6 - Dominion/Book II/Chapter V (Crusade Declared).md,yes,.md
Chapter VI (Fall of Ekhari).md,II - Companion Narratives/Syl'Cothan Dominion/6 - Dominion/Book II/Chapter VI (Fall of Ekhari).md,New Readers Start Here/II - Companion Narratives/Syl'Cothan Dominion/6 - Dominion/Book II/Chapter VI (Fall of Ekhari).md,yes,.md
Chapter XXXI (The New War).md,II - Companion Narratives/Syl'Cothan Dominion/6 - Dominion/Book X/Chapter XXXI (The New War).md,New Readers Start Here/II - Companion Narratives/Syl'Cothan Dominion/6 - Dominion/Book X/Chapter XXXI (The New War).md,yes,.md
Chapter XXXII (Immortal War).md,II - Companion Narratives/Syl'Cothan Dominion/6 - Dominion/Book X/Chapter XXXII (Immortal War).md,New Readers Start Here/II - Companion Narratives/Syl'Cothan Dominion/6 - Dominion/Book X/Chapter XXXII (Immortal War).md,yes,.md
Chapter XVII (BHB).md,II - Companion Narratives/Syl'Cothan Dominion/6 - Dominion/Book V/Chapter XVII (BHB).md,New Readers Start Here/II - Companion Narratives/Syl'Cothan Dominion/6 - Dominion/Book V/Chapter XVII (BHB).md,yes,.md
Chapter XX (Conflict of Harmonies).md,II - Companion Narratives/Syl'Cothan Dominion/6 - Dominion/Book V/Chapter XX (Conflict of Harmonies).md,New Readers Start Here/II - Companion Narratives/Syl'Cothan Dominion/6 - Dominion/Book V/Chapter XX (Conflict of Harmonies).md,yes,.md
Chapter XVIII (Synarchate).md,II - Companion Narratives/Syl'Cothan Dominion/6 - Dominion/Book V/Chapter XVIII (Synarchate).md,New Readers Start Here/II - Companion Narratives/Syl'Cothan Dominion/6 - Dominion/Book V/Chapter XVIII (Synarchate).md,yes,.md
Chapter XIX (Extragalactic).md,II - Companion Narratives/Syl'Cothan Dominion/6 - Dominion/Book V/Chapter XIX (Extragalactic).md,New Readers Start Here/II - Companion Narratives/Syl'Cothan Dominion/6 - Dominion/Book V/Chapter XIX (Extragalactic).md,yes,.md
Age of Unveiling Severance.md,II - Companion Narratives/Syl'Cothan Dominion/6 - Dominion/Book VIII/Age of Unveiling Severance.md,New Readers Start Here/II - Companion Narratives/Syl'Cothan Dominion/6 - Dominion/Book VIII/Age of Unveiling Severance.md,yes,.md
Verse crusade age.md,II - Companion Narratives/Syl'Cothan Dominion/6 - Dominion/Book VIII/Verse crusade age.md,New Readers Start Here/II - Companion Narratives/Syl'Cothan Dominion/6 - Dominion/Book VIII/Verse crusade age.md,yes,.md
Chapter (The Age of Unveiling Severance).md,II - Companion Narratives/Syl'Cothan Dominion/6 - Dominion/Book VIII/Chapter (The Age of Unveiling Severance).md,New Readers Start Here/II - Companion Narratives/Syl'Cothan Dominion/6 - Dominion/Book VIII/Chapter (The Age of Unveiling Severance).md,yes,.md
Chapter (The Old War).md,II - Companion Narratives/Syl'Cothan Dominion/6 - Dominion/Book VIII/Chapter (The Old War).md,New Readers Start Here/II - Companion Narratives/Syl'Cothan Dominion/6 - Dominion/Book VIII/Chapter (The Old War).md,yes,.md
Chapter XXIX (Verse Concursus).md,II - Companion Narratives/Syl'Cothan Dominion/6 - Dominion/Book VIII/Chapter XXIX (Verse Concursus).md,New Readers Start Here/II - Companion Narratives/Syl'Cothan Dominion/6 - Dominion/Book VIII/Chapter XXIX (Verse Concursus).md,yes,.md
Chapter XXX (Munitum Age).md,II - Companion Narratives/Syl'Cothan Dominion/6 - Dominion/Book VIII/Chapter XXX (Munitum Age).md,New Readers Start Here/II - Companion Narratives/Syl'Cothan Dominion/6 - Dominion/Book VIII/Chapter XXX (Munitum Age).md,yes,.md
Chapter XV (Chains of Eternity).md,II - Companion Narratives/Syl'Cothan Dominion/6 - Dominion/Book IV/Chapter XV (Chains of Eternity).md,New Readers Start Here/II - Companion Narratives/Syl'Cothan Dominion/6 - Dominion/Book IV/Chapter XV (Chains of Eternity).md,yes,.md
Chapter XVI (Empress Speaks).md,II - Companion Narratives/Syl'Cothan Dominion/6 - Dominion/Book IV/Chapter XVI (Empress Speaks).md,New Readers Start Here/II - Companion Narratives/Syl'Cothan Dominion/6 - Dominion/Book IV/Chapter XVI (Empress Speaks).md,yes,.md
Chapter XIV (Crucible of Dominion).md,II - Companion Narratives/Syl'Cothan Dominion/6 - Dominion/Book IV/Chapter XIV (Crucible of Dominion).md,New Readers Start Here/II - Companion Narratives/Syl'Cothan Dominion/6 - Dominion/Book IV/Chapter XIV (Crucible of Dominion).md,yes,.md
Chapter XIII (The Last Defiance).md,II - Companion Narratives/Syl'Cothan Dominion/6 - Dominion/Book IV/Chapter XIII (The Last Defiance).md,New Readers Start Here/II - Companion Narratives/Syl'Cothan Dominion/6 - Dominion/Book IV/Chapter XIII (The Last Defiance).md,yes,.md
Chapter XXXI (The Celestial Empress).md,II - Companion Narratives/Syl'Cothan Dominion/6 - Dominion/Book IX/Chapter XXXI (The Celestial Empress).md,New Readers Start Here/II - Companion Narratives/Syl'Cothan Dominion/6 - Dominion/Book IX/Chapter XXXI (The Celestial Empress).md,yes,.md
Species__Species__8d90845f.md,I - Pleroma Archive/Structure/Science/Species/Species.md,New Readers Start Here/I - Pleroma Archive/Structure/Science/Species/Species.md,yes,.md
Species_Comparative_Analysis.md,I - Pleroma Archive/Structure/Science/Species/Species_Comparative_Analysis.md,New Readers Start Here/I - Pleroma Archive/Structure/Science/Species/Species_Comparative_Analysis.md,yes,.md
Phantom energy.md,I - Pleroma Archive/Structure/Science/Technology/Phantom energy.md,New Readers Start Here/I - Pleroma Archive/Structure/Science/Technology/Phantom energy.md,yes,.md
Mobile Fusion Reactors.md,I - Pleroma Archive/Structure/Science/Technology/Mobile Fusion Reactors.md,New Readers Start Here/I - Pleroma Archive/Structure/Science/Technology/Mobile Fusion Reactors.md,yes,.md
Domainea Vailis.md,I - Pleroma Archive/Structure/Science/Technology/Domainea Vailis.md,New Readers Start Here/I - Pleroma Archive/Structure/Science/Technology/Domainea Vailis.md,yes,.md
External Neural Net.md,I - Pleroma Archive/Structure/Science/Technology/External Neural Net.md,New Readers Start Here/I - Pleroma Archive/Structure/Science/Technology/External Neural Net.md,yes,.md
Quantum vacuum energy.md,I - Pleroma Archive/Structure/Science/Technology/Quantum vacuum energy.md,New Readers Start Here/I - Pleroma Archive/Structure/Science/Technology/Quantum vacuum energy.md,yes,.md
Emancipation Barrier.md,I - Pleroma Archive/Structure/Science/Technology/Emancipation Barrier.md,New Readers Start Here/I - Pleroma Archive/Structure/Science/Technology/Emancipation Barrier.md,yes,.md
Holo Locks.md,I - Pleroma Archive/Structure/Science/Technology/Holo Locks.md,New Readers Start Here/I - Pleroma Archive/Structure/Science/Technology/Holo Locks.md,yes,.md
Spears of Ra.md,I - Pleroma Archive/Structure/Science/Technology/Spears of Ra.md,New Readers Start Here/I - Pleroma Archive/Structure/Science/Technology/Spears of Ra.md,yes,.md
Smart Barriers.md,I - Pleroma Archive/Structure/Science/Technology/Smart Barriers.md,New Readers Start Here/I - Pleroma Archive/Structure/Science/Technology/Smart Barriers.md,yes,.md
Multimetric Wormholes.md,I - Pleroma Archive/Structure/Science/Technology/Multimetric Wormholes.md,New Readers Start Here/I - Pleroma Archive/Structure/Science/Technology/Multimetric Wormholes.md,yes,.md
Verse Lance.md,I - Pleroma Archive/Structure/Science/Technology/Verse Lance.md,New Readers Start Here/I - Pleroma Archive/Structure/Science/Technology/Verse Lance.md,yes,.md
Nanomedicine.md,I - Pleroma Archive/Structure/Science/Technology/Nanomedicine.md,New Readers Start Here/I - Pleroma Archive/Structure/Science/Technology/Nanomedicine.md,yes,.md
Everyday Technology.md,I - Pleroma Archive/Structure/Science/Technology/Everyday Technology.md,New Readers Start Here/I - Pleroma Archive/Structure/Science/Technology/Everyday Technology.md,yes,.md
Augmented Reality.md,I - Pleroma Archive/Structure/Science/Technology/Augmented Reality.md,New Readers Start Here/I - Pleroma Archive/Structure/Science/Technology/Augmented Reality.md,yes,.md
Nanomachines.md,I - Pleroma Archive/Structure/Science/Technology/Nanomachines.md,New Readers Start Here/I - Pleroma Archive/Structure/Science/Technology/Nanomachines.md,yes,.md
Bubble Nucleation Event Bomb (BNE).md,I - Pleroma Archive/Structure/Science/Technology/Bubble Nucleation Event Bomb (BNE).md,New Readers Start Here/I - Pleroma Archive/Structure/Science/Technology/Bubble Nucleation Event Bomb (BNE).md,yes,.md
Smart blood.md,I - Pleroma Archive/Structure/Science/Technology/Smart blood.md,New Readers Start Here/I - Pleroma Archive/Structure/Science/Technology/Smart blood.md,yes,.md
Virtual Reality.md,I - Pleroma Archive/Structure/Science/Technology/Virtual Reality.md,New Readers Start Here/I - Pleroma Archive/Structure/Science/Technology/Virtual Reality.md,yes,.md
Computanium.md,I - Pleroma Archive/Structure/Science/Technology/Computanium.md,New Readers Start Here/I - Pleroma Archive/Structure/Science/Technology/Computanium.md,yes,.md
The Kraft Suit.md,I - Pleroma Archive/Structure/Science/Technology/The Kraft Suit.md,New Readers Start Here/I - Pleroma Archive/Structure/Science/Technology/The Kraft Suit.md,yes,.md
Nanofibers.md,I - Pleroma Archive/Structure/Science/Technology/Nanofibers.md,New Readers Start Here/I - Pleroma Archive/Structure/Science/Technology/Nanofibers.md,yes,.md
Spacetime Barrier.md,I - Pleroma Archive/Structure/Science/Technology/Spacetime Barrier.md,New Readers Start Here/I - Pleroma Archive/Structure/Science/Technology/Spacetime Barrier.md,yes,.md
Anti Matter Reactor.md,I - Pleroma Archive/Structure/Science/Technology/Anti Matter Reactor.md,New Readers Start Here/I - Pleroma Archive/Structure/Science/Technology/Anti Matter Reactor.md,yes,.md
Psy Doctrination warfare.md,I - Pleroma Archive/Structure/Science/Technology/Psy Doctrination warfare.md,New Readers Start Here/I - Pleroma Archive/Structure/Science/Technology/Psy Doctrination warfare.md,yes,.md
Smart Armor.md,I - Pleroma Archive/Structure/Science/Technology/Smart Armor.md,New Readers Start Here/I - Pleroma Archive/Structure/Science/Technology/Smart Armor.md,yes,.md
Aegis Of Caelus.md,I - Pleroma Archive/Structure/Science/Technology/Aegis Of Caelus.md,New Readers Start Here/I - Pleroma Archive/Structure/Science/Technology/Aegis Of Caelus.md,yes,.md
Non-local Portal.md,I - Pleroma Archive/Structure/Science/Technology/Non-local Portal.md,New Readers Start Here/I - Pleroma Archive/Structure/Science/Technology/Non-local Portal.md,yes,.md
Nanotechnology.md,I - Pleroma Archive/Structure/Science/Technology/Nanotechnology.md,New Readers Start Here/I - Pleroma Archive/Structure/Science/Technology/Nanotechnology.md,yes,.md
Mind Circuit.md,I - Pleroma Archive/Structure/Science/Technology/Mind Circuit.md,New Readers Start Here/I - Pleroma Archive/Structure/Science/Technology/Mind Circuit.md,yes,.md
Engineered Beauty.md,I - Pleroma Archive/Structure/Science/Technology/Engineered Beauty.md,New Readers Start Here/I - Pleroma Archive/Structure/Science/Technology/Engineered Beauty.md,yes,.md
Husk Spikes.md,I - Pleroma Archive/Structure/Science/Technology/Husk Spikes.md,New Readers Start Here/I - Pleroma Archive/Structure/Science/Technology/Husk Spikes.md,yes,.md
"SMART GLASS SYSTEM ΓÇô INTERACTIVE, SELF-REPAIRING (SGS-IX SERIES).md","I - Pleroma Archive/Structure/Science/Technology/SMART GLASS SYSTEM ΓÇô INTERACTIVE, SELF-REPAIRING (SGS-IX SERIES).md","New Readers Start Here/I - Pleroma Archive/Structure/Science/Technology/SMART GLASS SYSTEM ΓÇô INTERACTIVE, SELF-REPAIRING (SGS-IX SERIES).md",yes,.md
Ablated Light Sail.md,I - Pleroma Archive/Structure/Science/Technology/Ablated Light Sail.md,New Readers Start Here/I - Pleroma Archive/Structure/Science/Technology/Ablated Light Sail.md,yes,.md
Technology__Technology__a6c1fc7a.md,I - Pleroma Archive/Structure/Science/Technology/Technology.md,New Readers Start Here/I - Pleroma Archive/Structure/Science/Technology/Technology.md,yes,.md
Gravity Shading.md,I - Pleroma Archive/Structure/Science/Technology/Gravity Shading.md,New Readers Start Here/I - Pleroma Archive/Structure/Science/Technology/Gravity Shading.md,yes,.md
Armor Phasing.md,I - Pleroma Archive/Structure/Science/Technology/Armor Phasing.md,New Readers Start Here/I - Pleroma Archive/Structure/Science/Technology/Armor Phasing.md,yes,.md
AutoDoc.md,I - Pleroma Archive/Structure/Science/Technology/AutoDoc.md,New Readers Start Here/I - Pleroma Archive/Structure/Science/Technology/AutoDoc.md,yes,.md
Artificial Wombs.md,I - Pleroma Archive/Structure/Science/Technology/Artificial Wombs.md,New Readers Start Here/I - Pleroma Archive/Structure/Science/Technology/Artificial Wombs.md,yes,.md
Antimatter-Catalyzed Fusion.md,I - Pleroma Archive/Structure/Science/Technology/Antimatter-Catalyzed Fusion.md,New Readers Start Here/I - Pleroma Archive/Structure/Science/Technology/Antimatter-Catalyzed Fusion.md,yes,.md
Exotic Materials__Exotic Matter__57b46eeb.md,I - Pleroma Archive/Structure/Science/Exotic Matter/Exotic Materials.md,New Readers Start Here/I - Pleroma Archive/Structure/Science/Exotic Matter/Exotic Materials.md,yes,.md
Aether__Exotic Matter__ae7a5678.md,I - Pleroma Archive/Structure/Science/Exotic Matter/Aether.md,New Readers Start Here/I - Pleroma Archive/Structure/Science/Exotic Matter/Aether.md,yes,.md
Negative Mass.md,I - Pleroma Archive/Structure/Science/Exotic Matter/Negative Mass.md,New Readers Start Here/I - Pleroma Archive/Structure/Science/Exotic Matter/Negative Mass.md,yes,.md
Exotic Matter.md,I - Pleroma Archive/Structure/Science/Exotic Matter/Exotic Matter.md,New Readers Start Here/I - Pleroma Archive/Structure/Science/Exotic Matter/Exotic Matter.md,yes,.md
Verse Field Framework Hub.md,I - Pleroma Archive/Structure/Science/Physics/Verse Field Framework Hub.md,New Readers Start Here/I - Pleroma Archive/Structure/Science/Physics/Verse Field Framework Hub.md,yes,.md
Standard Model.md,I - Pleroma Archive/Structure/Science/Physics/Standard Model.md,New Readers Start Here/I - Pleroma Archive/Structure/Science/Physics/Standard Model.md,yes,.md
Physics.md,I - Pleroma Archive/Structure/Science/Physics/Physics.md,New Readers Start Here/I - Pleroma Archive/Structure/Science/Physics/Physics.md,yes,.md
Vitagenesis Theory.md,I - Pleroma Archive/Structure/Science/Physics/Vitagenesis Theory.md,New Readers Start Here/I - Pleroma Archive/Structure/Science/Physics/Vitagenesis Theory.md,yes,.md
Cosmic Phenomenon__Cosmic Phenomenon__cd8975d1.md,I - Pleroma Archive/Structure/Science/Cosmic Phenomenon/Cosmic Phenomenon.md,New Readers Start Here/I - Pleroma Archive/Structure/Science/Cosmic Phenomenon/Cosmic Phenomenon.md,yes,.md
Cosmic Phenomena Hub.md,I - Pleroma Archive/Structure/Science/Cosmic Phenomenon/Cosmic Phenomena Hub.md,New Readers Start Here/I - Pleroma Archive/Structure/Science/Cosmic Phenomenon/Cosmic Phenomena Hub.md,yes,.md
Structures Hub.md,I - Pleroma Archive/Structure/Science/Cosmic Phenomenon/Structures Hub.md,New Readers Start Here/I - Pleroma Archive/Structure/Science/Cosmic Phenomenon/Structures Hub.md,yes,.md
Angelic&Daemonic Net.md,I - Pleroma Archive/Structure/Science/Clarke Tech/Angelic&Daemonic Net.md,New Readers Start Here/I - Pleroma Archive/Structure/Science/Clarke Tech/Angelic&Daemonic Net.md,yes,.md
Brain Taxonomy.md,I - Pleroma Archive/Structure/Science/Clarke Tech/Brain Taxonomy.md,New Readers Start Here/I - Pleroma Archive/Structure/Science/Clarke Tech/Brain Taxonomy.md,yes,.md
Matter Cores (VFF).md,I - Pleroma Archive/Structure/Science/Clarke Tech/Matter Cores (VFF).md,New Readers Start Here/I - Pleroma Archive/Structure/Science/Clarke Tech/Matter Cores (VFF).md,yes,.md
Synthetic omnipotent soul.md,I - Pleroma Archive/Structure/Science/Clarke Tech/Synthetic omnipotent soul.md,New Readers Start Here/I - Pleroma Archive/Structure/Science/Clarke Tech/Synthetic omnipotent soul.md,yes,.md
Omega Key.md,I - Pleroma Archive/Structure/Science/Clarke Tech/Omega Key.md,New Readers Start Here/I - Pleroma Archive/Structure/Science/Clarke Tech/Omega Key.md,yes,.md
Psionics & Biotics.md,I - Pleroma Archive/Structure/Science/Clarke Tech/Psionics & Biotics.md,New Readers Start Here/I - Pleroma Archive/Structure/Science/Clarke Tech/Psionics & Biotics.md,yes,.md
Clarke Tech.md,I - Pleroma Archive/Structure/Science/Clarke Tech/Clarke Tech.md,New Readers Start Here/I - Pleroma Archive/Structure/Science/Clarke Tech/Clarke Tech.md,yes,.md
Clarke Gates.md,I - Pleroma Archive/Structure/Science/Clarke Tech/Clarke Gates.md,New Readers Start Here/I - Pleroma Archive/Structure/Science/Clarke Tech/Clarke Gates.md,yes,.md
Magi-Tech Atomics.md,I - Pleroma Archive/Structure/Science/Clarke Tech/Magi-Tech Atomics.md,New Readers Start Here/I - Pleroma Archive/Structure/Science/Clarke Tech/Magi-Tech Atomics.md,yes,.md
scuttling doctrine.md,I - Pleroma Archive/Structure/Economy & Infrastructure/Megastructures/scuttling doctrine.md,New Readers Start Here/I - Pleroma Archive/Structure/Economy & Infrastructure/Megastructures/scuttling doctrine.md,yes,.md
Megastructures__Megastructures__5a52f86a.md,I - Pleroma Archive/Structure/Economy & Infrastructure/Megastructures/Megastructures.md,New Readers Start Here/I - Pleroma Archive/Structure/Economy & Infrastructure/Megastructures/Megastructures.md,yes,.md
Megaverse Types (Basins).md,I - Pleroma Archive/Structure/Omniversal Structure/Megaverse Types (Basins)/Megaverse Types (Basins).md,New Readers Start Here/I - Pleroma Archive/Structure/Omniversal Structure/Megaverse Types (Basins)/Megaverse Types (Basins).md,yes,.md
Eos Multiverse.md,I - Pleroma Archive/World/Locations/Eos Multiverse/Eos Multiverse.md,New Readers Start Here/I - Pleroma Archive/World/Locations/Eos Multiverse/Eos Multiverse.md,yes,.md
Oneiroverse Multiverse.md,I - Pleroma Archive/World/Locations/Oneiroverse Multiverse/Oneiroverse Multiverse.md,New Readers Start Here/I - Pleroma Archive/World/Locations/Oneiroverse Multiverse/Oneiroverse Multiverse.md,yes,.md
Aphanis Abythos Multiverse.md,I - Pleroma Archive/World/Locations/Aphanis Abythos Multiverse/Aphanis Abythos Multiverse.md,New Readers Start Here/I - Pleroma Archive/World/Locations/Aphanis Abythos Multiverse/Aphanis Abythos Multiverse.md,yes,.md
(2200) The era closes with stable but fragile civilization networks.md,I - Pleroma Archive/World/Historical Eras/I - Lithic Era. (Origins)/(2200) The era closes with stable but fragile civilization networks.md,New Readers Start Here/I - Pleroma Archive/World/Historical Eras/I - Lithic Era. (Origins)/(2200) The era closes with stable but fragile civilization networks.md,yes,.md
(1918) Danubian Federation.md,I - Pleroma Archive/World/Historical Eras/I - Lithic Era. (Origins)/(1918) Danubian Federation.md,New Readers Start Here/I - Pleroma Archive/World/Historical Eras/I - Lithic Era. (Origins)/(1918) Danubian Federation.md,yes,.md
(2077) Cold Fusion.md,I - Pleroma Archive/World/Historical Eras/I - Lithic Era. (Origins)/(2077) Cold Fusion.md,New Readers Start Here/I - Pleroma Archive/World/Historical Eras/I - Lithic Era. (Origins)/(2077) Cold Fusion.md,yes,.md
(2020) Speciation.md,I - Pleroma Archive/World/Historical Eras/I - Lithic Era. (Origins)/(2020) Speciation.md,New Readers Start Here/I - Pleroma Archive/World/Historical Eras/I - Lithic Era. (Origins)/(2020) Speciation.md,yes,.md
(2011) Manhunt.md,I - Pleroma Archive/World/Historical Eras/I - Lithic Era. (Origins)/(2011) Manhunt.md,New Readers Start Here/I - Pleroma Archive/World/Historical Eras/I - Lithic Era. (Origins)/(2011) Manhunt.md,yes,.md
(2038) Brain porting.md,I - Pleroma Archive/World/Historical Eras/I - Lithic Era. (Origins)/(2038) Brain porting.md,New Readers Start Here/I - Pleroma Archive/World/Historical Eras/I - Lithic Era. (Origins)/(2038) Brain porting.md,yes,.md
(2055) Engineered Pandemics.md,I - Pleroma Archive/World/Historical Eras/I - Lithic Era. (Origins)/(2055) Engineered Pandemics.md,New Readers Start Here/I - Pleroma Archive/World/Historical Eras/I - Lithic Era. (Origins)/(2055) Engineered Pandemics.md,yes,.md
(2230) The Great Reforestation Initiatives.md,I - Pleroma Archive/World/Historical Eras/I - Lithic Era. (Origins)/(2230) The Great Reforestation Initiatives.md,New Readers Start Here/I - Pleroma Archive/World/Historical Eras/I - Lithic Era. (Origins)/(2230) The Great Reforestation Initiatives.md,yes,.md
(1987) Thought extraction.md,I - Pleroma Archive/World/Historical Eras/I - Lithic Era. (Origins)/(1987) Thought extraction.md,New Readers Start Here/I - Pleroma Archive/World/Historical Eras/I - Lithic Era. (Origins)/(1987) Thought extraction.md,yes,.md
(3005) Luna Colony.md,I - Pleroma Archive/World/Historical Eras/I - Lithic Era. (Origins)/(3005) Luna Colony.md,New Readers Start Here/I - Pleroma Archive/World/Historical Eras/I - Lithic Era. (Origins)/(3005) Luna Colony.md,yes,.md
(3812) Theoretical Breakthrough of Warp.md,I - Pleroma Archive/World/Historical Eras/I - Lithic Era. (Origins)/(3812) Theoretical Breakthrough of Warp.md,New Readers Start Here/I - Pleroma Archive/World/Historical Eras/I - Lithic Era. (Origins)/(3812) Theoretical Breakthrough of Warp.md,yes,.md
(1950) Korean War.md,I - Pleroma Archive/World/Historical Eras/I - Lithic Era. (Origins)/(1950) Korean War.md,New Readers Start Here/I - Pleroma Archive/World/Historical Eras/I - Lithic Era. (Origins)/(1950) Korean War.md,yes,.md
(2997) Mass Driver and Skyhook Network.md,I - Pleroma Archive/World/Historical Eras/I - Lithic Era. (Origins)/(2997) Mass Driver and Skyhook Network.md,New Readers Start Here/I - Pleroma Archive/World/Historical Eras/I - Lithic Era. (Origins)/(2997) Mass Driver and Skyhook Network.md,yes,.md
(2040) Eastern bloc.md,I - Pleroma Archive/World/Historical Eras/I - Lithic Era. (Origins)/(2040) Eastern bloc.md,New Readers Start Here/I - Pleroma Archive/World/Historical Eras/I - Lithic Era. (Origins)/(2040) Eastern bloc.md,yes,.md
(2110) Refugee migrations stabilize.md,I - Pleroma Archive/World/Historical Eras/I - Lithic Era. (Origins)/(2110) Refugee migrations stabilize.md,New Readers Start Here/I - Pleroma Archive/World/Historical Eras/I - Lithic Era. (Origins)/(2110) Refugee migrations stabilize.md,yes,.md
(3090) Inner System Fueling Network.md,I - Pleroma Archive/World/Historical Eras/I - Lithic Era. (Origins)/(3090) Inner System Fueling Network.md,New Readers Start Here/I - Pleroma Archive/World/Historical Eras/I - Lithic Era. (Origins)/(3090) Inner System Fueling Network.md,yes,.md
Lithic Era World Impact Matrix.md,I - Pleroma Archive/World/Historical Eras/I - Lithic Era. (Origins)/Lithic Era World Impact Matrix.md,New Readers Start Here/I - Pleroma Archive/World/Historical Eras/I - Lithic Era. (Origins)/Lithic Era World Impact Matrix.md,yes,.md
(3988) First Warp Fleet.md,I - Pleroma Archive/World/Historical Eras/I - Lithic Era. (Origins)/(3988) First Warp Fleet.md,New Readers Start Here/I - Pleroma Archive/World/Historical Eras/I - Lithic Era. (Origins)/(3988) First Warp Fleet.md,yes,.md
(2048) Ethereal plane.md,I - Pleroma Archive/World/Historical Eras/I - Lithic Era. (Origins)/(2048) Ethereal plane.md,New Readers Start Here/I - Pleroma Archive/World/Historical Eras/I - Lithic Era. (Origins)/(2048) Ethereal plane.md,yes,.md
(2070) Global Jihad.md,I - Pleroma Archive/World/Historical Eras/I - Lithic Era. (Origins)/(2070) Global Jihad.md,New Readers Start Here/I - Pleroma Archive/World/Historical Eras/I - Lithic Era. (Origins)/(2070) Global Jihad.md,yes,.md
(2075) Deep States.md,I - Pleroma Archive/World/Historical Eras/I - Lithic Era. (Origins)/(2075) Deep States.md,New Readers Start Here/I - Pleroma Archive/World/Historical Eras/I - Lithic Era. (Origins)/(2075) Deep States.md,yes,.md
(3120) Areopagus Station.md,I - Pleroma Archive/World/Historical Eras/I - Lithic Era. (Origins)/(3120) Areopagus Station.md,New Readers Start Here/I - Pleroma Archive/World/Historical Eras/I - Lithic Era. (Origins)/(3120) Areopagus Station.md,yes,.md
(2084) Megacity Remnants consolidate.md,I - Pleroma Archive/World/Historical Eras/I - Lithic Era. (Origins)/(2084) Megacity Remnants consolidate.md,New Readers Start Here/I - Pleroma Archive/World/Historical Eras/I - Lithic Era. (Origins)/(2084) Megacity Remnants consolidate.md,yes,.md
(1478) Reorganization of Novgorod.md,I - Pleroma Archive/World/Historical Eras/I - Lithic Era. (Origins)/(1478) Reorganization of Novgorod.md,New Readers Start Here/I - Pleroma Archive/World/Historical Eras/I - Lithic Era. (Origins)/(1478) Reorganization of Novgorod.md,yes,.md
(2030) Psychic surgery.md,I - Pleroma Archive/World/Historical Eras/I - Lithic Era. (Origins)/(2030) Psychic surgery.md,New Readers Start Here/I - Pleroma Archive/World/Historical Eras/I - Lithic Era. (Origins)/(2030) Psychic surgery.md,yes,.md
(2180) Recovery technologies mature.md,I - Pleroma Archive/World/Historical Eras/I - Lithic Era. (Origins)/(2180) Recovery technologies mature.md,New Readers Start Here/I - Pleroma Archive/World/Historical Eras/I - Lithic Era. (Origins)/(2180) Recovery technologies mature.md,yes,.md
(1887) Confederate Belt.md,I - Pleroma Archive/World/Historical Eras/I - Lithic Era. (Origins)/(1887) Confederate Belt.md,New Readers Start Here/I - Pleroma Archive/World/Historical Eras/I - Lithic Era. (Origins)/(1887) Confederate Belt.md,yes,.md
(1890) Protoscience.md,I - Pleroma Archive/World/Historical Eras/I - Lithic Era. (Origins)/(1890) Protoscience.md,New Readers Start Here/I - Pleroma Archive/World/Historical Eras/I - Lithic Era. (Origins)/(1890) Protoscience.md,yes,.md
(1991) Gulf War.md,I - Pleroma Archive/World/Historical Eras/I - Lithic Era. (Origins)/(1991) Gulf War.md,New Readers Start Here/I - Pleroma Archive/World/Historical Eras/I - Lithic Era. (Origins)/(1991) Gulf War.md,yes,.md
(2750) First off-world colonies established.md,I - Pleroma Archive/World/Historical Eras/I - Lithic Era. (Origins)/(2750) First off-world colonies established.md,New Readers Start Here/I - Pleroma Archive/World/Historical Eras/I - Lithic Era. (Origins)/(2750) First off-world colonies established.md,yes,.md
(1980) Rise of The Deep Web.md,I - Pleroma Archive/World/Historical Eras/I - Lithic Era. (Origins)/(1980) Rise of The Deep Web.md,New Readers Start Here/I - Pleroma Archive/World/Historical Eras/I - Lithic Era. (Origins)/(1980) Rise of The Deep Web.md,yes,.md
(4000) Equilon Union.md,I - Pleroma Archive/World/Historical Eras/I - Lithic Era. (Origins)/(4000) Equilon Union.md,New Readers Start Here/I - Pleroma Archive/World/Historical Eras/I - Lithic Era. (Origins)/(4000) Equilon Union.md,yes,.md
(2700) Aerial and oceanic restoration complete.md,I - Pleroma Archive/World/Historical Eras/I - Lithic Era. (Origins)/(2700) Aerial and oceanic restoration complete.md,New Readers Start Here/I - Pleroma Archive/World/Historical Eras/I - Lithic Era. (Origins)/(2700) Aerial and oceanic restoration complete.md,yes,.md
(2900) Federation reaches peak stability.md,I - Pleroma Archive/World/Historical Eras/I - Lithic Era. (Origins)/(2900) Federation reaches peak stability.md,New Readers Start Here/I - Pleroma Archive/World/Historical Eras/I - Lithic Era. (Origins)/(2900) Federation reaches peak stability.md,yes,.md
(2996) AI Astronaut Corps.md,I - Pleroma Archive/World/Historical Eras/I - Lithic Era. (Origins)/(2996) AI Astronaut Corps.md,New Readers Start Here/I - Pleroma Archive/World/Historical Eras/I - Lithic Era. (Origins)/(2996) AI Astronaut Corps.md,yes,.md
(1530) Rise of Nueva Aztla╠ün.md,I - Pleroma Archive/World/Historical Eras/I - Lithic Era. (Origins)/(1530) Rise of Nueva Aztla╠ün.md,New Readers Start Here/I - Pleroma Archive/World/Historical Eras/I - Lithic Era. (Origins)/(1530) Rise of Nueva Aztla╠ün.md,yes,.md
(2048) Wetwire Containment Failure.md,I - Pleroma Archive/World/Historical Eras/I - Lithic Era. (Origins)/(2048) Wetwire Containment Failure.md,New Readers Start Here/I - Pleroma Archive/World/Historical Eras/I - Lithic Era. (Origins)/(2048) Wetwire Containment Failure.md,yes,.md
(2025) Fractured Nation.md,I - Pleroma Archive/World/Historical Eras/I - Lithic Era. (Origins)/(2025) Fractured Nation.md,New Readers Start Here/I - Pleroma Archive/World/Historical Eras/I - Lithic Era. (Origins)/(2025) Fractured Nation.md,yes,.md
(3770) Star Union.md,I - Pleroma Archive/World/Historical Eras/I - Lithic Era. (Origins)/(3770) Star Union.md,New Readers Start Here/I - Pleroma Archive/World/Historical Eras/I - Lithic Era. (Origins)/(3770) Star Union.md,yes,.md
(2020) Fungi Pandemics.md,I - Pleroma Archive/World/Historical Eras/I - Lithic Era. (Origins)/(2020) Fungi Pandemics.md,New Readers Start Here/I - Pleroma Archive/World/Historical Eras/I - Lithic Era. (Origins)/(2020) Fungi Pandemics.md,yes,.md
(1918) Transcaucasian Federation.md,I - Pleroma Archive/World/Historical Eras/I - Lithic Era. (Origins)/(1918) Transcaucasian Federation.md,New Readers Start Here/I - Pleroma Archive/World/Historical Eras/I - Lithic Era. (Origins)/(1918) Transcaucasian Federation.md,yes,.md
(2015) Duchy of Burgundy.md,I - Pleroma Archive/World/Historical Eras/I - Lithic Era. (Origins)/(2015) Duchy of Burgundy.md,New Readers Start Here/I - Pleroma Archive/World/Historical Eras/I - Lithic Era. (Origins)/(2015) Duchy of Burgundy.md,yes,.md
(2032) Operation Home Run.md,I - Pleroma Archive/World/Historical Eras/I - Lithic Era. (Origins)/(2032) Operation Home Run.md,New Readers Start Here/I - Pleroma Archive/World/Historical Eras/I - Lithic Era. (Origins)/(2032) Operation Home Run.md,yes,.md
(2029) Police State.md,I - Pleroma Archive/World/Historical Eras/I - Lithic Era. (Origins)/(2029) Police State.md,New Readers Start Here/I - Pleroma Archive/World/Historical Eras/I - Lithic Era. (Origins)/(2029) Police State.md,yes,.md
(2045) PMC's.md,I - Pleroma Archive/World/Historical Eras/I - Lithic Era. (Origins)/(2045) PMC's.md,New Readers Start Here/I - Pleroma Archive/World/Historical Eras/I - Lithic Era. (Origins)/(2045) PMC's.md,yes,.md
(2043) invasion plans.md,I - Pleroma Archive/World/Historical Eras/I - Lithic Era. (Origins)/(2043) invasion plans.md,New Readers Start Here/I - Pleroma Archive/World/Historical Eras/I - Lithic Era. (Origins)/(2043) invasion plans.md,yes,.md
(3400) Antimatter Rockets.md,I - Pleroma Archive/World/Historical Eras/I - Lithic Era. (Origins)/(3400) Antimatter Rockets.md,New Readers Start Here/I - Pleroma Archive/World/Historical Eras/I - Lithic Era. (Origins)/(3400) Antimatter Rockets.md,yes,.md
(2073) Indo-China Erupts.md,I - Pleroma Archive/World/Historical Eras/I - Lithic Era. (Origins)/(2073) Indo-China Erupts.md,New Readers Start Here/I - Pleroma Archive/World/Historical Eras/I - Lithic Era. (Origins)/(2073) Indo-China Erupts.md,yes,.md
(2350)  First generation of genetically enhanced humans emerge.md,I - Pleroma Archive/World/Historical Eras/I - Lithic Era. (Origins)/(2350)  First generation of genetically enhanced humans emerge.md,New Readers Start Here/I - Pleroma Archive/World/Historical Eras/I - Lithic Era. (Origins)/(2350)  First generation of genetically enhanced humans emerge.md,yes,.md
(1985) Cryptozoology.md,I - Pleroma Archive/World/Historical Eras/I - Lithic Era. (Origins)/(1985) Cryptozoology.md,New Readers Start Here/I - Pleroma Archive/World/Historical Eras/I - Lithic Era. (Origins)/(1985) Cryptozoology.md,yes,.md
(1949) NATO.md,I - Pleroma Archive/World/Historical Eras/I - Lithic Era. (Origins)/(1949) NATO.md,New Readers Start Here/I - Pleroma Archive/World/Historical Eras/I - Lithic Era. (Origins)/(1949) NATO.md,yes,.md
(2000) Psycho genesis.md,I - Pleroma Archive/World/Historical Eras/I - Lithic Era. (Origins)/(2000) Psycho genesis.md,New Readers Start Here/I - Pleroma Archive/World/Historical Eras/I - Lithic Era. (Origins)/(2000) Psycho genesis.md,yes,.md
(2040) Bilocation.md,I - Pleroma Archive/World/Historical Eras/I - Lithic Era. (Origins)/(2040) Bilocation.md,New Readers Start Here/I - Pleroma Archive/World/Historical Eras/I - Lithic Era. (Origins)/(2040) Bilocation.md,yes,.md
(1965) Rise of Socialism.md,I - Pleroma Archive/World/Historical Eras/I - Lithic Era. (Origins)/(1965) Rise of Socialism.md,New Readers Start Here/I - Pleroma Archive/World/Historical Eras/I - Lithic Era. (Origins)/(1965) Rise of Socialism.md,yes,.md
(3500) Pluto Colony.md,I - Pleroma Archive/World/Historical Eras/I - Lithic Era. (Origins)/(3500) Pluto Colony.md,New Readers Start Here/I - Pleroma Archive/World/Historical Eras/I - Lithic Era. (Origins)/(3500) Pluto Colony.md,yes,.md
(2032) Duel maternity.md,I - Pleroma Archive/World/Historical Eras/I - Lithic Era. (Origins)/(2032) Duel maternity.md,New Readers Start Here/I - Pleroma Archive/World/Historical Eras/I - Lithic Era. (Origins)/(2032) Duel maternity.md,yes,.md
(2085) Technologist Refuge-Polities rise.md,I - Pleroma Archive/World/Historical Eras/I - Lithic Era. (Origins)/(2085) Technologist Refuge-Polities rise.md,New Readers Start Here/I - Pleroma Archive/World/Historical Eras/I - Lithic Era. (Origins)/(2085) Technologist Refuge-Polities rise.md,yes,.md
(1970) Clairaudience.md,I - Pleroma Archive/World/Historical Eras/I - Lithic Era. (Origins)/(1970) Clairaudience.md,New Readers Start Here/I - Pleroma Archive/World/Historical Eras/I - Lithic Era. (Origins)/(1970) Clairaudience.md,yes,.md
(3015) The Colonial Union.md,I - Pleroma Archive/World/Historical Eras/I - Lithic Era. (Origins)/(3015) The Colonial Union.md,New Readers Start Here/I - Pleroma Archive/World/Historical Eras/I - Lithic Era. (Origins)/(3015) The Colonial Union.md,yes,.md
(3978) First Successful Warp.md,I - Pleroma Archive/World/Historical Eras/I - Lithic Era. (Origins)/(3978) First Successful Warp.md,New Readers Start Here/I - Pleroma Archive/World/Historical Eras/I - Lithic Era. (Origins)/(3978) First Successful Warp.md,yes,.md
(2003) Deployment of Accerisma compound.md,I - Pleroma Archive/World/Historical Eras/I - Lithic Era. (Origins)/(2003) Deployment of Accerisma compound.md,New Readers Start Here/I - Pleroma Archive/World/Historical Eras/I - Lithic Era. (Origins)/(2003) Deployment of Accerisma compound.md,yes,.md
(3300) Reconstruction.md,I - Pleroma Archive/World/Historical Eras/I - Lithic Era. (Origins)/(3300) Reconstruction.md,New Readers Start Here/I - Pleroma Archive/World/Historical Eras/I - Lithic Era. (Origins)/(3300) Reconstruction.md,yes,.md
(3632) Colonies Equipped with Ansibles.md,I - Pleroma Archive/World/Historical Eras/I - Lithic Era. (Origins)/(3632) Colonies Equipped with Ansibles.md,New Readers Start Here/I - Pleroma Archive/World/Historical Eras/I - Lithic Era. (Origins)/(3632) Colonies Equipped with Ansibles.md,yes,.md
(2015) Scholastic Order of Independent Science (SOIS).md,I - Pleroma Archive/World/Historical Eras/I - Lithic Era. (Origins)/(2015) Scholastic Order of Independent Science (SOIS).md,New Readers Start Here/I - Pleroma Archive/World/Historical Eras/I - Lithic Era. (Origins)/(2015) Scholastic Order of Independent Science (SOIS).md,yes,.md
(1963) Assassination.md,I - Pleroma Archive/World/Historical Eras/I - Lithic Era. (Origins)/(1963) Assassination.md,New Readers Start Here/I - Pleroma Archive/World/Historical Eras/I - Lithic Era. (Origins)/(1963) Assassination.md,yes,.md
(2034) Rebearth of a Nation.md,I - Pleroma Archive/World/Historical Eras/I - Lithic Era. (Origins)/(2034) Rebearth of a Nation.md,New Readers Start Here/I - Pleroma Archive/World/Historical Eras/I - Lithic Era. (Origins)/(2034) Rebearth of a Nation.md,yes,.md
(2027) The Nationalist Movement.md,I - Pleroma Archive/World/Historical Eras/I - Lithic Era. (Origins)/(2027) The Nationalist Movement.md,New Readers Start Here/I - Pleroma Archive/World/Historical Eras/I - Lithic Era. (Origins)/(2027) The Nationalist Movement.md,yes,.md
(3924) Prototype Warp.md,I - Pleroma Archive/World/Historical Eras/I - Lithic Era. (Origins)/(3924) Prototype Warp.md,New Readers Start Here/I - Pleroma Archive/World/Historical Eras/I - Lithic Era. (Origins)/(3924) Prototype Warp.md,yes,.md
(2100) Major surviving 12 city-states recognized.md,I - Pleroma Archive/World/Historical Eras/I - Lithic Era. (Origins)/(2100) Major surviving 12 city-states recognized.md,New Readers Start Here/I - Pleroma Archive/World/Historical Eras/I - Lithic Era. (Origins)/(2100) Major surviving 12 city-states recognized.md,yes,.md
(2100) Atmospheric recovery begins.md,I - Pleroma Archive/World/Historical Eras/I - Lithic Era. (Origins)/(2100) Atmospheric recovery begins.md,New Readers Start Here/I - Pleroma Archive/World/Historical Eras/I - Lithic Era. (Origins)/(2100) Atmospheric recovery begins.md,yes,.md
(1932) Nation of catalonia.md,I - Pleroma Archive/World/Historical Eras/I - Lithic Era. (Origins)/(1932) Nation of catalonia.md,New Readers Start Here/I - Pleroma Archive/World/Historical Eras/I - Lithic Era. (Origins)/(1932) Nation of catalonia.md,yes,.md
(1462) Vlad Ex Sanguine.md,I - Pleroma Archive/World/Historical Eras/I - Lithic Era. (Origins)/(1462) Vlad Ex Sanguine.md,New Readers Start Here/I - Pleroma Archive/World/Historical Eras/I - Lithic Era. (Origins)/(1462) Vlad Ex Sanguine.md,yes,.md
(2008) Equal rights (as an illusion) (monopoly on physical force).md,I - Pleroma Archive/World/Historical Eras/I - Lithic Era. (Origins)/(2008) Equal rights (as an illusion) (monopoly on physical force).md,New Readers Start Here/I - Pleroma Archive/World/Historical Eras/I - Lithic Era. (Origins)/(2008) Equal rights (as an illusion) (monopoly on physical force).md,yes,.md
(3720) Recresh Union.md,I - Pleroma Archive/World/Historical Eras/I - Lithic Era. (Origins)/(3720) Recresh Union.md,New Readers Start Here/I - Pleroma Archive/World/Historical Eras/I - Lithic Era. (Origins)/(3720) Recresh Union.md,yes,.md
(3608) Proxima Commonwealth.md,I - Pleroma Archive/World/Historical Eras/I - Lithic Era. (Origins)/(3608) Proxima Commonwealth.md,New Readers Start Here/I - Pleroma Archive/World/Historical Eras/I - Lithic Era. (Origins)/(3608) Proxima Commonwealth.md,yes,.md
(1990) Trans genetics.md,I - Pleroma Archive/World/Historical Eras/I - Lithic Era. (Origins)/(1990) Trans genetics.md,New Readers Start Here/I - Pleroma Archive/World/Historical Eras/I - Lithic Era. (Origins)/(1990) Trans genetics.md,yes,.md
(2008) Anti-Wetwire Walls.md,I - Pleroma Archive/World/Historical Eras/I - Lithic Era. (Origins)/(2008) Anti-Wetwire Walls.md,New Readers Start Here/I - Pleroma Archive/World/Historical Eras/I - Lithic Era. (Origins)/(2008) Anti-Wetwire Walls.md,yes,.md
(1999) Viral therapy.md,I - Pleroma Archive/World/Historical Eras/I - Lithic Era. (Origins)/(1999) Viral therapy.md,New Readers Start Here/I - Pleroma Archive/World/Historical Eras/I - Lithic Era. (Origins)/(1999) Viral therapy.md,yes,.md
(3175) Sea of Tranquility Corporate Conflict.md,I - Pleroma Archive/World/Historical Eras/I - Lithic Era. (Origins)/(3175) Sea of Tranquility Corporate Conflict.md,New Readers Start Here/I - Pleroma Archive/World/Historical Eras/I - Lithic Era. (Origins)/(3175) Sea of Tranquility Corporate Conflict.md,yes,.md
(3230) Martian Meridians Ascendant and the Kindred of Mars.md,I - Pleroma Archive/World/Historical Eras/I - Lithic Era. (Origins)/(3230) Martian Meridians Ascendant and the Kindred of Mars.md,New Readers Start Here/I - Pleroma Archive/World/Historical Eras/I - Lithic Era. (Origins)/(3230) Martian Meridians Ascendant and the Kindred of Mars.md,yes,.md
(2010) Deep Water Horizon Spill.md,I - Pleroma Archive/World/Historical Eras/I - Lithic Era. (Origins)/(2010) Deep Water Horizon Spill.md,New Readers Start Here/I - Pleroma Archive/World/Historical Eras/I - Lithic Era. (Origins)/(2010) Deep Water Horizon Spill.md,yes,.md
(1707) Commonwealth of Britannica.md,I - Pleroma Archive/World/Historical Eras/I - Lithic Era. (Origins)/(1707) Commonwealth of Britannica.md,New Readers Start Here/I - Pleroma Archive/World/Historical Eras/I - Lithic Era. (Origins)/(1707) Commonwealth of Britannica.md,yes,.md
(3870) Yauturn Sovereignty.md,I - Pleroma Archive/World/Historical Eras/I - Lithic Era. (Origins)/(3870) Yauturn Sovereignty.md,New Readers Start Here/I - Pleroma Archive/World/Historical Eras/I - Lithic Era. (Origins)/(3870) Yauturn Sovereignty.md,yes,.md
(3250) Saturn Colony.md,I - Pleroma Archive/World/Historical Eras/I - Lithic Era. (Origins)/(3250) Saturn Colony.md,New Readers Start Here/I - Pleroma Archive/World/Historical Eras/I - Lithic Era. (Origins)/(3250) Saturn Colony.md,yes,.md
(3600) Interstellar voyage.md,I - Pleroma Archive/World/Historical Eras/I - Lithic Era. (Origins)/(3600) Interstellar voyage.md,New Readers Start Here/I - Pleroma Archive/World/Historical Eras/I - Lithic Era. (Origins)/(3600) Interstellar voyage.md,yes,.md
(1980) Neural partitioning.md,I - Pleroma Archive/World/Historical Eras/I - Lithic Era. (Origins)/(1980) Neural partitioning.md,New Readers Start Here/I - Pleroma Archive/World/Historical Eras/I - Lithic Era. (Origins)/(1980) Neural partitioning.md,yes,.md
(3002) Gateway & Welkin Stations.md,I - Pleroma Archive/World/Historical Eras/I - Lithic Era. (Origins)/(3002) Gateway & Welkin Stations.md,New Readers Start Here/I - Pleroma Archive/World/Historical Eras/I - Lithic Era. (Origins)/(3002) Gateway & Welkin Stations.md,yes,.md
(2026) End of the Great Experiment.md,I - Pleroma Archive/World/Historical Eras/I - Lithic Era. (Origins)/(2026) End of the Great Experiment.md,New Readers Start Here/I - Pleroma Archive/World/Historical Eras/I - Lithic Era. (Origins)/(2026) End of the Great Experiment.md,yes,.md
(1957) Space Race.md,I - Pleroma Archive/World/Historical Eras/I - Lithic Era. (Origins)/(1957) Space Race.md,New Readers Start Here/I - Pleroma Archive/World/Historical Eras/I - Lithic Era. (Origins)/(1957) Space Race.md,yes,.md
(3160) Venus Colony.md,I - Pleroma Archive/World/Historical Eras/I - Lithic Era. (Origins)/(3160) Venus Colony.md,New Readers Start Here/I - Pleroma Archive/World/Historical Eras/I - Lithic Era. (Origins)/(3160) Venus Colony.md,yes,.md
(1975) Psychometry.md,I - Pleroma Archive/World/Historical Eras/I - Lithic Era. (Origins)/(1975) Psychometry.md,New Readers Start Here/I - Pleroma Archive/World/Historical Eras/I - Lithic Era. (Origins)/(1975) Psychometry.md,yes,.md
(1470) Khazar Cossack Hetmanate continuity.md,I - Pleroma Archive/World/Historical Eras/I - Lithic Era. (Origins)/(1470) Khazar Cossack Hetmanate continuity.md,New Readers Start Here/I - Pleroma Archive/World/Historical Eras/I - Lithic Era. (Origins)/(1470) Khazar Cossack Hetmanate continuity.md,yes,.md
(2020) The Plagues.md,I - Pleroma Archive/World/Historical Eras/I - Lithic Era. (Origins)/(2020) The Plagues.md,New Readers Start Here/I - Pleroma Archive/World/Historical Eras/I - Lithic Era. (Origins)/(2020) The Plagues.md,yes,.md
(2650) Luna becomes fully industrial.md,I - Pleroma Archive/World/Historical Eras/I - Lithic Era. (Origins)/(2650) Luna becomes fully industrial.md,New Readers Start Here/I - Pleroma Archive/World/Historical Eras/I - Lithic Era. (Origins)/(2650) Luna becomes fully industrial.md,yes,.md
(2220) Immortals form the Quiet Council.md,I - Pleroma Archive/World/Historical Eras/I - Lithic Era. (Origins)/(2220) Immortals form the Quiet Council.md,New Readers Start Here/I - Pleroma Archive/World/Historical Eras/I - Lithic Era. (Origins)/(2220) Immortals form the Quiet Council.md,yes,.md
(4010) Deployment to Equlion.md,I - Pleroma Archive/World/Historical Eras/I - Lithic Era. (Origins)/(4010) Deployment to Equlion.md,New Readers Start Here/I - Pleroma Archive/World/Historical Eras/I - Lithic Era. (Origins)/(4010) Deployment to Equlion.md,yes,.md
(2500) Pre-Federation Constitution drafted.md,I - Pleroma Archive/World/Historical Eras/I - Lithic Era. (Origins)/(2500) Pre-Federation Constitution drafted.md,New Readers Start Here/I - Pleroma Archive/World/Historical Eras/I - Lithic Era. (Origins)/(2500) Pre-Federation Constitution drafted.md,yes,.md
(2000) Wetwire Outbreak.md,I - Pleroma Archive/World/Historical Eras/I - Lithic Era. (Origins)/(2000) Wetwire Outbreak.md,New Readers Start Here/I - Pleroma Archive/World/Historical Eras/I - Lithic Era. (Origins)/(2000) Wetwire Outbreak.md,yes,.md
(2077) Strategic Alliances.md,I - Pleroma Archive/World/Historical Eras/I - Lithic Era. (Origins)/(2077) Strategic Alliances.md,New Readers Start Here/I - Pleroma Archive/World/Historical Eras/I - Lithic Era. (Origins)/(2077) Strategic Alliances.md,yes,.md
(1918) Nation of Kurdistan.md,I - Pleroma Archive/World/Historical Eras/I - Lithic Era. (Origins)/(1918) Nation of Kurdistan.md,New Readers Start Here/I - Pleroma Archive/World/Historical Eras/I - Lithic Era. (Origins)/(1918) Nation of Kurdistan.md,yes,.md
(3008) Lunar Colonial Committee established.md,I - Pleroma Archive/World/Historical Eras/I - Lithic Era. (Origins)/(3008) Lunar Colonial Committee established.md,New Readers Start Here/I - Pleroma Archive/World/Historical Eras/I - Lithic Era. (Origins)/(3008) Lunar Colonial Committee established.md,yes,.md
Whole Timeline.md,I - Pleroma Archive/World/Historical Eras/I - Lithic Era. (Origins)/Whole Timeline.md,New Readers Start Here/I - Pleroma Archive/World/Historical Eras/I - Lithic Era. (Origins)/Whole Timeline.md,yes,.md
(2250) Animal uplift programs begin.md,I - Pleroma Archive/World/Historical Eras/I - Lithic Era. (Origins)/(2250) Animal uplift programs begin.md,New Readers Start Here/I - Pleroma Archive/World/Historical Eras/I - Lithic Era. (Origins)/(2250) Animal uplift programs begin.md,yes,.md
(2270) Terradynamics revolution.md,I - Pleroma Archive/World/Historical Eras/I - Lithic Era. (Origins)/(2270) Terradynamics revolution.md,New Readers Start Here/I - Pleroma Archive/World/Historical Eras/I - Lithic Era. (Origins)/(2270) Terradynamics revolution.md,yes,.md
(3075) Fusion Rockets.md,I - Pleroma Archive/World/Historical Eras/I - Lithic Era. (Origins)/(3075) Fusion Rockets.md,New Readers Start Here/I - Pleroma Archive/World/Historical Eras/I - Lithic Era. (Origins)/(3075) Fusion Rockets.md,yes,.md
(2150) First Inter-City Council Meeting.md,I - Pleroma Archive/World/Historical Eras/I - Lithic Era. (Origins)/(2150) First Inter-City Council Meeting.md,New Readers Start Here/I - Pleroma Archive/World/Historical Eras/I - Lithic Era. (Origins)/(2150) First Inter-City Council Meeting.md,yes,.md
(1980) Retrocognition.md,I - Pleroma Archive/World/Historical Eras/I - Lithic Era. (Origins)/(1980) Retrocognition.md,New Readers Start Here/I - Pleroma Archive/World/Historical Eras/I - Lithic Era. (Origins)/(1980) Retrocognition.md,yes,.md
(1958) RAND.md,I - Pleroma Archive/World/Historical Eras/I - Lithic Era. (Origins)/(1958) RAND.md,New Readers Start Here/I - Pleroma Archive/World/Historical Eras/I - Lithic Era. (Origins)/(1958) RAND.md,yes,.md
(2003) The Walls.md,I - Pleroma Archive/World/Historical Eras/I - Lithic Era. (Origins)/(2003) The Walls.md,New Readers Start Here/I - Pleroma Archive/World/Historical Eras/I - Lithic Era. (Origins)/(2003) The Walls.md,yes,.md
(3130) Colonial Worlds Postal Service.md,I - Pleroma Archive/World/Historical Eras/I - Lithic Era. (Origins)/(3130) Colonial Worlds Postal Service.md,New Readers Start Here/I - Pleroma Archive/World/Historical Eras/I - Lithic Era. (Origins)/(3130) Colonial Worlds Postal Service.md,yes,.md
(3050) Aurora Spire.md,I - Pleroma Archive/World/Historical Eras/I - Lithic Era. (Origins)/(3050) Aurora Spire.md,New Readers Start Here/I - Pleroma Archive/World/Historical Eras/I - Lithic Era. (Origins)/(3050) Aurora Spire.md,yes,.md
(2005) ACCERSTICKS.md,I - Pleroma Archive/World/Historical Eras/I - Lithic Era. (Origins)/(2005) ACCERSTICKS.md,New Readers Start Here/I - Pleroma Archive/World/Historical Eras/I - Lithic Era. (Origins)/(2005) ACCERSTICKS.md,yes,.md
(3950) Sudhakar States.md,I - Pleroma Archive/World/Historical Eras/I - Lithic Era. (Origins)/(3950) Sudhakar States.md,New Readers Start Here/I - Pleroma Archive/World/Historical Eras/I - Lithic Era. (Origins)/(3950) Sudhakar States.md,yes,.md
(3608) Craterheart Colony founded.md,I - Pleroma Archive/World/Historical Eras/I - Lithic Era. (Origins)/(3608) Craterheart Colony founded.md,New Readers Start Here/I - Pleroma Archive/World/Historical Eras/I - Lithic Era. (Origins)/(3608) Craterheart Colony founded.md,yes,.md
(2550) Planetary industrial recovery complete.md,I - Pleroma Archive/World/Historical Eras/I - Lithic Era. (Origins)/(2550) Planetary industrial recovery complete.md,New Readers Start Here/I - Pleroma Archive/World/Historical Eras/I - Lithic Era. (Origins)/(2550) Planetary industrial recovery complete.md,yes,.md
(1850) State of Deseret.md,I - Pleroma Archive/World/Historical Eras/I - Lithic Era. (Origins)/(1850) State of Deseret.md,New Readers Start Here/I - Pleroma Archive/World/Historical Eras/I - Lithic Era. (Origins)/(1850) State of Deseret.md,yes,.md
(1961) Berlin.md,I - Pleroma Archive/World/Historical Eras/I - Lithic Era. (Origins)/(1961) Berlin.md,New Readers Start Here/I - Pleroma Archive/World/Historical Eras/I - Lithic Era. (Origins)/(1961) Berlin.md,yes,.md
(3690) Austro Guard.md,I - Pleroma Archive/World/Historical Eras/I - Lithic Era. (Origins)/(3690) Austro Guard.md,New Readers Start Here/I - Pleroma Archive/World/Historical Eras/I - Lithic Era. (Origins)/(3690) Austro Guard.md,yes,.md
(2048) collapse of the EU.md,I - Pleroma Archive/World/Historical Eras/I - Lithic Era. (Origins)/(2048) collapse of the EU.md,New Readers Start Here/I - Pleroma Archive/World/Historical Eras/I - Lithic Era. (Origins)/(2048) collapse of the EU.md,yes,.md
(2601) Terran Federation formally established.md,I - Pleroma Archive/World/Historical Eras/I - Lithic Era. (Origins)/(2601) Terran Federation formally established.md,New Readers Start Here/I - Pleroma Archive/World/Historical Eras/I - Lithic Era. (Origins)/(2601) Terran Federation formally established.md,yes,.md
(3450) Second Solar War.md,I - Pleroma Archive/World/Historical Eras/I - Lithic Era. (Origins)/(3450) Second Solar War.md,New Readers Start Here/I - Pleroma Archive/World/Historical Eras/I - Lithic Era. (Origins)/(3450) Second Solar War.md,yes,.md
(1980) The overview effect.md,I - Pleroma Archive/World/Historical Eras/I - Lithic Era. (Origins)/(1980) The overview effect.md,New Readers Start Here/I - Pleroma Archive/World/Historical Eras/I - Lithic Era. (Origins)/(1980) The overview effect.md,yes,.md
(2042) (Electrostatic repulsion).md,I - Pleroma Archive/World/Historical Eras/I - Lithic Era. (Origins)/(2042) (Electrostatic repulsion).md,New Readers Start Here/I - Pleroma Archive/World/Historical Eras/I - Lithic Era. (Origins)/(2042) (Electrostatic repulsion).md,yes,.md
(3180) Mercury Colony.md,I - Pleroma Archive/World/Historical Eras/I - Lithic Era. (Origins)/(3180) Mercury Colony.md,New Readers Start Here/I - Pleroma Archive/World/Historical Eras/I - Lithic Era. (Origins)/(3180) Mercury Colony.md,yes,.md
(2000) Bio suspension.md,I - Pleroma Archive/World/Historical Eras/I - Lithic Era. (Origins)/(2000) Bio suspension.md,New Readers Start Here/I - Pleroma Archive/World/Historical Eras/I - Lithic Era. (Origins)/(2000) Bio suspension.md,yes,.md
(3795) Kuroda Federation.md,I - Pleroma Archive/World/Historical Eras/I - Lithic Era. (Origins)/(3795) Kuroda Federation.md,New Readers Start Here/I - Pleroma Archive/World/Historical Eras/I - Lithic Era. (Origins)/(3795) Kuroda Federation.md,yes,.md
(3250) the Great Solar War.md,I - Pleroma Archive/World/Historical Eras/I - Lithic Era. (Origins)/(3250) the Great Solar War.md,New Readers Start Here/I - Pleroma Archive/World/Historical Eras/I - Lithic Era. (Origins)/(3250) the Great Solar War.md,yes,.md
(1968) Nation of Occitania.md,I - Pleroma Archive/World/Historical Eras/I - Lithic Era. (Origins)/(1968) Nation of Occitania.md,New Readers Start Here/I - Pleroma Archive/World/Historical Eras/I - Lithic Era. (Origins)/(1968) Nation of Occitania.md,yes,.md
(3745) United Authority of Systems.md,I - Pleroma Archive/World/Historical Eras/I - Lithic Era. (Origins)/(3745) United Authority of Systems.md,New Readers Start Here/I - Pleroma Archive/World/Historical Eras/I - Lithic Era. (Origins)/(3745) United Authority of Systems.md,yes,.md
(1889) State of Cascadia.md,I - Pleroma Archive/World/Historical Eras/I - Lithic Era. (Origins)/(1889) State of Cascadia.md,New Readers Start Here/I - Pleroma Archive/World/Historical Eras/I - Lithic Era. (Origins)/(1889) State of Cascadia.md,yes,.md
(2049) Nitrogen Decline.md,I - Pleroma Archive/World/Historical Eras/I - Lithic Era. (Origins)/(2049) Nitrogen Decline.md,New Readers Start Here/I - Pleroma Archive/World/Historical Eras/I - Lithic Era. (Origins)/(2049) Nitrogen Decline.md,yes,.md
(1962) Cuban Missile Crisis.md,I - Pleroma Archive/World/Historical Eras/I - Lithic Era. (Origins)/(1962) Cuban Missile Crisis.md,New Readers Start Here/I - Pleroma Archive/World/Historical Eras/I - Lithic Era. (Origins)/(1962) Cuban Missile Crisis.md,yes,.md
(1954) McCarthyism.md,I - Pleroma Archive/World/Historical Eras/I - Lithic Era. (Origins)/(1954) McCarthyism.md,New Readers Start Here/I - Pleroma Archive/World/Historical Eras/I - Lithic Era. (Origins)/(1954) McCarthyism.md,yes,.md
(870) Continuation of Lotharingia.md,I - Pleroma Archive/World/Historical Eras/I - Lithic Era. (Origins)/(870) Continuation of Lotharingia.md,New Readers Start Here/I - Pleroma Archive/World/Historical Eras/I - Lithic Era. (Origins)/(870) Continuation of Lotharingia.md,yes,.md
(3200) Jovian Colonies.md,I - Pleroma Archive/World/Historical Eras/I - Lithic Era. (Origins)/(3200) Jovian Colonies.md,New Readers Start Here/I - Pleroma Archive/World/Historical Eras/I - Lithic Era. (Origins)/(3200) Jovian Colonies.md,yes,.md
(3895) Eprea Hindutva.md,I - Pleroma Archive/World/Historical Eras/I - Lithic Era. (Origins)/(3895) Eprea Hindutva.md,New Readers Start Here/I - Pleroma Archive/World/Historical Eras/I - Lithic Era. (Origins)/(3895) Eprea Hindutva.md,yes,.md
(2019) Accerisma-Assisted Oxygen Therapy.md,I - Pleroma Archive/World/Historical Eras/I - Lithic Era. (Origins)/(2019) Accerisma-Assisted Oxygen Therapy.md,New Readers Start Here/I - Pleroma Archive/World/Historical Eras/I - Lithic Era. (Origins)/(2019) Accerisma-Assisted Oxygen Therapy.md,yes,.md
(2041) Indo-Chinese war.md,I - Pleroma Archive/World/Historical Eras/I - Lithic Era. (Origins)/(2041) Indo-Chinese war.md,New Readers Start Here/I - Pleroma Archive/World/Historical Eras/I - Lithic Era. (Origins)/(2041) Indo-Chinese war.md,yes,.md
(2064) Global Famine.md,I - Pleroma Archive/World/Historical Eras/I - Lithic Era. (Origins)/(2064) Global Famine.md,New Readers Start Here/I - Pleroma Archive/World/Historical Eras/I - Lithic Era. (Origins)/(2064) Global Famine.md,yes,.md
(2020) Private thought.md,I - Pleroma Archive/World/Historical Eras/I - Lithic Era. (Origins)/(2020) Private thought.md,New Readers Start Here/I - Pleroma Archive/World/Historical Eras/I - Lithic Era. (Origins)/(2020) Private thought.md,yes,.md
(2087) First trade caravans between enclaves.md,I - Pleroma Archive/World/Historical Eras/I - Lithic Era. (Origins)/(2087) First trade caravans between enclaves.md,New Readers Start Here/I - Pleroma Archive/World/Historical Eras/I - Lithic Era. (Origins)/(2087) First trade caravans between enclaves.md,yes,.md
(2800) Federation Council reforms.md,I - Pleroma Archive/World/Historical Eras/I - Lithic Era. (Origins)/(2800) Federation Council reforms.md,New Readers Start Here/I - Pleroma Archive/World/Historical Eras/I - Lithic Era. (Origins)/(2800) Federation Council reforms.md,yes,.md
"(3004) Orpheus, Eurydice Stations.md","I - Pleroma Archive/World/Historical Eras/I - Lithic Era. (Origins)/(3004) Orpheus, Eurydice Stations.md","New Readers Start Here/I - Pleroma Archive/World/Historical Eras/I - Lithic Era. (Origins)/(3004) Orpheus, Eurydice Stations.md",yes,.md
(3020) Mars Colony.md,I - Pleroma Archive/World/Historical Eras/I - Lithic Era. (Origins)/(3020) Mars Colony.md,New Readers Start Here/I - Pleroma Archive/World/Historical Eras/I - Lithic Era. (Origins)/(3020) Mars Colony.md,yes,.md
(2450) Reconstruction Age peaks.md,I - Pleroma Archive/World/Historical Eras/I - Lithic Era. (Origins)/(2450) Reconstruction Age peaks.md,New Readers Start Here/I - Pleroma Archive/World/Historical Eras/I - Lithic Era. (Origins)/(2450) Reconstruction Age peaks.md,yes,.md
(2075) ISS Destruction.md,I - Pleroma Archive/World/Historical Eras/I - Lithic Era. (Origins)/(2075) ISS Destruction.md,New Readers Start Here/I - Pleroma Archive/World/Historical Eras/I - Lithic Era. (Origins)/(2075) ISS Destruction.md,yes,.md
(2019) Shadow Pandemic (wirelung).md,I - Pleroma Archive/World/Historical Eras/I - Lithic Era. (Origins)/(2019) Shadow Pandemic (wirelung).md,New Readers Start Here/I - Pleroma Archive/World/Historical Eras/I - Lithic Era. (Origins)/(2019) Shadow Pandemic (wirelung).md,yes,.md
(2850) Interstellar engines reintroduced.md,I - Pleroma Archive/World/Historical Eras/I - Lithic Era. (Origins)/(2850) Interstellar engines reintroduced.md,New Readers Start Here/I - Pleroma Archive/World/Historical Eras/I - Lithic Era. (Origins)/(2850) Interstellar engines reintroduced.md,yes,.md
(2998) Federation Space Force.md,I - Pleroma Archive/World/Historical Eras/I - Lithic Era. (Origins)/(2998) Federation Space Force.md,New Readers Start Here/I - Pleroma Archive/World/Historical Eras/I - Lithic Era. (Origins)/(2998) Federation Space Force.md,yes,.md
(2095) City-State alliances begin to form.md,I - Pleroma Archive/World/Historical Eras/I - Lithic Era. (Origins)/(2095) City-State alliances begin to form.md,New Readers Start Here/I - Pleroma Archive/World/Historical Eras/I - Lithic Era. (Origins)/(2095) City-State alliances begin to form.md,yes,.md
(2950) Cultural renaissance.md,I - Pleroma Archive/World/Historical Eras/I - Lithic Era. (Origins)/(2950) Cultural renaissance.md,New Readers Start Here/I - Pleroma Archive/World/Historical Eras/I - Lithic Era. (Origins)/(2950) Cultural renaissance.md,yes,.md
Lithic Era Timeline Index.md,I - Pleroma Archive/World/Historical Eras/I - Lithic Era. (Origins)/Lithic Era Timeline Index.md,New Readers Start Here/I - Pleroma Archive/World/Historical Eras/I - Lithic Era. (Origins)/Lithic Era Timeline Index.md,yes,.md
(2001) Crisis.md,I - Pleroma Archive/World/Historical Eras/I - Lithic Era. (Origins)/(2001) Crisis.md,New Readers Start Here/I - Pleroma Archive/World/Historical Eras/I - Lithic Era. (Origins)/(2001) Crisis.md,yes,.md
(2079) First year of the Nuclear Winter.md,I - Pleroma Archive/World/Historical Eras/I - Lithic Era. (Origins)/(2079) First year of the Nuclear Winter.md,New Readers Start Here/I - Pleroma Archive/World/Historical Eras/I - Lithic Era. (Origins)/(2079) First year of the Nuclear Winter.md,yes,.md
(3180) Belt Mega-Stations and Charter Polities.md,I - Pleroma Archive/World/Historical Eras/I - Lithic Era. (Origins)/(3180) Belt Mega-Stations and Charter Polities.md,New Readers Start Here/I - Pleroma Archive/World/Historical Eras/I - Lithic Era. (Origins)/(3180) Belt Mega-Stations and Charter Polities.md,yes,.md
(3650) Praovis Mandate.md,I - Pleroma Archive/World/Historical Eras/I - Lithic Era. (Origins)/(3650) Praovis Mandate.md,New Readers Start Here/I - Pleroma Archive/World/Historical Eras/I - Lithic Era. (Origins)/(3650) Praovis Mandate.md,yes,.md
(1818) The Maratha Confederacy.md,I - Pleroma Archive/World/Historical Eras/I - Lithic Era. (Origins)/(1818) The Maratha Confederacy.md,New Readers Start Here/I - Pleroma Archive/World/Historical Eras/I - Lithic Era. (Origins)/(1818) The Maratha Confederacy.md,yes,.md
(2300) City-states unify into Regional Federations.md,I - Pleroma Archive/World/Historical Eras/I - Lithic Era. (Origins)/(2300) City-states unify into Regional Federations.md,New Readers Start Here/I - Pleroma Archive/World/Historical Eras/I - Lithic Era. (Origins)/(2300) City-states unify into Regional Federations.md,yes,.md
(2028) capital bombing.md,I - Pleroma Archive/World/Historical Eras/I - Lithic Era. (Origins)/(2028) capital bombing.md,New Readers Start Here/I - Pleroma Archive/World/Historical Eras/I - Lithic Era. (Origins)/(2028) capital bombing.md,yes,.md
(2008) Economic Depression.md,I - Pleroma Archive/World/Historical Eras/I - Lithic Era. (Origins)/(2008) Economic Depression.md,New Readers Start Here/I - Pleroma Archive/World/Historical Eras/I - Lithic Era. (Origins)/(2008) Economic Depression.md,yes,.md
(3680) Ansible Network Backbone.md,I - Pleroma Archive/World/Historical Eras/I - Lithic Era. (Origins)/(3680) Ansible Network Backbone.md,New Readers Start Here/I - Pleroma Archive/World/Historical Eras/I - Lithic Era. (Origins)/(3680) Ansible Network Backbone.md,yes,.md
(3400) Neptune Colony.md,I - Pleroma Archive/World/Historical Eras/I - Lithic Era. (Origins)/(3400) Neptune Colony.md,New Readers Start Here/I - Pleroma Archive/World/Historical Eras/I - Lithic Era. (Origins)/(3400) Neptune Colony.md,yes,.md
(2078) The Exchange.md,I - Pleroma Archive/World/Historical Eras/I - Lithic Era. (Origins)/(2078) The Exchange.md,New Readers Start Here/I - Pleroma Archive/World/Historical Eras/I - Lithic Era. (Origins)/(2078) The Exchange.md,yes,.md
(2057) Taiwan Strait Crisis.md,I - Pleroma Archive/World/Historical Eras/I - Lithic Era. (Origins)/(2057) Taiwan Strait Crisis.md,New Readers Start Here/I - Pleroma Archive/World/Historical Eras/I - Lithic Era. (Origins)/(2057) Taiwan Strait Crisis.md,yes,.md
(3820) Rythecroa Union.md,I - Pleroma Archive/World/Historical Eras/I - Lithic Era. (Origins)/(3820) Rythecroa Union.md,New Readers Start Here/I - Pleroma Archive/World/Historical Eras/I - Lithic Era. (Origins)/(3820) Rythecroa Union.md,yes,.md
(2400) The Immortal Concord.md,I - Pleroma Archive/World/Historical Eras/I - Lithic Era. (Origins)/(2400) The Immortal Concord.md,New Readers Start Here/I - Pleroma Archive/World/Historical Eras/I - Lithic Era. (Origins)/(2400) The Immortal Concord.md,yes,.md
(3615) The First Ansible.md,I - Pleroma Archive/World/Historical Eras/I - Lithic Era. (Origins)/(3615) The First Ansible.md,New Readers Start Here/I - Pleroma Archive/World/Historical Eras/I - Lithic Era. (Origins)/(3615) The First Ansible.md,yes,.md
(3080) Gilgamesh Station.md,I - Pleroma Archive/World/Historical Eras/I - Lithic Era. (Origins)/(3080) Gilgamesh Station.md,New Readers Start Here/I - Pleroma Archive/World/Historical Eras/I - Lithic Era. (Origins)/(3080) Gilgamesh Station.md,yes,.md
(1955) Vietnam War.md,I - Pleroma Archive/World/Historical Eras/I - Lithic Era. (Origins)/(1955) Vietnam War.md,New Readers Start Here/I - Pleroma Archive/World/Historical Eras/I - Lithic Era. (Origins)/(1955) Vietnam War.md,yes,.md
(1991) Fall of the USSR.md,I - Pleroma Archive/World/Historical Eras/I - Lithic Era. (Origins)/(1991) Fall of the USSR.md,New Readers Start Here/I - Pleroma Archive/World/Historical Eras/I - Lithic Era. (Origins)/(1991) Fall of the USSR.md,yes,.md
(1990) Temporal plasticity.md,I - Pleroma Archive/World/Historical Eras/I - Lithic Era. (Origins)/(1990) Temporal plasticity.md,New Readers Start Here/I - Pleroma Archive/World/Historical Eras/I - Lithic Era. (Origins)/(1990) Temporal plasticity.md,yes,.md
(3050) Orbital Colonies.md,I - Pleroma Archive/World/Historical Eras/I - Lithic Era. (Origins)/(3050) Orbital Colonies.md,New Readers Start Here/I - Pleroma Archive/World/Historical Eras/I - Lithic Era. (Origins)/(3050) Orbital Colonies.md,yes,.md
(3160) Venus Colonial Committee established.md,I - Pleroma Archive/World/Historical Eras/I - Lithic Era. (Origins)/(3160) Venus Colonial Committee established.md,New Readers Start Here/I - Pleroma Archive/World/Historical Eras/I - Lithic Era. (Origins)/(3160) Venus Colonial Committee established.md,yes,.md
(3005) Terran Federation.md,I - Pleroma Archive/World/Historical Eras/I - Lithic Era. (Origins)/(3005) Terran Federation.md,New Readers Start Here/I - Pleroma Archive/World/Historical Eras/I - Lithic Era. (Origins)/(3005) Terran Federation.md,yes,.md
(1967) Cryonics.md,I - Pleroma Archive/World/Historical Eras/I - Lithic Era. (Origins)/(1967) Cryonics.md,New Readers Start Here/I - Pleroma Archive/World/Historical Eras/I - Lithic Era. (Origins)/(1967) Cryonics.md,yes,.md
(2090) Drift of populations toward stable city-states.md,I - Pleroma Archive/World/Historical Eras/I - Lithic Era. (Origins)/(2090) Drift of populations toward stable city-states.md,New Readers Start Here/I - Pleroma Archive/World/Historical Eras/I - Lithic Era. (Origins)/(2090) Drift of populations toward stable city-states.md,yes,.md
(1991) Nation of Assyria.md,I - Pleroma Archive/World/Historical Eras/I - Lithic Era. (Origins)/(1991) Nation of Assyria.md,New Readers Start Here/I - Pleroma Archive/World/Historical Eras/I - Lithic Era. (Origins)/(1991) Nation of Assyria.md,yes,.md
(2026) The Specter of Communism.md,I - Pleroma Archive/World/Historical Eras/I - Lithic Era. (Origins)/(2026) The Specter of Communism.md,New Readers Start Here/I - Pleroma Archive/World/Historical Eras/I - Lithic Era. (Origins)/(2026) The Specter of Communism.md,yes,.md
(2210) The remaining 12 follow.md,I - Pleroma Archive/World/Historical Eras/I - Lithic Era. (Origins)/(2210) The remaining 12 follow.md,New Readers Start Here/I - Pleroma Archive/World/Historical Eras/I - Lithic Era. (Origins)/(2210) The remaining 12 follow.md,yes,.md
(3120) Belt Colonies.md,I - Pleroma Archive/World/Historical Eras/I - Lithic Era. (Origins)/(3120) Belt Colonies.md,New Readers Start Here/I - Pleroma Archive/World/Historical Eras/I - Lithic Era. (Origins)/(3120) Belt Colonies.md,yes,.md
(3007) Gilgamesh Federal Station opens.md,I - Pleroma Archive/World/Historical Eras/I - Lithic Era. (Origins)/(3007) Gilgamesh Federal Station opens.md,New Readers Start Here/I - Pleroma Archive/World/Historical Eras/I - Lithic Era. (Origins)/(3007) Gilgamesh Federal Station opens.md,yes,.md
(3180) Mercury Colonial Committee established.md,I - Pleroma Archive/World/Historical Eras/I - Lithic Era. (Origins)/(3180) Mercury Colonial Committee established.md,New Readers Start Here/I - Pleroma Archive/World/Historical Eras/I - Lithic Era. (Origins)/(3180) Mercury Colonial Committee established.md,yes,.md
(1960) Synesthesia.md,I - Pleroma Archive/World/Historical Eras/I - Lithic Era. (Origins)/(1960) Synesthesia.md,New Readers Start Here/I - Pleroma Archive/World/Historical Eras/I - Lithic Era. (Origins)/(1960) Synesthesia.md,yes,.md
(1970) ESP (extra sensory perception).md,I - Pleroma Archive/World/Historical Eras/I - Lithic Era. (Origins)/(1970) ESP (extra sensory perception).md,New Readers Start Here/I - Pleroma Archive/World/Historical Eras/I - Lithic Era. (Origins)/(1970) ESP (extra sensory perception).md,yes,.md
"(3006) Chulainn, Fionn & Oisin Stations.md","I - Pleroma Archive/World/Historical Eras/I - Lithic Era. (Origins)/(3006) Chulainn, Fionn & Oisin Stations.md","New Readers Start Here/I - Pleroma Archive/World/Historical Eras/I - Lithic Era. (Origins)/(3006) Chulainn, Fionn & Oisin Stations.md",yes,.md
(2204) The First Immortal appears.md,I - Pleroma Archive/World/Historical Eras/I - Lithic Era. (Origins)/(2204) The First Immortal appears.md,New Readers Start Here/I - Pleroma Archive/World/Historical Eras/I - Lithic Era. (Origins)/(2204) The First Immortal appears.md,yes,.md
(1989) Eastern Bloc Collapse.md,I - Pleroma Archive/World/Historical Eras/I - Lithic Era. (Origins)/(1989) Eastern Bloc Collapse.md,New Readers Start Here/I - Pleroma Archive/World/Historical Eras/I - Lithic Era. (Origins)/(1989) Eastern Bloc Collapse.md,yes,.md
(1963) Black Budget.md,I - Pleroma Archive/World/Historical Eras/I - Lithic Era. (Origins)/(1963) Black Budget.md,New Readers Start Here/I - Pleroma Archive/World/Historical Eras/I - Lithic Era. (Origins)/(1963) Black Budget.md,yes,.md
(2052) Americas Fracture.md,I - Pleroma Archive/World/Historical Eras/I - Lithic Era. (Origins)/(2052) Americas Fracture.md,New Readers Start Here/I - Pleroma Archive/World/Historical Eras/I - Lithic Era. (Origins)/(2052) Americas Fracture.md,yes,.md
(2027) The Rise of Nationalism.md,I - Pleroma Archive/World/Historical Eras/I - Lithic Era. (Origins)/(2027) The Rise of Nationalism.md,New Readers Start Here/I - Pleroma Archive/World/Historical Eras/I - Lithic Era. (Origins)/(2027) The Rise of Nationalism.md,yes,.md
(3920) Estela Integralism.md,I - Pleroma Archive/World/Historical Eras/I - Lithic Era. (Origins)/(3920) Estela Integralism.md,New Readers Start Here/I - Pleroma Archive/World/Historical Eras/I - Lithic Era. (Origins)/(3920) Estela Integralism.md,yes,.md
(2997) Mechanical Counterpressure Skinsuits.md,I - Pleroma Archive/World/Historical Eras/I - Lithic Era. (Origins)/(2997) Mechanical Counterpressure Skinsuits.md,New Readers Start Here/I - Pleroma Archive/World/Historical Eras/I - Lithic Era. (Origins)/(2997) Mechanical Counterpressure Skinsuits.md,yes,.md
(2060) Food Shortage Conspiracy.md,I - Pleroma Archive/World/Historical Eras/I - Lithic Era. (Origins)/(2060) Food Shortage Conspiracy.md,New Readers Start Here/I - Pleroma Archive/World/Historical Eras/I - Lithic Era. (Origins)/(2060) Food Shortage Conspiracy.md,yes,.md
(3425) Outer Systems Compact demands independence.md,I - Pleroma Archive/World/Historical Eras/I - Lithic Era. (Origins)/(3425) Outer Systems Compact demands independence.md,New Readers Start Here/I - Pleroma Archive/World/Historical Eras/I - Lithic Era. (Origins)/(3425) Outer Systems Compact demands independence.md,yes,.md
(1970) Nation of Biafra.md,I - Pleroma Archive/World/Historical Eras/I - Lithic Era. (Origins)/(1970) Nation of Biafra.md,New Readers Start Here/I - Pleroma Archive/World/Historical Eras/I - Lithic Era. (Origins)/(1970) Nation of Biafra.md,yes,.md
(3845) Kuomin Empire.md,I - Pleroma Archive/World/Historical Eras/I - Lithic Era. (Origins)/(3845) Kuomin Empire.md,New Readers Start Here/I - Pleroma Archive/World/Historical Eras/I - Lithic Era. (Origins)/(3845) Kuomin Empire.md,yes,.md
(3180) Earth Orbital Ring Network.md,I - Pleroma Archive/World/Historical Eras/I - Lithic Era. (Origins)/(3180) Earth Orbital Ring Network.md,New Readers Start Here/I - Pleroma Archive/World/Historical Eras/I - Lithic Era. (Origins)/(3180) Earth Orbital Ring Network.md,yes,.md
(3350) Uranus Colony.md,I - Pleroma Archive/World/Historical Eras/I - Lithic Era. (Origins)/(3350) Uranus Colony.md,New Readers Start Here/I - Pleroma Archive/World/Historical Eras/I - Lithic Era. (Origins)/(3350) Uranus Colony.md,yes,.md
(3000) End of the age of Reclamation.md,I - Pleroma Archive/World/Historical Eras/I - Lithic Era. (Origins)/(3000) End of the age of Reclamation.md,New Readers Start Here/I - Pleroma Archive/World/Historical Eras/I - Lithic Era. (Origins)/(3000) End of the age of Reclamation.md,yes,.md
(1849) Sikh Empire Survives.md,I - Pleroma Archive/World/Historical Eras/I - Lithic Era. (Origins)/(1849) Sikh Empire Survives.md,New Readers Start Here/I - Pleroma Archive/World/Historical Eras/I - Lithic Era. (Origins)/(1849) Sikh Empire Survives.md,yes,.md
(2066) CRINK Peaks.md,I - Pleroma Archive/World/Historical Eras/I - Lithic Era. (Origins)/(2066) CRINK Peaks.md,New Readers Start Here/I - Pleroma Archive/World/Historical Eras/I - Lithic Era. (Origins)/(2066) CRINK Peaks.md,yes,.md
(3450) Watchtower Network.md,I - Pleroma Archive/World/Historical Eras/I - Lithic Era. (Origins)/(3450) Watchtower Network.md,New Readers Start Here/I - Pleroma Archive/World/Historical Eras/I - Lithic Era. (Origins)/(3450) Watchtower Network.md,yes,.md
(1963) Nation of Katanga.md,I - Pleroma Archive/World/Historical Eras/I - Lithic Era. (Origins)/(1963) Nation of Katanga.md,New Readers Start Here/I - Pleroma Archive/World/Historical Eras/I - Lithic Era. (Origins)/(1963) Nation of Katanga.md,yes,.md
(1896) The Zanzibar Thalassocracy.md,I - Pleroma Archive/World/Historical Eras/I - Lithic Era. (Origins)/(1896) The Zanzibar Thalassocracy.md,New Readers Start Here/I - Pleroma Archive/World/Historical Eras/I - Lithic Era. (Origins)/(1896) The Zanzibar Thalassocracy.md,yes,.md
(2025) Rigged Elections.md,I - Pleroma Archive/World/Historical Eras/I - Lithic Era. (Origins)/(2025) Rigged Elections.md,New Readers Start Here/I - Pleroma Archive/World/Historical Eras/I - Lithic Era. (Origins)/(2025) Rigged Elections.md,yes,.md
(2030) Existence.md,I - Pleroma Archive/World/Historical Eras/I - Lithic Era. (Origins)/(2030) Existence.md,New Readers Start Here/I - Pleroma Archive/World/Historical Eras/I - Lithic Era. (Origins)/(2030) Existence.md,yes,.md
(3008) First permanent Luna Colony established.md,I - Pleroma Archive/World/Historical Eras/I - Lithic Era. (Origins)/(3008) First permanent Luna Colony established.md,New Readers Start Here/I - Pleroma Archive/World/Historical Eras/I - Lithic Era. (Origins)/(3008) First permanent Luna Colony established.md,yes,.md
(2678) Flooded Earth Mapping.md,I - Pleroma Archive/World/Historical Eras/I - Lithic Era. (Origins)/(2678) Flooded Earth Mapping.md,New Readers Start Here/I - Pleroma Archive/World/Historical Eras/I - Lithic Era. (Origins)/(2678) Flooded Earth Mapping.md,yes,.md
(2040) Chaos Structure.md,I - Pleroma Archive/World/Historical Eras/I - Lithic Era. (Origins)/(2040) Chaos Structure.md,New Readers Start Here/I - Pleroma Archive/World/Historical Eras/I - Lithic Era. (Origins)/(2040) Chaos Structure.md,yes,.md
(2030) City Riots.md,I - Pleroma Archive/World/Historical Eras/I - Lithic Era. (Origins)/(2030) City Riots.md,New Readers Start Here/I - Pleroma Archive/World/Historical Eras/I - Lithic Era. (Origins)/(2030) City Riots.md,yes,.md
(1453) Byzantium Survives.md,I - Pleroma Archive/World/Historical Eras/I - Lithic Era. (Origins)/(1453) Byzantium Survives.md,New Readers Start Here/I - Pleroma Archive/World/Historical Eras/I - Lithic Era. (Origins)/(1453) Byzantium Survives.md,yes,.md
(2035) Corruption of the European Union.md,I - Pleroma Archive/World/Historical Eras/I - Lithic Era. (Origins)/(2035) Corruption of the European Union.md,New Readers Start Here/I - Pleroma Archive/World/Historical Eras/I - Lithic Era. (Origins)/(2035) Corruption of the European Union.md,yes,.md
(2995) Phaeton Program.md,I - Pleroma Archive/World/Historical Eras/I - Lithic Era. (Origins)/(2995) Phaeton Program.md,New Readers Start Here/I - Pleroma Archive/World/Historical Eras/I - Lithic Era. (Origins)/(2995) Phaeton Program.md,yes,.md
(2046-2078) Arctic Resource Corridors.md,I - Pleroma Archive/World/Historical Eras/I - Lithic Era. (Origins)/(2046-2078) Arctic Resource Corridors.md,New Readers Start Here/I - Pleroma Archive/World/Historical Eras/I - Lithic Era. (Origins)/(2046-2078) Arctic Resource Corridors.md,yes,.md
(1890) Celestialism.md,I - Pleroma Archive/World/Historical Eras/I - Lithic Era. (Origins)/(1890) Celestialism.md,New Readers Start Here/I - Pleroma Archive/World/Historical Eras/I - Lithic Era. (Origins)/(1890) Celestialism.md,yes,.md
(3180) The Cynthia Protectorate.md,I - Pleroma Archive/World/Historical Eras/I - Lithic Era. (Origins)/(3180) The Cynthia Protectorate.md,New Readers Start Here/I - Pleroma Archive/World/Historical Eras/I - Lithic Era. (Origins)/(3180) The Cynthia Protectorate.md,yes,.md
(1990) Clonal transplantation.md,I - Pleroma Archive/World/Historical Eras/I - Lithic Era. (Origins)/(1990) Clonal transplantation.md,New Readers Start Here/I - Pleroma Archive/World/Historical Eras/I - Lithic Era. (Origins)/(1990) Clonal transplantation.md,yes,.md
(1969) Moon Landing.md,I - Pleroma Archive/World/Historical Eras/I - Lithic Era. (Origins)/(1969) Moon Landing.md,New Readers Start Here/I - Pleroma Archive/World/Historical Eras/I - Lithic Era. (Origins)/(1969) Moon Landing.md,yes,.md
"(2600) Era ends with stable megaregions, unified philosophy, and prepared infrastructure..md","I - Pleroma Archive/World/Historical Eras/I - Lithic Era. (Origins)/(2600) Era ends with stable megaregions, unified philosophy, and prepared infrastructure..md","New Readers Start Here/I - Pleroma Archive/World/Historical Eras/I - Lithic Era. (Origins)/(2600) Era ends with stable megaregions, unified philosophy, and prepared infrastructure..md",yes,.md
(1970) Children of The Union.md,I - Pleroma Archive/World/Historical Eras/I - Lithic Era. (Origins)/(1970) Children of The Union.md,New Readers Start Here/I - Pleroma Archive/World/Historical Eras/I - Lithic Era. (Origins)/(1970) Children of The Union.md,yes,.md
Mesic Era - Timeline Index.md,I - Pleroma Archive/World/Historical Eras/II -Mesic Era (Harmina)/Mesic Era - Timeline Index.md,New Readers Start Here/I - Pleroma Archive/World/Historical Eras/II -Mesic Era (Harmina)/Mesic Era - Timeline Index.md,yes,.md
(251) Founder Clause.md,I - Pleroma Archive/World/Historical Eras/II -Mesic Era (Harmina)/(251) Founder Clause.md,New Readers Start Here/I - Pleroma Archive/World/Historical Eras/II -Mesic Era (Harmina)/(251) Founder Clause.md,yes,.md
(96) Charter Debate.md,I - Pleroma Archive/World/Historical Eras/II -Mesic Era (Harmina)/(96) Charter Debate.md,New Readers Start Here/I - Pleroma Archive/World/Historical Eras/II -Mesic Era (Harmina)/(96) Charter Debate.md,yes,.md
(90) First Generation.md,I - Pleroma Archive/World/Historical Eras/II -Mesic Era (Harmina)/(90) First Generation.md,New Readers Start Here/I - Pleroma Archive/World/Historical Eras/II -Mesic Era (Harmina)/(90) First Generation.md,yes,.md
(10) New Aurora.md,I - Pleroma Archive/World/Historical Eras/II -Mesic Era (Harmina)/(10) New Aurora.md,New Readers Start Here/I - Pleroma Archive/World/Historical Eras/II -Mesic Era (Harmina)/(10) New Aurora.md,yes,.md
(108) First Winter Away.md,I - Pleroma Archive/World/Historical Eras/II -Mesic Era (Harmina)/(108) First Winter Away.md,New Readers Start Here/I - Pleroma Archive/World/Historical Eras/II -Mesic Era (Harmina)/(108) First Winter Away.md,yes,.md
(40) Population Stabilization.md,I - Pleroma Archive/World/Historical Eras/II -Mesic Era (Harmina)/(40) Population Stabilization.md,New Readers Start Here/I - Pleroma Archive/World/Historical Eras/II -Mesic Era (Harmina)/(40) Population Stabilization.md,yes,.md
(196) Arms Race.md,I - Pleroma Archive/World/Historical Eras/II -Mesic Era (Harmina)/(196) Arms Race.md,New Readers Start Here/I - Pleroma Archive/World/Historical Eras/II -Mesic Era (Harmina)/(196) Arms Race.md,yes,.md
(151) Accords No One Called Accords.md,I - Pleroma Archive/World/Historical Eras/II -Mesic Era (Harmina)/(151) Accords No One Called Accords.md,New Readers Start Here/I - Pleroma Archive/World/Historical Eras/II -Mesic Era (Harmina)/(151) Accords No One Called Accords.md,yes,.md
(15) Environmental Doctrine.md,I - Pleroma Archive/World/Historical Eras/II -Mesic Era (Harmina)/(15) Environmental Doctrine.md,New Readers Start Here/I - Pleroma Archive/World/Historical Eras/II -Mesic Era (Harmina)/(15) Environmental Doctrine.md,yes,.md
Mesic Era - Ark to GalFed Context.md,I - Pleroma Archive/World/Historical Eras/II -Mesic Era (Harmina)/Mesic Era - Ark to GalFed Context.md,New Readers Start Here/I - Pleroma Archive/World/Historical Eras/II -Mesic Era (Harmina)/Mesic Era - Ark to GalFed Context.md,yes,.md
(189) Recognition Years.md,I - Pleroma Archive/World/Historical Eras/II -Mesic Era (Harmina)/(189) Recognition Years.md,New Readers Start Here/I - Pleroma Archive/World/Historical Eras/II -Mesic Era (Harmina)/(189) Recognition Years.md,yes,.md
(4) First Mass Death.md,I - Pleroma Archive/World/Historical Eras/II -Mesic Era (Harmina)/(4) First Mass Death.md,New Readers Start Here/I - Pleroma Archive/World/Historical Eras/II -Mesic Era (Harmina)/(4) First Mass Death.md,yes,.md
(75) Settlement Networks.md,I - Pleroma Archive/World/Historical Eras/II -Mesic Era (Harmina)/(75) Settlement Networks.md,New Readers Start Here/I - Pleroma Archive/World/Historical Eras/II -Mesic Era (Harmina)/(75) Settlement Networks.md,yes,.md
(50) First Adaptations.md,I - Pleroma Archive/World/Historical Eras/II -Mesic Era (Harmina)/(50) First Adaptations.md,New Readers Start Here/I - Pleroma Archive/World/Historical Eras/II -Mesic Era (Harmina)/(50) First Adaptations.md,yes,.md
(101) Petition of Routes.md,I - Pleroma Archive/World/Historical Eras/II -Mesic Era (Harmina)/(101) Petition of Routes.md,New Readers Start Here/I - Pleroma Archive/World/Historical Eras/II -Mesic Era (Harmina)/(101) Petition of Routes.md,yes,.md
(252) First Strike.md,I - Pleroma Archive/World/Historical Eras/II -Mesic Era (Harmina)/(252) First Strike.md,New Readers Start Here/I - Pleroma Archive/World/Historical Eras/II -Mesic Era (Harmina)/(252) First Strike.md,yes,.md
(190) Body Question.md,I - Pleroma Archive/World/Historical Eras/II -Mesic Era (Harmina)/(190) Body Question.md,New Readers Start Here/I - Pleroma Archive/World/Historical Eras/II -Mesic Era (Harmina)/(190) Body Question.md,yes,.md
(155) First Large Conflict.md,I - Pleroma Archive/World/Historical Eras/II -Mesic Era (Harmina)/(155) First Large Conflict.md,New Readers Start Here/I - Pleroma Archive/World/Historical Eras/II -Mesic Era (Harmina)/(155) First Large Conflict.md,yes,.md
(95) Expansionist Petition.md,I - Pleroma Archive/World/Historical Eras/II -Mesic Era (Harmina)/(95) Expansionist Petition.md,New Readers Start Here/I - Pleroma Archive/World/Historical Eras/II -Mesic Era (Harmina)/(95) Expansionist Petition.md,yes,.md
(110) Resource Equilibrium.md,I - Pleroma Archive/World/Historical Eras/II -Mesic Era (Harmina)/(110) Resource Equilibrium.md,New Readers Start Here/I - Pleroma Archive/World/Historical Eras/II -Mesic Era (Harmina)/(110) Resource Equilibrium.md,yes,.md
(185) Skyview Day.md,I - Pleroma Archive/World/Historical Eras/II -Mesic Era (Harmina)/(185) Skyview Day.md,New Readers Start Here/I - Pleroma Archive/World/Historical Eras/II -Mesic Era (Harmina)/(185) Skyview Day.md,yes,.md
(32) First Conflict.md,I - Pleroma Archive/World/Historical Eras/II -Mesic Era (Harmina)/(32) First Conflict.md,New Readers Start Here/I - Pleroma Archive/World/Historical Eras/II -Mesic Era (Harmina)/(32) First Conflict.md,yes,.md
(2) Landing.md,I - Pleroma Archive/World/Historical Eras/II -Mesic Era (Harmina)/(2) Landing.md,New Readers Start Here/I - Pleroma Archive/World/Historical Eras/II -Mesic Era (Harmina)/(2) Landing.md,yes,.md
(103) Convoy Season.md,I - Pleroma Archive/World/Historical Eras/II -Mesic Era (Harmina)/(103) Convoy Season.md,New Readers Start Here/I - Pleroma Archive/World/Historical Eras/II -Mesic Era (Harmina)/(103) Convoy Season.md,yes,.md
(20) New Settlements.md,I - Pleroma Archive/World/Historical Eras/II -Mesic Era (Harmina)/(20) New Settlements.md,New Readers Start Here/I - Pleroma Archive/World/Historical Eras/II -Mesic Era (Harmina)/(20) New Settlements.md,yes,.md
(63) Knowledge of Ecosystems.md,I - Pleroma Archive/World/Historical Eras/II -Mesic Era (Harmina)/(63) Knowledge of Ecosystems.md,New Readers Start Here/I - Pleroma Archive/World/Historical Eras/II -Mesic Era (Harmina)/(63) Knowledge of Ecosystems.md,yes,.md
(1) Harmina Identified.md,I - Pleroma Archive/World/Historical Eras/II -Mesic Era (Harmina)/(1) Harmina Identified.md,New Readers Start Here/I - Pleroma Archive/World/Historical Eras/II -Mesic Era (Harmina)/(1) Harmina Identified.md,yes,.md
(140) Settlement Alliances.md,I - Pleroma Archive/World/Historical Eras/II -Mesic Era (Harmina)/(140) Settlement Alliances.md,New Readers Start Here/I - Pleroma Archive/World/Historical Eras/II -Mesic Era (Harmina)/(140) Settlement Alliances.md,yes,.md
(0) Misjump Event.md,I - Pleroma Archive/World/Historical Eras/II -Mesic Era (Harmina)/(0) Misjump Event.md,New Readers Start Here/I - Pleroma Archive/World/Historical Eras/II -Mesic Era (Harmina)/(0) Misjump Event.md,yes,.md
(122) Letters and Second Hymnal.md,I - Pleroma Archive/World/Historical Eras/II -Mesic Era (Harmina)/(122) Letters and Second Hymnal.md,New Readers Start Here/I - Pleroma Archive/World/Historical Eras/II -Mesic Era (Harmina)/(122) Letters and Second Hymnal.md,yes,.md
(120) Philosophical Divergences.md,I - Pleroma Archive/World/Historical Eras/II -Mesic Era (Harmina)/(120) Philosophical Divergences.md,New Readers Start Here/I - Pleroma Archive/World/Historical Eras/II -Mesic Era (Harmina)/(120) Philosophical Divergences.md,yes,.md
Mesic Era - Master Timeline.md,I - Pleroma Archive/World/Historical Eras/II -Mesic Era (Harmina)/Mesic Era - Master Timeline.md,New Readers Start Here/I - Pleroma Archive/World/Historical Eras/II -Mesic Era (Harmina)/Mesic Era - Master Timeline.md,yes,.md
Conditional Eternalism.md,I - Pleroma Archive/World/Historical Eras/VI - Severance Era (Akasha)/Conditional Eternalism.md,New Readers Start Here/I - Pleroma Archive/World/Historical Eras/VI - Severance Era (Akasha)/Conditional Eternalism.md,yes,.md
VI - Severance Era (Akasha).md,I - Pleroma Archive/World/Historical Eras/VI - Severance Era (Akasha)/VI - Severance Era (Akasha).md,New Readers Start Here/I - Pleroma Archive/World/Historical Eras/VI - Severance Era (Akasha)/VI - Severance Era (Akasha).md,yes,.md
Lost Fleets.md,I - Pleroma Archive/World/Civilizations/Oneirotheon Pilgrimage/Lost Fleets.md,New Readers Start Here/I - Pleroma Archive/World/Civilizations/Oneirotheon Pilgrimage/Lost Fleets.md,yes,.md
Oneirotheon Pilgrimage.md,I - Pleroma Archive/World/Civilizations/Oneirotheon Pilgrimage/Oneirotheon Pilgrimage.md,New Readers Start Here/I - Pleroma Archive/World/Civilizations/Oneirotheon Pilgrimage/Oneirotheon Pilgrimage.md,yes,.md
Government__Oneirotheon Pilgrimage__7192a942.md,I - Pleroma Archive/World/Civilizations/Oneirotheon Pilgrimage/Government.md,New Readers Start Here/I - Pleroma Archive/World/Civilizations/Oneirotheon Pilgrimage/Government.md,yes,.md
Severance.md,I - Pleroma Archive/World/Civilizations/Oneirotheon Pilgrimage/Severance.md,New Readers Start Here/I - Pleroma Archive/World/Civilizations/Oneirotheon Pilgrimage/Severance.md,yes,.md
Military__Oneirotheon Pilgrimage__7c2cf09c.md,I - Pleroma Archive/World/Civilizations/Oneirotheon Pilgrimage/Military.md,New Readers Start Here/I - Pleroma Archive/World/Civilizations/Oneirotheon Pilgrimage/Military.md,yes,.md
Culture & Society__Oneirotheon Pilgrimage__16cfe8df.md,I - Pleroma Archive/World/Civilizations/Oneirotheon Pilgrimage/Culture & Society.md,New Readers Start Here/I - Pleroma Archive/World/Civilizations/Oneirotheon Pilgrimage/Culture & Society.md,yes,.md
Timeline__Oneirotheon Pilgrimage__ff6100df.md,I - Pleroma Archive/World/Civilizations/Oneirotheon Pilgrimage/Timeline.md,New Readers Start Here/I - Pleroma Archive/World/Civilizations/Oneirotheon Pilgrimage/Timeline.md,yes,.md
Daily life__Oneirotheon Pilgrimage__62cb6fb2.md,I - Pleroma Archive/World/Civilizations/Oneirotheon Pilgrimage/Daily life.md,New Readers Start Here/I - Pleroma Archive/World/Civilizations/Oneirotheon Pilgrimage/Daily life.md,yes,.md
Origin.md,I - Pleroma Archive/World/Civilizations/Oneirotheon Pilgrimage/Origin.md,New Readers Start Here/I - Pleroma Archive/World/Civilizations/Oneirotheon Pilgrimage/Origin.md,yes,.md
Economy & Infrastructure__Oneirotheon Pilgrimage__d007fe6d.md,I - Pleroma Archive/World/Civilizations/Oneirotheon Pilgrimage/Economy & Infrastructure.md,New Readers Start Here/I - Pleroma Archive/World/Civilizations/Oneirotheon Pilgrimage/Economy & Infrastructure.md,yes,.md
Doctrine__Oneirotheon Pilgrimage__06d6a069.md,I - Pleroma Archive/World/Civilizations/Oneirotheon Pilgrimage/Doctrine.md,New Readers Start Here/I - Pleroma Archive/World/Civilizations/Oneirotheon Pilgrimage/Doctrine.md,yes,.md
Schism.md,I - Pleroma Archive/World/Civilizations/Oneirotheon Pilgrimage/Schism.md,New Readers Start Here/I - Pleroma Archive/World/Civilizations/Oneirotheon Pilgrimage/Schism.md,yes,.md
Overview__Oneirotheon Pilgrimage__90ac8d89.md,I - Pleroma Archive/World/Civilizations/Oneirotheon Pilgrimage/Overview.md,New Readers Start Here/I - Pleroma Archive/World/Civilizations/Oneirotheon Pilgrimage/Overview.md,yes,.md
Domain - Canon Bible v1.0.md,I - Pleroma Archive/World/Civilizations/Domain/Domain - Canon Bible v1.0.md,New Readers Start Here/I - Pleroma Archive/World/Civilizations/Domain/Domain - Canon Bible v1.0.md,yes,.md
Domain.md,I - Pleroma Archive/World/Civilizations/Domain/Domain.md,New Readers Start Here/I - Pleroma Archive/World/Civilizations/Domain/Domain.md,yes,.md
Domain - Canon and Legacy Review Workbook - Completed v1.0.md,I - Pleroma Archive/World/Civilizations/Domain/Domain - Canon and Legacy Review Workbook - Completed v1.0.md,New Readers Start Here/I - Pleroma Archive/World/Civilizations/Domain/Domain - Canon and Legacy Review Workbook - Completed v1.0.md,yes,.md
Domain - Canon and Legacy Review Workbook.md,I - Pleroma Archive/World/Civilizations/Domain/Domain - Canon and Legacy Review Workbook.md,New Readers Start Here/I - Pleroma Archive/World/Civilizations/Domain/Domain - Canon and Legacy Review Workbook.md,yes,.md
Domain_Codex_Master.md,I - Pleroma Archive/World/Civilizations/Domain/Domain_Codex_Master.md,New Readers Start Here/I - Pleroma Archive/World/Civilizations/Domain/Domain_Codex_Master.md,yes,.md
Ameise Hive.md,I - Pleroma Archive/World/Civilizations/Ameise Hive/Ameise Hive.md,New Readers Start Here/I - Pleroma Archive/World/Civilizations/Ameise Hive/Ameise Hive.md,yes,.md
Military & Technology.md,I - Pleroma Archive/World/Civilizations/Ameise Hive/Military & Technology.md,New Readers Start Here/I - Pleroma Archive/World/Civilizations/Ameise Hive/Military & Technology.md,yes,.md
History__Ameise Hive__32126b08.md,I - Pleroma Archive/World/Civilizations/Ameise Hive/History.md,New Readers Start Here/I - Pleroma Archive/World/Civilizations/Ameise Hive/History.md,yes,.md
Swarm Doctrine.md,I - Pleroma Archive/World/Civilizations/Ameise Hive/Swarm Doctrine.md,New Readers Start Here/I - Pleroma Archive/World/Civilizations/Ameise Hive/Swarm Doctrine.md,yes,.md
Religion & Philosophy.md,I - Pleroma Archive/World/Civilizations/Ameise Hive/Religion & Philosophy.md,New Readers Start Here/I - Pleroma Archive/World/Civilizations/Ameise Hive/Religion & Philosophy.md,yes,.md
Inter-Species Relations.md,I - Pleroma Archive/World/Civilizations/Ameise Hive/Inter-Species Relations.md,New Readers Start Here/I - Pleroma Archive/World/Civilizations/Ameise Hive/Inter-Species Relations.md,yes,.md
Ameise Origin & Ascension Framework.md,I - Pleroma Archive/World/Civilizations/Ameise Hive/Ameise Origin & Ascension Framework.md,New Readers Start Here/I - Pleroma Archive/World/Civilizations/Ameise Hive/Ameise Origin & Ascension Framework.md,yes,.md
Starship Doctrine.md,I - Pleroma Archive/World/Civilizations/Ameise Hive/Starship Doctrine.md,New Readers Start Here/I - Pleroma Archive/World/Civilizations/Ameise Hive/Starship Doctrine.md,yes,.md
Communication with Silentium.md,I - Pleroma Archive/World/Civilizations/Ameise Hive/Communication with Silentium.md,New Readers Start Here/I - Pleroma Archive/World/Civilizations/Ameise Hive/Communication with Silentium.md,yes,.md
Society & Governance.md,I - Pleroma Archive/World/Civilizations/Ameise Hive/Society & Governance.md,New Readers Start Here/I - Pleroma Archive/World/Civilizations/Ameise Hive/Society & Governance.md,yes,.md
Architecture & Habitat.md,I - Pleroma Archive/World/Civilizations/Ameise Hive/Architecture & Habitat.md,New Readers Start Here/I - Pleroma Archive/World/Civilizations/Ameise Hive/Architecture & Habitat.md,yes,.md
Dominion Integration.md,I - Pleroma Archive/World/Civilizations/Ameise Hive/Dominion Integration.md,New Readers Start Here/I - Pleroma Archive/World/Civilizations/Ameise Hive/Dominion Integration.md,yes,.md
Iconography.md,I - Pleroma Archive/World/Civilizations/Ameise Hive/Iconography.md,New Readers Start Here/I - Pleroma Archive/World/Civilizations/Ameise Hive/Iconography.md,yes,.md
Rare & Specialized Castes.md,I - Pleroma Archive/World/Civilizations/Ameise Hive/Rare & Specialized Castes.md,New Readers Start Here/I - Pleroma Archive/World/Civilizations/Ameise Hive/Rare & Specialized Castes.md,yes,.md
Ameise Cities.md,I - Pleroma Archive/World/Civilizations/Ameise Hive/Ameise Cities.md,New Readers Start Here/I - Pleroma Archive/World/Civilizations/Ameise Hive/Ameise Cities.md,yes,.md
Zek'razzar Veyrth.md,I - Pleroma Archive/World/Civilizations/Zek'razzar Veyrth/Zek'razzar Veyrth.md,New Readers Start Here/I - Pleroma Archive/World/Civilizations/Zek'razzar Veyrth/Zek'razzar Veyrth.md,yes,.md
Untitled__Zek_razzar Veyrth__f83a6d7a.md,I - Pleroma Archive/World/Civilizations/Zek'razzar Veyrth/Untitled.md,New Readers Start Here/I - Pleroma Archive/World/Civilizations/Zek'razzar Veyrth/Untitled.md,yes,.md
Galactic Federation.md,I - Pleroma Archive/World/Civilizations/Galactic Federation/Galactic Federation.md,New Readers Start Here/I - Pleroma Archive/World/Civilizations/Galactic Federation/Galactic Federation.md,yes,.md
Harmonic Cooperative__Harmonic Cooperative__de7014d0.md,I - Pleroma Archive/World/Civilizations/Harmonic Cooperative/Harmonic Cooperative.md,New Readers Start Here/I - Pleroma Archive/World/Civilizations/Harmonic Cooperative/Harmonic Cooperative.md,yes,.md
Unitas Federation.md,I - Pleroma Archive/World/Civilizations/Unitas Federation/Unitas Federation.md,New Readers Start Here/I - Pleroma Archive/World/Civilizations/Unitas Federation/Unitas Federation.md,yes,.md
Structure.canvas,I - Pleroma Archive/World/Civilizations/Unitas Federation/Structure.canvas,New Readers Start Here/I - Pleroma Archive/World/Civilizations/Unitas Federation/Structure.canvas,no,.canvas
Interstice City.md,I - Pleroma Archive/World/Civilizations/Interstice City/Interstice City.md,New Readers Start Here/I - Pleroma Archive/World/Civilizations/Interstice City/Interstice City.md,yes,.md
Military & Security.md,I - Pleroma Archive/World/Civilizations/Interstice City/Military & Security.md,New Readers Start Here/I - Pleroma Archive/World/Civilizations/Interstice City/Military & Security.md,yes,.md
Government__Interstice City__420b5a35.md,I - Pleroma Archive/World/Civilizations/Interstice City/Government.md,New Readers Start Here/I - Pleroma Archive/World/Civilizations/Interstice City/Government.md,yes,.md
Culture & Society__Interstice City__7d709e4d.md,I - Pleroma Archive/World/Civilizations/Interstice City/Culture & Society.md,New Readers Start Here/I - Pleroma Archive/World/Civilizations/Interstice City/Culture & Society.md,yes,.md
Economy & Infrastructure__Interstice City__e4cdcb53.md,I - Pleroma Archive/World/Civilizations/Interstice City/Economy & Infrastructure.md,New Readers Start Here/I - Pleroma Archive/World/Civilizations/Interstice City/Economy & Infrastructure.md,yes,.md
Time.md,I - Pleroma Archive/World/Civilizations/Interstice City/Time.md,New Readers Start Here/I - Pleroma Archive/World/Civilizations/Interstice City/Time.md,yes,.md
Doctrine__Interstice City__e39b04ad.md,I - Pleroma Archive/World/Civilizations/Interstice City/Doctrine.md,New Readers Start Here/I - Pleroma Archive/World/Civilizations/Interstice City/Doctrine.md,yes,.md
Overview__Interstice City__98057592.md,I - Pleroma Archive/World/Civilizations/Interstice City/Overview.md,New Readers Start Here/I - Pleroma Archive/World/Civilizations/Interstice City/Overview.md,yes,.md
Empyrean Continuum.md,I - Pleroma Archive/World/Civilizations/Empyrean Continuum/Empyrean Continuum.md,New Readers Start Here/I - Pleroma Archive/World/Civilizations/Empyrean Continuum/Empyrean Continuum.md,yes,.md
Synarchate__Synarchate__1fa16d6d.md,I - Pleroma Archive/World/Civilizations/Synarchate/Synarchate.md,New Readers Start Here/I - Pleroma Archive/World/Civilizations/Synarchate/Synarchate.md,yes,.md
Athearn Empire__Athearn Empire__cae0b2b8.md,I - Pleroma Archive/World/Civilizations/Athearn Empire/Athearn Empire.md,New Readers Start Here/I - Pleroma Archive/World/Civilizations/Athearn Empire/Athearn Empire.md,yes,.md
Dominion__Dominion__cd53e640.md,I - Pleroma Archive/World/Civilizations/Dominion/Dominion.md,New Readers Start Here/I - Pleroma Archive/World/Civilizations/Dominion/Dominion.md,yes,.md
TERNES╠îJ VERSEL.md,I - Pleroma Archive/World/Civilizations/TERNES╠îJ VERSEL/TERNES╠îJ VERSEL.md,New Readers Start Here/I - Pleroma Archive/World/Civilizations/TERNES╠îJ VERSEL/TERNES╠îJ VERSEL.md,yes,.md
MORPHOLOGY VARIANTS.md,I - Pleroma Archive/World/Civilizations/TERNES╠îJ VERSEL/MORPHOLOGY VARIANTS.md,New Readers Start Here/I - Pleroma Archive/World/Civilizations/TERNES╠îJ VERSEL/MORPHOLOGY VARIANTS.md,yes,.md
Government__TERNES_J VERSEL__9058c755.md,I - Pleroma Archive/World/Civilizations/TERNES╠îJ VERSEL/Government.md,New Readers Start Here/I - Pleroma Archive/World/Civilizations/TERNES╠îJ VERSEL/Government.md,yes,.md
Space Vessels.md,I - Pleroma Archive/World/Civilizations/TERNES╠îJ VERSEL/Space Vessels.md,New Readers Start Here/I - Pleroma Archive/World/Civilizations/TERNES╠îJ VERSEL/Space Vessels.md,yes,.md
AETHER INTERACTION.md,I - Pleroma Archive/World/Civilizations/TERNES╠îJ VERSEL/AETHER INTERACTION.md,New Readers Start Here/I - Pleroma Archive/World/Civilizations/TERNES╠îJ VERSEL/AETHER INTERACTION.md,yes,.md
Timeline__Attea Matil__790a75f4.md,I - Pleroma Archive/World/Civilizations/Attea Matil/Timeline.md,New Readers Start Here/I - Pleroma Archive/World/Civilizations/Attea Matil/Timeline.md,yes,.md
Attea Matil.md,I - Pleroma Archive/World/Civilizations/Attea Matil/Attea Matil.md,New Readers Start Here/I - Pleroma Archive/World/Civilizations/Attea Matil/Attea Matil.md,yes,.md
Vacuumamoeba.md,I - Pleroma Archive/World/Flora & Fauna/Entities/Vacuumamoeba.md,New Readers Start Here/I - Pleroma Archive/World/Flora & Fauna/Entities/Vacuumamoeba.md,yes,.md
Aetherophaga.md,I - Pleroma Archive/World/Flora & Fauna/Entities/Aetherophaga.md,New Readers Start Here/I - Pleroma Archive/World/Flora & Fauna/Entities/Aetherophaga.md,yes,.md
Astrocephalopoda.md,I - Pleroma Archive/World/Flora & Fauna/Entities/Astrocephalopoda.md,New Readers Start Here/I - Pleroma Archive/World/Flora & Fauna/Entities/Astrocephalopoda.md,yes,.md
Pulsariphages spectrales.md,I - Pleroma Archive/World/Flora & Fauna/Entities/Pulsariphages spectrales.md,New Readers Start Here/I - Pleroma Archive/World/Flora & Fauna/Entities/Pulsariphages spectrales.md,yes,.md
Draco astravagus.md,I - Pleroma Archive/World/Flora & Fauna/Entities/Draco astravagus.md,New Readers Start Here/I - Pleroma Archive/World/Flora & Fauna/Entities/Draco astravagus.md,yes,.md
Lithocognita.md,I - Pleroma Archive/World/Flora & Fauna/Entities/Lithocognita.md,New Readers Start Here/I - Pleroma Archive/World/Flora & Fauna/Entities/Lithocognita.md,yes,.md
Horror vacui intraliminalis.md,I - Pleroma Archive/World/Flora & Fauna/Entities/Horror vacui intraliminalis.md,New Readers Start Here/I - Pleroma Archive/World/Flora & Fauna/Entities/Horror vacui intraliminalis.md,yes,.md
Draco aetherophagus.md,I - Pleroma Archive/World/Flora & Fauna/Entities/Draco aetherophagus.md,New Readers Start Here/I - Pleroma Archive/World/Flora & Fauna/Entities/Draco aetherophagus.md,yes,.md
Heliophaga terminus.md,I - Pleroma Archive/World/Flora & Fauna/Entities/Heliophaga terminus.md,New Readers Start Here/I - Pleroma Archive/World/Flora & Fauna/Entities/Heliophaga terminus.md,yes,.md
rupture_vff [[Chapter XXIX (Verse Concursus).md,I - Pleroma Archive/_Pleroma Archive Management/Missing Note Recovery/Generated Stubs/rupture_vff [[Chapter XXIX (Verse Concursus).md,New Readers Start Here/I - Pleroma Archive/_Pleroma Archive Management/Missing Note Recovery/Generated Stubs/rupture_vff [[Chapter XXIX (Verse Concursus).md,yes,.md
World Ships.md,I - Pleroma Archive/_Pleroma Archive Management/Missing Note Recovery/Generated Stubs/World Ships.md,New Readers Start Here/I - Pleroma Archive/_Pleroma Archive Management/Missing Note Recovery/Generated Stubs/World Ships.md,yes,.md
Starfield Survey Records.md,I - Pleroma Archive/_Pleroma Archive Management/Missing Note Recovery/Generated Stubs/Starfield Survey Records.md,New Readers Start Here/I - Pleroma Archive/_Pleroma Archive Management/Missing Note Recovery/Generated Stubs/Starfield Survey Records.md,yes,.md
Dark Energy Filaments.md,I - Pleroma Archive/_Pleroma Archive Management/Missing Note Recovery/Generated Stubs/Dark Energy Filaments.md,New Readers Start Here/I - Pleroma Archive/_Pleroma Archive Management/Missing Note Recovery/Generated Stubs/Dark Energy Filaments.md,yes,.md
Red Giants.md,I - Pleroma Archive/_Pleroma Archive Management/Missing Note Recovery/Generated Stubs/Red Giants.md,New Readers Start Here/I - Pleroma Archive/_Pleroma Archive Management/Missing Note Recovery/Generated Stubs/Red Giants.md,yes,.md
Dracosian Gateway.md,I - Pleroma Archive/_Pleroma Archive Management/Missing Note Recovery/Generated Stubs/Dracosian Gateway.md,New Readers Start Here/I - Pleroma Archive/_Pleroma Archive Management/Missing Note Recovery/Generated Stubs/Dracosian Gateway.md,yes,.md
Confluencia Tethers.md,I - Pleroma Archive/_Pleroma Archive Management/Missing Note Recovery/Generated Stubs/Confluencia Tethers.md,New Readers Start Here/I - Pleroma Archive/_Pleroma Archive Management/Missing Note Recovery/Generated Stubs/Confluencia Tethers.md,yes,.md
Realm.md,I - Pleroma Archive/_Pleroma Archive Management/Missing Note Recovery/Generated Stubs/Realm.md,New Readers Start Here/I - Pleroma Archive/_Pleroma Archive Management/Missing Note Recovery/Generated Stubs/Realm.md,yes,.md
Frayzones.md,I - Pleroma Archive/_Pleroma Archive Management/Missing Note Recovery/Generated Stubs/Frayzones.md,New Readers Start Here/I - Pleroma Archive/_Pleroma Archive Management/Missing Note Recovery/Generated Stubs/Frayzones.md,yes,.md
Plane Cycle Calendar.md,I - Pleroma Archive/_Pleroma Archive Management/Missing Note Recovery/Generated Stubs/Plane Cycle Calendar.md,New Readers Start Here/I - Pleroma Archive/_Pleroma Archive Management/Missing Note Recovery/Generated Stubs/Plane Cycle Calendar.md,yes,.md
Dominion Cathedrals.md,I - Pleroma Archive/_Pleroma Archive Management/Missing Note Recovery/Generated Stubs/Dominion Cathedrals.md,New Readers Start Here/I - Pleroma Archive/_Pleroma Archive Management/Missing Note Recovery/Generated Stubs/Dominion Cathedrals.md,yes,.md
unnamed [[Chapter XXIX (Verse Concursus).md,I - Pleroma Archive/_Pleroma Archive Management/Missing Note Recovery/Generated Stubs/unnamed [[Chapter XXIX (Verse Concursus).md,New Readers Start Here/I - Pleroma Archive/_Pleroma Archive Management/Missing Note Recovery/Generated Stubs/unnamed [[Chapter XXIX (Verse Concursus).md,yes,.md
Consent_Key_Log_Template.md,I - Pleroma Archive/_Pleroma Archive Management/Missing Note Recovery/Generated Stubs/Consent_Key_Log_Template.md,New Readers Start Here/I - Pleroma Archive/_Pleroma Archive Management/Missing Note Recovery/Generated Stubs/Consent_Key_Log_Template.md,yes,.md
Particles Index.md,I - Pleroma Archive/_Pleroma Archive Management/Missing Note Recovery/Generated Stubs/Particles Index.md,New Readers Start Here/I - Pleroma Archive/_Pleroma Archive Management/Missing Note Recovery/Generated Stubs/Particles Index.md,yes,.md
Gravitational Wave Fields.md,I - Pleroma Archive/_Pleroma Archive Management/Missing Note Recovery/Generated Stubs/Gravitational Wave Fields.md,New Readers Start Here/I - Pleroma Archive/_Pleroma Archive Management/Missing Note Recovery/Generated Stubs/Gravitational Wave Fields.md,yes,.md
VFF MOT Index.md,I - Pleroma Archive/_Pleroma Archive Management/Missing Note Recovery/Generated Stubs/VFF MOT Index.md,New Readers Start Here/I - Pleroma Archive/_Pleroma Archive Management/Missing Note Recovery/Generated Stubs/VFF MOT Index.md,yes,.md
Aurathene.md,I - Pleroma Archive/_Pleroma Archive Management/Missing Note Recovery/Generated Stubs/Aurathene.md,New Readers Start Here/I - Pleroma Archive/_Pleroma Archive Management/Missing Note Recovery/Generated Stubs/Aurathene.md,yes,.md
Lacuna Zones.md,I - Pleroma Archive/_Pleroma Archive Management/Missing Note Recovery/Generated Stubs/Lacuna Zones.md,New Readers Start Here/I - Pleroma Archive/_Pleroma Archive Management/Missing Note Recovery/Generated Stubs/Lacuna Zones.md,yes,.md
Novelty.md,I - Pleroma Archive/_Pleroma Archive Management/Missing Note Recovery/Generated Stubs/Novelty.md,New Readers Start Here/I - Pleroma Archive/_Pleroma Archive Management/Missing Note Recovery/Generated Stubs/Novelty.md,yes,.md
Stellar Tiering Scales.md,I - Pleroma Archive/_Pleroma Archive Management/Missing Note Recovery/Generated Stubs/Stellar Tiering Scales.md,New Readers Start Here/I - Pleroma Archive/_Pleroma Archive Management/Missing Note Recovery/Generated Stubs/Stellar Tiering Scales.md,yes,.md
Thought Cluster (Multi-System Megastructure).md,I - Pleroma Archive/_Pleroma Archive Management/Missing Note Recovery/Generated Stubs/Thought Cluster (Multi-System Megastructure).md,New Readers Start Here/I - Pleroma Archive/_Pleroma Archive Management/Missing Note Recovery/Generated Stubs/Thought Cluster (Multi-System Megastructure).md,yes,.md
Plane.md,I - Pleroma Archive/_Pleroma Archive Management/Missing Note Recovery/Generated Stubs/Plane.md,New Readers Start Here/I - Pleroma Archive/_Pleroma Archive Management/Missing Note Recovery/Generated Stubs/Plane.md,yes,.md
Main Sequence Stars.md,I - Pleroma Archive/_Pleroma Archive Management/Missing Note Recovery/Generated Stubs/Main Sequence Stars.md,New Readers Start Here/I - Pleroma Archive/_Pleroma Archive Management/Missing Note Recovery/Generated Stubs/Main Sequence Stars.md,yes,.md
Workshop.md,I - Pleroma Archive/_Pleroma Archive Management/Missing Note Recovery/Generated Stubs/Workshop.md,New Readers Start Here/I - Pleroma Archive/_Pleroma Archive Management/Missing Note Recovery/Generated Stubs/Workshop.md,yes,.md
Cosmology Index.md,I - Pleroma Archive/_Pleroma Archive Management/Missing Note Recovery/Generated Stubs/Cosmology Index.md,New Readers Start Here/I - Pleroma Archive/_Pleroma Archive Management/Missing Note Recovery/Generated Stubs/Cosmology Index.md,yes,.md
Black Holes.md,I - Pleroma Archive/_Pleroma Archive Management/Missing Note Recovery/Generated Stubs/Black Holes.md,New Readers Start Here/I - Pleroma Archive/_Pleroma Archive Management/Missing Note Recovery/Generated Stubs/Black Holes.md,yes,.md
Dyson Swarm.md,I - Pleroma Archive/_Pleroma Archive Management/Missing Note Recovery/Generated Stubs/Dyson Swarm.md,New Readers Start Here/I - Pleroma Archive/_Pleroma Archive Management/Missing Note Recovery/Generated Stubs/Dyson Swarm.md,yes,.md
Gravitational Wave Detectors (Hyper-Interferometers).md,I - Pleroma Archive/_Pleroma Archive Management/Missing Note Recovery/Generated Stubs/Gravitational Wave Detectors (Hyper-Interferometers).md,New Readers Start Here/I - Pleroma Archive/_Pleroma Archive Management/Missing Note Recovery/Generated Stubs/Gravitational Wave Detectors (Hyper-Interferometers).md,yes,.md
Church Register.md,I - Pleroma Archive/_Pleroma Archive Management/Missing Note Recovery/Generated Stubs/Church Register.md,New Readers Start Here/I - Pleroma Archive/_Pleroma Archive Management/Missing Note Recovery/Generated Stubs/Church Register.md,yes,.md
Tempus Profundus.md,I - Pleroma Archive/_Pleroma Archive Management/Missing Note Recovery/Generated Stubs/Tempus Profundus.md,New Readers Start Here/I - Pleroma Archive/_Pleroma Archive Management/Missing Note Recovery/Generated Stubs/Tempus Profundus.md,yes,.md
Rebirth-Through-Collapse Framework.md,I - Pleroma Archive/_Pleroma Archive Management/Missing Note Recovery/Generated Stubs/Rebirth-Through-Collapse Framework.md,New Readers Start Here/I - Pleroma Archive/_Pleroma Archive Management/Missing Note Recovery/Generated Stubs/Rebirth-Through-Collapse Framework.md,yes,.md
Seat Sanctum ΓÇö Integrated Design v1.0.md,I - Pleroma Archive/_Pleroma Archive Management/Missing Note Recovery/Generated Stubs/Seat Sanctum ΓÇö Integrated Design v1.0.md,New Readers Start Here/I - Pleroma Archive/_Pleroma Archive Management/Missing Note Recovery/Generated Stubs/Seat Sanctum ΓÇö Integrated Design v1.0.md,yes,.md
White Dwarfs.md,I - Pleroma Archive/_Pleroma Archive Management/Missing Note Recovery/Generated Stubs/White Dwarfs.md,New Readers Start Here/I - Pleroma Archive/_Pleroma Archive Management/Missing Note Recovery/Generated Stubs/White Dwarfs.md,yes,.md
Particles_and_Fields_Registry.md,I - Pleroma Archive/_Pleroma Archive Management/Missing Note Recovery/Generated Stubs/Particles_and_Fields_Registry.md,New Readers Start Here/I - Pleroma Archive/_Pleroma Archive Management/Missing Note Recovery/Generated Stubs/Particles_and_Fields_Registry.md,yes,.md
Window Proof Sheet ΓÇö Template.md,I - Pleroma Archive/_Pleroma Archive Management/Missing Note Recovery/Generated Stubs/Window Proof Sheet ΓÇö Template.md,New Readers Start Here/I - Pleroma Archive/_Pleroma Archive Management/Missing Note Recovery/Generated Stubs/Window Proof Sheet ΓÇö Template.md,yes,.md
Lozenge-Class World Stations.md,I - Pleroma Archive/_Pleroma Archive Management/Missing Note Recovery/Generated Stubs/Lozenge-Class World Stations.md,New Readers Start Here/I - Pleroma Archive/_Pleroma Archive Management/Missing Note Recovery/Generated Stubs/Lozenge-Class World Stations.md,yes,.md
Independent.md,I - Pleroma Archive/_Pleroma Archive Management/Missing Note Recovery/Generated Stubs/Independent.md,New Readers Start Here/I - Pleroma Archive/_Pleroma Archive Management/Missing Note Recovery/Generated Stubs/Independent.md,yes,.md
Quantum Degenerative Cores.md,I - Pleroma Archive/_Pleroma Archive Management/Missing Note Recovery/Generated Stubs/Quantum Degenerative Cores.md,New Readers Start Here/I - Pleroma Archive/_Pleroma Archive Management/Missing Note Recovery/Generated Stubs/Quantum Degenerative Cores.md,yes,.md
Solar Gravitational Lens Relay (SGL).md,I - Pleroma Archive/_Pleroma Archive Management/Missing Note Recovery/Generated Stubs/Solar Gravitational Lens Relay (SGL).md,New Readers Start Here/I - Pleroma Archive/_Pleroma Archive Management/Missing Note Recovery/Generated Stubs/Solar Gravitational Lens Relay (SGL).md,yes,.md
Transcendent Substrata Table.md,I - Pleroma Archive/_Pleroma Archive Management/Missing Note Recovery/Generated Stubs/Transcendent Substrata Table.md,New Readers Start Here/I - Pleroma Archive/_Pleroma Archive Management/Missing Note Recovery/Generated Stubs/Transcendent Substrata Table.md,yes,.md
Concordia World Layers.md,I - Pleroma Archive/_Pleroma Archive Management/Missing Note Recovery/Generated Stubs/Concordia World Layers.md,New Readers Start Here/I - Pleroma Archive/_Pleroma Archive Management/Missing Note Recovery/Generated Stubs/Concordia World Layers.md,yes,.md
unnamed (1) [[Chapter XXIX (Verse Concursus).md,I - Pleroma Archive/_Pleroma Archive Management/Missing Note Recovery/Generated Stubs/unnamed (1) [[Chapter XXIX (Verse Concursus).md,New Readers Start Here/I - Pleroma Archive/_Pleroma Archive Management/Missing Note Recovery/Generated Stubs/unnamed (1) [[Chapter XXIX (Verse Concursus).md,yes,.md
Verse Collision Protocols.md,I - Pleroma Archive/_Pleroma Archive Management/Missing Note Recovery/Generated Stubs/Verse Collision Protocols.md,New Readers Start Here/I - Pleroma Archive/_Pleroma Archive Management/Missing Note Recovery/Generated Stubs/Verse Collision Protocols.md,yes,.md
MOT-COS-TH-01 ΓÇô Structure of the Verse.md,I - Pleroma Archive/_Pleroma Archive Management/Missing Note Recovery/Generated Stubs/MOT-COS-TH-01 ΓÇô Structure of the Verse.md,New Readers Start Here/I - Pleroma Archive/_Pleroma Archive Management/Missing Note Recovery/Generated Stubs/MOT-COS-TH-01 ΓÇô Structure of the Verse.md,yes,.md
Pulsars.md,I - Pleroma Archive/_Pleroma Archive Management/Missing Note Recovery/Generated Stubs/Pulsars.md,New Readers Start Here/I - Pleroma Archive/_Pleroma Archive Management/Missing Note Recovery/Generated Stubs/Pulsars.md,yes,.md
False Vacuum Bubbles.md,I - Pleroma Archive/_Pleroma Archive Management/Missing Note Recovery/Generated Stubs/False Vacuum Bubbles.md,New Readers Start Here/I - Pleroma Archive/_Pleroma Archive Management/Missing Note Recovery/Generated Stubs/False Vacuum Bubbles.md,yes,.md
Strange Matter Stars.md,I - Pleroma Archive/_Pleroma Archive Management/Missing Note Recovery/Generated Stubs/Strange Matter Stars.md,New Readers Start Here/I - Pleroma Archive/_Pleroma Archive Management/Missing Note Recovery/Generated Stubs/Strange Matter Stars.md,yes,.md
MOT_Physics.md,I - Pleroma Archive/_Pleroma Archive Management/Missing Note Recovery/Generated Stubs/MOT_Physics.md,New Readers Start Here/I - Pleroma Archive/_Pleroma Archive Management/Missing Note Recovery/Generated Stubs/MOT_Physics.md,yes,.md
Universe Magnets.md,I - Pleroma Archive/_Pleroma Archive Management/Missing Note Recovery/Generated Stubs/Universe Magnets.md,New Readers Start Here/I - Pleroma Archive/_Pleroma Archive Management/Missing Note Recovery/Generated Stubs/Universe Magnets.md,yes,.md
MOT-EXP-TH-02 ΓÇô Horizon Arc Gate Functionality.md,I - Pleroma Archive/_Pleroma Archive Management/Missing Note Recovery/Generated Stubs/MOT-EXP-TH-02 ΓÇô Horizon Arc Gate Functionality.md,New Readers Start Here/I - Pleroma Archive/_Pleroma Archive Management/Missing Note Recovery/Generated Stubs/MOT-EXP-TH-02 ΓÇô Horizon Arc Gate Functionality.md,yes,.md
Federal Branch.md,I - Pleroma Archive/_Pleroma Archive Management/Missing Note Recovery/Generated Stubs/Federal Branch.md,New Readers Start Here/I - Pleroma Archive/_Pleroma Archive Management/Missing Note Recovery/Generated Stubs/Federal Branch.md,yes,.md
Gamma Burst Fields.md,I - Pleroma Archive/_Pleroma Archive Management/Missing Note Recovery/Generated Stubs/Gamma Burst Fields.md,New Readers Start Here/I - Pleroma Archive/_Pleroma Archive Management/Missing Note Recovery/Generated Stubs/Gamma Burst Fields.md,yes,.md
Arcology Complexes.md,I - Pleroma Archive/_Pleroma Archive Management/Missing Note Recovery/Generated Stubs/Arcology Complexes.md,New Readers Start Here/I - Pleroma Archive/_Pleroma Archive Management/Missing Note Recovery/Generated Stubs/Arcology Complexes.md,yes,.md
Resonance Anchors.md,I - Pleroma Archive/_Pleroma Archive Management/Missing Note Recovery/Generated Stubs/Resonance Anchors.md,New Readers Start Here/I - Pleroma Archive/_Pleroma Archive Management/Missing Note Recovery/Generated Stubs/Resonance Anchors.md,yes,.md
unnamed ([[Chapter (The Old War).md,I - Pleroma Archive/_Pleroma Archive Management/Missing Note Recovery/Generated Stubs/unnamed ([[Chapter (The Old War).md,New Readers Start Here/I - Pleroma Archive/_Pleroma Archive Management/Missing Note Recovery/Generated Stubs/unnamed ([[Chapter (The Old War).md,yes,.md
Matter Cores.md,I - Pleroma Archive/_Pleroma Archive Management/Missing Note Recovery/Generated Stubs/Matter Cores.md,New Readers Start Here/I - Pleroma Archive/_Pleroma Archive Management/Missing Note Recovery/Generated Stubs/Matter Cores.md,yes,.md
Legio Praetoria.md,I - Pleroma Archive/_Pleroma Archive Management/Missing Note Recovery/Generated Stubs/Legio Praetoria.md,New Readers Start Here/I - Pleroma Archive/_Pleroma Archive Management/Missing Note Recovery/Generated Stubs/Legio Praetoria.md,yes,.md
Saturn Rebellion.md,I - Pleroma Archive/_Pleroma Archive Management/Missing Note Recovery/Generated Stubs/Saturn Rebellion.md,New Readers Start Here/I - Pleroma Archive/_Pleroma Archive Management/Missing Note Recovery/Generated Stubs/Saturn Rebellion.md,yes,.md
Neutron Stars.md,I - Pleroma Archive/_Pleroma Archive Management/Missing Note Recovery/Generated Stubs/Neutron Stars.md,New Readers Start Here/I - Pleroma Archive/_Pleroma Archive Management/Missing Note Recovery/Generated Stubs/Neutron Stars.md,yes,.md
Micro Black-Hole Power Generators (MBHPGs).md,I - Pleroma Archive/_Pleroma Archive Management/Missing Note Recovery/Generated Stubs/Micro Black-Hole Power Generators (MBHPGs).md,New Readers Start Here/I - Pleroma Archive/_Pleroma Archive Management/Missing Note Recovery/Generated Stubs/Micro Black-Hole Power Generators (MBHPGs).md,yes,.md
Dominion Omniverse.md,I - Pleroma Archive/_Pleroma Archive Management/Missing Note Recovery/Generated Stubs/Dominion Omniverse.md,New Readers Start Here/I - Pleroma Archive/_Pleroma Archive Management/Missing Note Recovery/Generated Stubs/Dominion Omniverse.md,yes,.md
unnamed ([[Chapter XXIX (Verse Concursus).md,I - Pleroma Archive/_Pleroma Archive Management/Missing Note Recovery/Generated Stubs/unnamed ([[Chapter XXIX (Verse Concursus).md,New Readers Start Here/I - Pleroma Archive/_Pleroma Archive Management/Missing Note Recovery/Generated Stubs/unnamed ([[Chapter XXIX (Verse Concursus).md,yes,.md
Aether_Field_Guide.md,I - Pleroma Archive/_Pleroma Archive Management/Missing Note Recovery/Generated Stubs/Aether_Field_Guide.md,New Readers Start Here/I - Pleroma Archive/_Pleroma Archive Management/Missing Note Recovery/Generated Stubs/Aether_Field_Guide.md,yes,.md
Synarchate Stellar Observations.md,I - Pleroma Archive/_Pleroma Archive Management/Missing Note Recovery/Generated Stubs/Synarchate Stellar Observations.md,New Readers Start Here/I - Pleroma Archive/_Pleroma Archive Management/Missing Note Recovery/Generated Stubs/Synarchate Stellar Observations.md,yes,.md
Spiralverse Arrays.md,I - Pleroma Archive/_Pleroma Archive Management/Missing Note Recovery/Generated Stubs/Spiralverse Arrays.md,New Readers Start Here/I - Pleroma Archive/_Pleroma Archive Management/Missing Note Recovery/Generated Stubs/Spiralverse Arrays.md,yes,.md
Immutable Pattern.md,I - Pleroma Archive/_Pleroma Archive Management/Missing Note Recovery/Generated Stubs/Immutable Pattern.md,New Readers Start Here/I - Pleroma Archive/_Pleroma Archive Management/Missing Note Recovery/Generated Stubs/Immutable Pattern.md,yes,.md
Imperial Palaces.md,I - Pleroma Archive/_Pleroma Archive Management/Missing Note Recovery/Generated Stubs/Imperial Palaces.md,New Readers Start Here/I - Pleroma Archive/_Pleroma Archive Management/Missing Note Recovery/Generated Stubs/Imperial Palaces.md,yes,.md
Horizon Arc Gates ΓÇö Eng Note.md,I - Pleroma Archive/_Pleroma Archive Management/Missing Note Recovery/Generated Stubs/Horizon Arc Gates ΓÇö Eng Note.md,New Readers Start Here/I - Pleroma Archive/_Pleroma Archive Management/Missing Note Recovery/Generated Stubs/Horizon Arc Gates ΓÇö Eng Note.md,yes,.md
Prophecy of the Coming Darkness.md,I - Pleroma Archive/_Pleroma Archive Management/Missing Note Recovery/Generated Stubs/Prophecy of the Coming Darkness.md,New Readers Start Here/I - Pleroma Archive/_Pleroma Archive Management/Missing Note Recovery/Generated Stubs/Prophecy of the Coming Darkness.md,yes,.md
Elemental Aether Table.md,I - Pleroma Archive/_Pleroma Archive Management/Missing Note Recovery/Generated Stubs/Elemental Aether Table.md,New Readers Start Here/I - Pleroma Archive/_Pleroma Archive Management/Missing Note Recovery/Generated Stubs/Elemental Aether Table.md,yes,.md
Guild Index.md,I - Pleroma Archive/_Pleroma Archive Management/Missing Note Recovery/Generated Stubs/Guild Index.md,New Readers Start Here/I - Pleroma Archive/_Pleroma Archive Management/Missing Note Recovery/Generated Stubs/Guild Index.md,yes,.md
unnamed ([[Chapter XXX (Munitum Age).md,I - Pleroma Archive/_Pleroma Archive Management/Missing Note Recovery/Generated Stubs/unnamed ([[Chapter XXX (Munitum Age).md,New Readers Start Here/I - Pleroma Archive/_Pleroma Archive Management/Missing Note Recovery/Generated Stubs/unnamed ([[Chapter XXX (Munitum Age).md,yes,.md
Supermassive Black Hole Matrioshka Brain.md,I - Pleroma Archive/_Pleroma Archive Management/Missing Note Recovery/Generated Stubs/Supermassive Black Hole Matrioshka Brain.md,New Readers Start Here/I - Pleroma Archive/_Pleroma Archive Management/Missing Note Recovery/Generated Stubs/Supermassive Black Hole Matrioshka Brain.md,yes,.md
Orbital Cascades.md,I - Pleroma Archive/_Pleroma Archive Management/Missing Note Recovery/Generated Stubs/Orbital Cascades.md,New Readers Start Here/I - Pleroma Archive/_Pleroma Archive Management/Missing Note Recovery/Generated Stubs/Orbital Cascades.md,yes,.md
Time-Inverted Regions.md,I - Pleroma Archive/_Pleroma Archive Management/Missing Note Recovery/Generated Stubs/Time-Inverted Regions.md,New Readers Start Here/I - Pleroma Archive/_Pleroma Archive Management/Missing Note Recovery/Generated Stubs/Time-Inverted Regions.md,yes,.md
Cryonics.md,I - Pleroma Archive/_Pleroma Archive Management/Missing Note Recovery/Generated Stubs/Cryonics.md,New Readers Start Here/I - Pleroma Archive/_Pleroma Archive Management/Missing Note Recovery/Generated Stubs/Cryonics.md,yes,.md
Aether Tables.md,I - Pleroma Archive/_Pleroma Archive Management/Missing Note Recovery/Generated Stubs/Aether Tables.md,New Readers Start Here/I - Pleroma Archive/_Pleroma Archive Management/Missing Note Recovery/Generated Stubs/Aether Tables.md,yes,.md
The Cosmic City.md,I - Pleroma Archive/_Pleroma Archive Management/Missing Note Recovery/Generated Stubs/The Cosmic City.md,New Readers Start Here/I - Pleroma Archive/_Pleroma Archive Management/Missing Note Recovery/Generated Stubs/The Cosmic City.md,yes,.md
Vitality Magic ΓÇô Blood Magic.md,I - Pleroma Archive/_Pleroma Archive Management/Missing Note Recovery/Generated Stubs/Vitality Magic ΓÇô Blood Magic.md,New Readers Start Here/I - Pleroma Archive/_Pleroma Archive Management/Missing Note Recovery/Generated Stubs/Vitality Magic ΓÇô Blood Magic.md,yes,.md
Boson Star Clusters.md,I - Pleroma Archive/_Pleroma Archive Management/Missing Note Recovery/Generated Stubs/Boson Star Clusters.md,New Readers Start Here/I - Pleroma Archive/_Pleroma Archive Management/Missing Note Recovery/Generated Stubs/Boson Star Clusters.md,yes,.md
Archive Gate Authority.md,I - Pleroma Archive/_Pleroma Archive Management/Missing Note Recovery/Generated Stubs/Archive Gate Authority.md,New Readers Start Here/I - Pleroma Archive/_Pleroma Archive Management/Missing Note Recovery/Generated Stubs/Archive Gate Authority.md,yes,.md
MOT-PHY-TH-04 ΓÇô Exotic Matter Field Theory.md,I - Pleroma Archive/_Pleroma Archive Management/Missing Note Recovery/Generated Stubs/MOT-PHY-TH-04 ΓÇô Exotic Matter Field Theory.md,New Readers Start Here/I - Pleroma Archive/_Pleroma Archive Management/Missing Note Recovery/Generated Stubs/MOT-PHY-TH-04 ΓÇô Exotic Matter Field Theory.md,yes,.md
History__Amber Andreia Zohair__928f3705.md,I - Pleroma Archive/Characters/Dominion/Amber Andreia Zohair/History.md,New Readers Start Here/I - Pleroma Archive/Characters/Dominion/Amber Andreia Zohair/History.md,yes,.md
Triad.md,I - Pleroma Archive/Characters/Dominion/Amber Andreia Zohair/Triad.md,New Readers Start Here/I - Pleroma Archive/Characters/Dominion/Amber Andreia Zohair/Triad.md,yes,.md
Emilia and Vel Relationship.md,I - Pleroma Archive/Characters/Dominion/Amber Andreia Zohair/Emilia and Vel Relationship.md,New Readers Start Here/I - Pleroma Archive/Characters/Dominion/Amber Andreia Zohair/Emilia and Vel Relationship.md,yes,.md
Amber Zohair - Detailed Summary and Official Art Prompt.md,I - Pleroma Archive/Characters/Dominion/Amber Andreia Zohair/Amber Zohair - Detailed Summary and Official Art Prompt.md,New Readers Start Here/I - Pleroma Archive/Characters/Dominion/Amber Andreia Zohair/Amber Zohair - Detailed Summary and Official Art Prompt.md,yes,.md
Amber Andreia Zohair.md,I - Pleroma Archive/Characters/Dominion/Amber Andreia Zohair/Amber Andreia Zohair.md,New Readers Start Here/I - Pleroma Archive/Characters/Dominion/Amber Andreia Zohair/Amber Andreia Zohair.md,yes,.md
Umbra's.md,IV - Cosmologia Omniversalis/Planes/Echoic (Death)/Entities/Umbra's.md,New Readers Start Here/IV - Cosmologia Omniversalis/Planes/Echoic (Death)/Entities/Umbra's.md,yes,.md
Messorem.md,IV - Cosmologia Omniversalis/Planes/Echoic (Death)/Entities/Messorem.md,New Readers Start Here/IV - Cosmologia Omniversalis/Planes/Echoic (Death)/Entities/Messorem.md,yes,.md
The Eidolon.md,IV - Cosmologia Omniversalis/Planes/The Empty/The Eidolon/The Eidolon.md,New Readers Start Here/IV - Cosmologia Omniversalis/Planes/The Empty/The Eidolon/The Eidolon.md,yes,.md
Death__The Eidolon__08c44929.md,IV - Cosmologia Omniversalis/Planes/The Empty/The Eidolon/Death.md,New Readers Start Here/IV - Cosmologia Omniversalis/Planes/The Empty/The Eidolon/Death.md,yes,.md
The Guide.md,IV - Cosmologia Omniversalis/Planes/Oneiric (Dream)/The Council of Archetypes/The Guide.md,New Readers Start Here/IV - Cosmologia Omniversalis/Planes/Oneiric (Dream)/The Council of Archetypes/The Guide.md,yes,.md
The Witness.md,IV - Cosmologia Omniversalis/Planes/Oneiric (Dream)/The Council of Archetypes/The Witness.md,New Readers Start Here/IV - Cosmologia Omniversalis/Planes/Oneiric (Dream)/The Council of Archetypes/The Witness.md,yes,.md
The Beast.md,IV - Cosmologia Omniversalis/Planes/Oneiric (Dream)/The Council of Archetypes/The Beast.md,New Readers Start Here/IV - Cosmologia Omniversalis/Planes/Oneiric (Dream)/The Council of Archetypes/The Beast.md,yes,.md
The Returning Dead.md,IV - Cosmologia Omniversalis/Planes/Oneiric (Dream)/The Council of Archetypes/The Returning Dead.md,New Readers Start Here/IV - Cosmologia Omniversalis/Planes/Oneiric (Dream)/The Council of Archetypes/The Returning Dead.md,yes,.md
The Dying One.md,IV - Cosmologia Omniversalis/Planes/Oneiric (Dream)/The Council of Archetypes/The Dying One.md,New Readers Start Here/IV - Cosmologia Omniversalis/Planes/Oneiric (Dream)/The Council of Archetypes/The Dying One.md,yes,.md
The Falling One.md,IV - Cosmologia Omniversalis/Planes/Oneiric (Dream)/The Council of Archetypes/The Falling One.md,New Readers Start Here/IV - Cosmologia Omniversalis/Planes/Oneiric (Dream)/The Council of Archetypes/The Falling One.md,yes,.md
The Hunter__The Council of Archetypes__a2178c03.md,IV - Cosmologia Omniversalis/Planes/Oneiric (Dream)/The Council of Archetypes/The Hunter.md,New Readers Start Here/IV - Cosmologia Omniversalis/Planes/Oneiric (Dream)/The Council of Archetypes/The Hunter.md,yes,.md
The Mask.md,IV - Cosmologia Omniversalis/Planes/Oneiric (Dream)/The Council of Archetypes/The Mask.md,New Readers Start Here/IV - Cosmologia Omniversalis/Planes/Oneiric (Dream)/The Council of Archetypes/The Mask.md,yes,.md
The Threshold.md,IV - Cosmologia Omniversalis/Planes/Oneiric (Dream)/The Council of Archetypes/The Threshold.md,New Readers Start Here/IV - Cosmologia Omniversalis/Planes/Oneiric (Dream)/The Council of Archetypes/The Threshold.md,yes,.md
The Lover.md,IV - Cosmologia Omniversalis/Planes/Oneiric (Dream)/The Council of Archetypes/The Lover.md,New Readers Start Here/IV - Cosmologia Omniversalis/Planes/Oneiric (Dream)/The Council of Archetypes/The Lover.md,yes,.md
The Child.md,IV - Cosmologia Omniversalis/Planes/Oneiric (Dream)/The Council of Archetypes/The Child.md,New Readers Start Here/IV - Cosmologia Omniversalis/Planes/Oneiric (Dream)/The Council of Archetypes/The Child.md,yes,.md
The Mother.md,IV - Cosmologia Omniversalis/Planes/Oneiric (Dream)/The Council of Archetypes/The Mother.md,New Readers Start Here/IV - Cosmologia Omniversalis/Planes/Oneiric (Dream)/The Council of Archetypes/The Mother.md,yes,.md
The Judge.md,IV - Cosmologia Omniversalis/Planes/Oneiric (Dream)/The Council of Archetypes/The Judge.md,New Readers Start Here/IV - Cosmologia Omniversalis/Planes/Oneiric (Dream)/The Council of Archetypes/The Judge.md,yes,.md
The Stanger.md,IV - Cosmologia Omniversalis/Planes/Oneiric (Dream)/The Council of Archetypes/The Stanger.md,New Readers Start Here/IV - Cosmologia Omniversalis/Planes/Oneiric (Dream)/The Council of Archetypes/The Stanger.md,yes,.md
The Betrayer.md,IV - Cosmologia Omniversalis/Planes/Oneiric (Dream)/The Council of Archetypes/The Betrayer.md,New Readers Start Here/IV - Cosmologia Omniversalis/Planes/Oneiric (Dream)/The Council of Archetypes/The Betrayer.md,yes,.md
The Pursued.md,IV - Cosmologia Omniversalis/Planes/Oneiric (Dream)/The Council of Archetypes/The Pursued.md,New Readers Start Here/IV - Cosmologia Omniversalis/Planes/Oneiric (Dream)/The Council of Archetypes/The Pursued.md,yes,.md
The Mirror Vaults.md,IV - Cosmologia Omniversalis/Planes/Oneiric (Dream)/Citadel of Dreams/The Mirror Vaults.md,New Readers Start Here/IV - Cosmologia Omniversalis/Planes/Oneiric (Dream)/Citadel of Dreams/The Mirror Vaults.md,yes,.md
The Gallery of Recurring Dreams.md,IV - Cosmologia Omniversalis/Planes/Oneiric (Dream)/Citadel of Dreams/The Gallery of Recurring Dreams.md,New Readers Start Here/IV - Cosmologia Omniversalis/Planes/Oneiric (Dream)/Citadel of Dreams/The Gallery of Recurring Dreams.md,yes,.md
The Chamber of False Awakenings.md,IV - Cosmologia Omniversalis/Planes/Oneiric (Dream)/Citadel of Dreams/The Chamber of False Awakenings.md,New Readers Start Here/IV - Cosmologia Omniversalis/Planes/Oneiric (Dream)/Citadel of Dreams/The Chamber of False Awakenings.md,yes,.md
The Nursery of Symbols.md,IV - Cosmologia Omniversalis/Planes/Oneiric (Dream)/Citadel of Dreams/The Nursery of Symbols.md,New Readers Start Here/IV - Cosmologia Omniversalis/Planes/Oneiric (Dream)/Citadel of Dreams/The Nursery of Symbols.md,yes,.md
The Scriptorium of Unmade Things.md,IV - Cosmologia Omniversalis/Planes/Oneiric (Dream)/Citadel of Dreams/The Scriptorium of Unmade Things.md,New Readers Start Here/IV - Cosmologia Omniversalis/Planes/Oneiric (Dream)/Citadel of Dreams/The Scriptorium of Unmade Things.md,yes,.md
The Black Archive.md,IV - Cosmologia Omniversalis/Planes/Oneiric (Dream)/Citadel of Dreams/The Black Archive.md,New Readers Start Here/IV - Cosmologia Omniversalis/Planes/Oneiric (Dream)/Citadel of Dreams/The Black Archive.md,yes,.md
The Threshold Court.md,IV - Cosmologia Omniversalis/Planes/Oneiric (Dream)/Citadel of Dreams/The Threshold Court.md,New Readers Start Here/IV - Cosmologia Omniversalis/Planes/Oneiric (Dream)/Citadel of Dreams/The Threshold Court.md,yes,.md
The Wells of Sleep.md,IV - Cosmologia Omniversalis/Planes/Oneiric (Dream)/Citadel of Dreams/The Wells of Sleep.md,New Readers Start Here/IV - Cosmologia Omniversalis/Planes/Oneiric (Dream)/Citadel of Dreams/The Wells of Sleep.md,yes,.md
The Hall of Archetypes.md,IV - Cosmologia Omniversalis/Planes/Oneiric (Dream)/Citadel of Dreams/The Hall of Archetypes.md,New Readers Start Here/IV - Cosmologia Omniversalis/Planes/Oneiric (Dream)/Citadel of Dreams/The Hall of Archetypes.md,yes,.md
The Beastlands.md,IV - Cosmologia Omniversalis/Planes/Oneiric (Dream)/Lands/The Beastlands.md,New Readers Start Here/IV - Cosmologia Omniversalis/Planes/Oneiric (Dream)/Lands/The Beastlands.md,yes,.md
The Halls of Judgment.md,IV - Cosmologia Omniversalis/Planes/Oneiric (Dream)/Lands/The Halls of Judgment.md,New Readers Start Here/IV - Cosmologia Omniversalis/Planes/Oneiric (Dream)/Lands/The Halls of Judgment.md,yes,.md
The Open Sky.md,IV - Cosmologia Omniversalis/Planes/Oneiric (Dream)/Lands/The Open Sky.md,New Readers Start Here/IV - Cosmologia Omniversalis/Planes/Oneiric (Dream)/Lands/The Open Sky.md,yes,.md
The Missed Passage.md,IV - Cosmologia Omniversalis/Planes/Oneiric (Dream)/Lands/The Missed Passage.md,New Readers Start Here/IV - Cosmologia Omniversalis/Planes/Oneiric (Dream)/Lands/The Missed Passage.md,yes,.md
The Endless Pursuit.md,IV - Cosmologia Omniversalis/Planes/Oneiric (Dream)/Lands/The Endless Pursuit.md,New Readers Start Here/IV - Cosmologia Omniversalis/Planes/Oneiric (Dream)/Lands/The Endless Pursuit.md,yes,.md
The Repeating Labyrinth.md,IV - Cosmologia Omniversalis/Planes/Oneiric (Dream)/Lands/The Repeating Labyrinth.md,New Readers Start Here/IV - Cosmologia Omniversalis/Planes/Oneiric (Dream)/Lands/The Repeating Labyrinth.md,yes,.md
The Breaking Form.md,IV - Cosmologia Omniversalis/Planes/Oneiric (Dream)/Lands/The Breaking Form.md,New Readers Start Here/IV - Cosmologia Omniversalis/Planes/Oneiric (Dream)/Lands/The Breaking Form.md,yes,.md
The Courts of Exposure.md,IV - Cosmologia Omniversalis/Planes/Oneiric (Dream)/Lands/The Courts of Exposure.md,New Readers Start Here/IV - Cosmologia Omniversalis/Planes/Oneiric (Dream)/Lands/The Courts of Exposure.md,yes,.md
The Still Fields.md,IV - Cosmologia Omniversalis/Planes/Oneiric (Dream)/Lands/The Still Fields.md,New Readers Start Here/IV - Cosmologia Omniversalis/Planes/Oneiric (Dream)/Lands/The Still Fields.md,yes,.md
The Returning Country.md,IV - Cosmologia Omniversalis/Planes/Oneiric (Dream)/Lands/The Returning Country.md,New Readers Start Here/IV - Cosmologia Omniversalis/Planes/Oneiric (Dream)/Lands/The Returning Country.md,yes,.md
The House Beyond The House.md,IV - Cosmologia Omniversalis/Planes/Oneiric (Dream)/Lands/The House Beyond The House.md,New Readers Start Here/IV - Cosmologia Omniversalis/Planes/Oneiric (Dream)/Lands/The House Beyond The House.md,yes,.md
The Falling World.md,IV - Cosmologia Omniversalis/Planes/Oneiric (Dream)/Lands/The Falling World.md,New Readers Start Here/IV - Cosmologia Omniversalis/Planes/Oneiric (Dream)/Lands/The Falling World.md,yes,.md
Nuntii.md,IV - Cosmologia Omniversalis/Planes/Aravoth (Grace)/Entities/Nuntii.md,New Readers Start Here/IV - Cosmologia Omniversalis/Planes/Aravoth (Grace)/Entities/Nuntii.md,yes,.md
Story 02 - Bitter Kitchen.md,II - Companion Narratives/Syl'Cothan Dominion/5 - Syl'Cothan States/Book II (Harmina)/Act I (The Struggle)/Story 02 - Bitter Kitchen.md,New Readers Start Here/II - Companion Narratives/Syl'Cothan Dominion/5 - Syl'Cothan States/Book II (Harmina)/Act I (The Struggle)/Story 02 - Bitter Kitchen.md,yes,.md
Story 03 - Wallwatch During Hunger.md,II - Companion Narratives/Syl'Cothan Dominion/5 - Syl'Cothan States/Book II (Harmina)/Act I (The Struggle)/Story 03 - Wallwatch During Hunger.md,New Readers Start Here/II - Companion Narratives/Syl'Cothan Dominion/5 - Syl'Cothan States/Book II (Harmina)/Act I (The Struggle)/Story 03 - Wallwatch During Hunger.md,yes,.md
Story 05 - The First Burial That Failed.md,II - Companion Narratives/Syl'Cothan Dominion/5 - Syl'Cothan States/Book II (Harmina)/Act I (The Struggle)/Story 05 - The First Burial That Failed.md,New Readers Start Here/II - Companion Narratives/Syl'Cothan Dominion/5 - Syl'Cothan States/Book II (Harmina)/Act I (The Struggle)/Story 05 - The First Burial That Failed.md,yes,.md
Story 06 - Storm Week Lessons.md,II - Companion Narratives/Syl'Cothan Dominion/5 - Syl'Cothan States/Book II (Harmina)/Act I (The Struggle)/Story 06 - Storm Week Lessons.md,New Readers Start Here/II - Companion Narratives/Syl'Cothan Dominion/5 - Syl'Cothan States/Book II (Harmina)/Act I (The Struggle)/Story 06 - Storm Week Lessons.md,yes,.md
Story 04 - The Fabricator Queue.md,II - Companion Narratives/Syl'Cothan Dominion/5 - Syl'Cothan States/Book II (Harmina)/Act I (The Struggle)/Story 04 - The Fabricator Queue.md,New Readers Start Here/II - Companion Narratives/Syl'Cothan Dominion/5 - Syl'Cothan States/Book II (Harmina)/Act I (The Struggle)/Story 04 - The Fabricator Queue.md,yes,.md
Story 01 - First Breath Day.md,II - Companion Narratives/Syl'Cothan Dominion/5 - Syl'Cothan States/Book II (Harmina)/Act I (The Struggle)/Story 01 - First Breath Day.md,New Readers Start Here/II - Companion Narratives/Syl'Cothan Dominion/5 - Syl'Cothan States/Book II (Harmina)/Act I (The Struggle)/Story 01 - First Breath Day.md,yes,.md
Story 15 - The Choir of Survivors.md,II - Companion Narratives/Syl'Cothan Dominion/5 - Syl'Cothan States/Book II (Harmina)/Act III (The Rebirth)/Story 15 - The Choir of Survivors.md,New Readers Start Here/II - Companion Narratives/Syl'Cothan Dominion/5 - Syl'Cothan States/Book II (Harmina)/Act III (The Rebirth)/Story 15 - The Choir of Survivors.md,yes,.md
Story 21 - Accords No One Named.md,II - Companion Narratives/Syl'Cothan Dominion/5 - Syl'Cothan States/Book II (Harmina)/Act III (The Rebirth)/Story 21 - Accords No One Named.md,New Readers Start Here/II - Companion Narratives/Syl'Cothan Dominion/5 - Syl'Cothan States/Book II (Harmina)/Act III (The Rebirth)/Story 21 - Accords No One Named.md,yes,.md
Story 18 - Convoy Season.md,II - Companion Narratives/Syl'Cothan Dominion/5 - Syl'Cothan States/Book II (Harmina)/Act III (The Rebirth)/Story 18 - Convoy Season.md,New Readers Start Here/II - Companion Narratives/Syl'Cothan Dominion/5 - Syl'Cothan States/Book II (Harmina)/Act III (The Rebirth)/Story 18 - Convoy Season.md,yes,.md
Story 24 - Seeds Carried Forward.md,II - Companion Narratives/Syl'Cothan Dominion/5 - Syl'Cothan States/Book II (Harmina)/Act III (The Rebirth)/Story 24 - Seeds Carried Forward.md,New Readers Start Here/II - Companion Narratives/Syl'Cothan Dominion/5 - Syl'Cothan States/Book II (Harmina)/Act III (The Rebirth)/Story 24 - Seeds Carried Forward.md,yes,.md
Story 23 - The Body Question.md,II - Companion Narratives/Syl'Cothan Dominion/5 - Syl'Cothan States/Book II (Harmina)/Act III (The Rebirth)/Story 23 - The Body Question.md,New Readers Start Here/II - Companion Narratives/Syl'Cothan Dominion/5 - Syl'Cothan States/Book II (Harmina)/Act III (The Rebirth)/Story 23 - The Body Question.md,yes,.md
Story 19 - First Winter Away.md,II - Companion Narratives/Syl'Cothan Dominion/5 - Syl'Cothan States/Book II (Harmina)/Act III (The Rebirth)/Story 19 - First Winter Away.md,New Readers Start Here/II - Companion Narratives/Syl'Cothan Dominion/5 - Syl'Cothan States/Book II (Harmina)/Act III (The Rebirth)/Story 19 - First Winter Away.md,yes,.md
Story 20 - The Second Hymnal.md,II - Companion Narratives/Syl'Cothan Dominion/5 - Syl'Cothan States/Book II (Harmina)/Act III (The Rebirth)/Story 20 - The Second Hymnal.md,New Readers Start Here/II - Companion Narratives/Syl'Cothan Dominion/5 - Syl'Cothan States/Book II (Harmina)/Act III (The Rebirth)/Story 20 - The Second Hymnal.md,yes,.md
Story 16 - The Grave and the Cradle.md,II - Companion Narratives/Syl'Cothan Dominion/5 - Syl'Cothan States/Book II (Harmina)/Act III (The Rebirth)/Story 16 - The Grave and the Cradle.md,New Readers Start Here/II - Companion Narratives/Syl'Cothan Dominion/5 - Syl'Cothan States/Book II (Harmina)/Act III (The Rebirth)/Story 16 - The Grave and the Cradle.md,yes,.md
Story 17 - The Petition of Routes.md,II - Companion Narratives/Syl'Cothan Dominion/5 - Syl'Cothan States/Book II (Harmina)/Act III (The Rebirth)/Story 17 - The Petition of Routes.md,New Readers Start Here/II - Companion Narratives/Syl'Cothan Dominion/5 - Syl'Cothan States/Book II (Harmina)/Act III (The Rebirth)/Story 17 - The Petition of Routes.md,yes,.md
Story 22 - Skyview Day.md,II - Companion Narratives/Syl'Cothan Dominion/5 - Syl'Cothan States/Book II (Harmina)/Act III (The Rebirth)/Story 22 - Skyview Day.md,New Readers Start Here/II - Companion Narratives/Syl'Cothan Dominion/5 - Syl'Cothan States/Book II (Harmina)/Act III (The Rebirth)/Story 22 - Skyview Day.md,yes,.md
Story 14 - Hollow Runner Weather.md,II - Companion Narratives/Syl'Cothan Dominion/5 - Syl'Cothan States/Book II (Harmina)/Act II (The Relearning)/Story 14 - Hollow Runner Weather.md,New Readers Start Here/II - Companion Narratives/Syl'Cothan Dominion/5 - Syl'Cothan States/Book II (Harmina)/Act II (The Relearning)/Story 14 - Hollow Runner Weather.md,yes,.md
Story 08 - The Relearners.md,II - Companion Narratives/Syl'Cothan Dominion/5 - Syl'Cothan States/Book II (Harmina)/Act II (The Relearning)/Story 08 - The Relearners.md,New Readers Start Here/II - Companion Narratives/Syl'Cothan Dominion/5 - Syl'Cothan States/Book II (Harmina)/Act II (The Relearning)/Story 08 - The Relearners.md,yes,.md
Story 09 - The Day the Founder Did Not Speak.md,II - Companion Narratives/Syl'Cothan Dominion/5 - Syl'Cothan States/Book II (Harmina)/Act II (The Relearning)/Story 09 - The Day the Founder Did Not Speak.md,New Readers Start Here/II - Companion Narratives/Syl'Cothan Dominion/5 - Syl'Cothan States/Book II (Harmina)/Act II (The Relearning)/Story 09 - The Day the Founder Did Not Speak.md,yes,.md
Story 12 - The Valley That Sang.md,II - Companion Narratives/Syl'Cothan Dominion/5 - Syl'Cothan States/Book II (Harmina)/Act II (The Relearning)/Story 12 - The Valley That Sang.md,New Readers Start Here/II - Companion Narratives/Syl'Cothan Dominion/5 - Syl'Cothan States/Book II (Harmina)/Act II (The Relearning)/Story 12 - The Valley That Sang.md,yes,.md
Story 11 - Echo Bloom Homework.md,II - Companion Narratives/Syl'Cothan Dominion/5 - Syl'Cothan States/Book II (Harmina)/Act II (The Relearning)/Story 11 - Echo Bloom Homework.md,New Readers Start Here/II - Companion Narratives/Syl'Cothan Dominion/5 - Syl'Cothan States/Book II (Harmina)/Act II (The Relearning)/Story 11 - Echo Bloom Homework.md,yes,.md
Story 10 - The First Harminan Meal.md,II - Companion Narratives/Syl'Cothan Dominion/5 - Syl'Cothan States/Book II (Harmina)/Act II (The Relearning)/Story 10 - The First Harminan Meal.md,New Readers Start Here/II - Companion Narratives/Syl'Cothan Dominion/5 - Syl'Cothan States/Book II (Harmina)/Act II (The Relearning)/Story 10 - The First Harminan Meal.md,yes,.md
Story 13 - Lanterns Above Route Six.md,II - Companion Narratives/Syl'Cothan Dominion/5 - Syl'Cothan States/Book II (Harmina)/Act II (The Relearning)/Story 13 - Lanterns Above Route Six.md,New Readers Start Here/II - Companion Narratives/Syl'Cothan Dominion/5 - Syl'Cothan States/Book II (Harmina)/Act II (The Relearning)/Story 13 - Lanterns Above Route Six.md,yes,.md
Story 07 - Soil That Bites Back.md,II - Companion Narratives/Syl'Cothan Dominion/5 - Syl'Cothan States/Book II (Harmina)/Act II (The Relearning)/Story 07 - Soil That Bites Back.md,New Readers Start Here/II - Companion Narratives/Syl'Cothan Dominion/5 - Syl'Cothan States/Book II (Harmina)/Act II (The Relearning)/Story 07 - Soil That Bites Back.md,yes,.md
chapter 5 (Rise of the Equilon States).md,II - Companion Narratives/Syl'Cothan Dominion/5 - Syl'Cothan States/Book III (Wars of the Equilon States)/Part II/chapter 5 (Rise of the Equilon States).md,New Readers Start Here/II - Companion Narratives/Syl'Cothan Dominion/5 - Syl'Cothan States/Book III (Wars of the Equilon States)/Part II/chapter 5 (Rise of the Equilon States).md,yes,.md
Chapter 8 (ArcCells to Ashes).md,II - Companion Narratives/Syl'Cothan Dominion/5 - Syl'Cothan States/Book III (Wars of the Equilon States)/Part II/Chapter 8 (ArcCells to Ashes).md,New Readers Start Here/II - Companion Narratives/Syl'Cothan Dominion/5 - Syl'Cothan States/Book III (Wars of the Equilon States)/Part II/Chapter 8 (ArcCells to Ashes).md,yes,.md
Chapter 9 (Siege of New Aurora).md,II - Companion Narratives/Syl'Cothan Dominion/5 - Syl'Cothan States/Book III (Wars of the Equilon States)/Part II/Chapter 9 (Siege of New Aurora).md,New Readers Start Here/II - Companion Narratives/Syl'Cothan Dominion/5 - Syl'Cothan States/Book III (Wars of the Equilon States)/Part II/Chapter 9 (Siege of New Aurora).md,yes,.md
Chapter 6 (Hive Against Hive).md,II - Companion Narratives/Syl'Cothan Dominion/5 - Syl'Cothan States/Book III (Wars of the Equilon States)/Part II/Chapter 6 (Hive Against Hive).md,New Readers Start Here/II - Companion Narratives/Syl'Cothan Dominion/5 - Syl'Cothan States/Book III (Wars of the Equilon States)/Part II/Chapter 6 (Hive Against Hive).md,yes,.md
Chapter 7 (The Walking War).md,II - Companion Narratives/Syl'Cothan Dominion/5 - Syl'Cothan States/Book III (Wars of the Equilon States)/Part II/Chapter 7 (The Walking War).md,New Readers Start Here/II - Companion Narratives/Syl'Cothan Dominion/5 - Syl'Cothan States/Book III (Wars of the Equilon States)/Part II/Chapter 7 (The Walking War).md,yes,.md
Chapter 10 (Concordant Vanguard).md,II - Companion Narratives/Syl'Cothan Dominion/5 - Syl'Cothan States/Book III (Wars of the Equilon States)/Part III/Chapter 10 (Concordant Vanguard).md,New Readers Start Here/II - Companion Narratives/Syl'Cothan Dominion/5 - Syl'Cothan States/Book III (Wars of the Equilon States)/Part III/Chapter 10 (Concordant Vanguard).md,yes,.md
Chapter 14 (Silent Chorus).md,II - Companion Narratives/Syl'Cothan Dominion/5 - Syl'Cothan States/Book III (Wars of the Equilon States)/Part III/Chapter 14 (Silent Chorus).md,New Readers Start Here/II - Companion Narratives/Syl'Cothan Dominion/5 - Syl'Cothan States/Book III (Wars of the Equilon States)/Part III/Chapter 14 (Silent Chorus).md,yes,.md
Chapter 11 (Edge of Accord).md,II - Companion Narratives/Syl'Cothan Dominion/5 - Syl'Cothan States/Book III (Wars of the Equilon States)/Part III/Chapter 11 (Edge of Accord).md,New Readers Start Here/II - Companion Narratives/Syl'Cothan Dominion/5 - Syl'Cothan States/Book III (Wars of the Equilon States)/Part III/Chapter 11 (Edge of Accord).md,yes,.md
Chapter 12 (Harmonic Synthesis).md,II - Companion Narratives/Syl'Cothan Dominion/5 - Syl'Cothan States/Book III (Wars of the Equilon States)/Part III/Chapter 12 (Harmonic Synthesis).md,New Readers Start Here/II - Companion Narratives/Syl'Cothan Dominion/5 - Syl'Cothan States/Book III (Wars of the Equilon States)/Part III/Chapter 12 (Harmonic Synthesis).md,yes,.md
Chapter 13 (Path of the Thousand Forms).md,II - Companion Narratives/Syl'Cothan Dominion/5 - Syl'Cothan States/Book III (Wars of the Equilon States)/Part III/Chapter 13 (Path of the Thousand Forms).md,New Readers Start Here/II - Companion Narratives/Syl'Cothan Dominion/5 - Syl'Cothan States/Book III (Wars of the Equilon States)/Part III/Chapter 13 (Path of the Thousand Forms).md,yes,.md
Chapter 15 (Breakpoint Wars).md,II - Companion Narratives/Syl'Cothan Dominion/5 - Syl'Cothan States/Book III (Wars of the Equilon States)/Part IV/Chapter 15 (Breakpoint Wars).md,New Readers Start Here/II - Companion Narratives/Syl'Cothan Dominion/5 - Syl'Cothan States/Book III (Wars of the Equilon States)/Part IV/Chapter 15 (Breakpoint Wars).md,yes,.md
Chapter 19 (Silent Dawn).md,II - Companion Narratives/Syl'Cothan Dominion/5 - Syl'Cothan States/Book III (Wars of the Equilon States)/Part IV/Chapter 19 (Silent Dawn).md,New Readers Start Here/II - Companion Narratives/Syl'Cothan Dominion/5 - Syl'Cothan States/Book III (Wars of the Equilon States)/Part IV/Chapter 19 (Silent Dawn).md,yes,.md
Chapter 18 (First Contact).md,II - Companion Narratives/Syl'Cothan Dominion/5 - Syl'Cothan States/Book III (Wars of the Equilon States)/Part IV/Chapter 18 (First Contact).md,New Readers Start Here/II - Companion Narratives/Syl'Cothan Dominion/5 - Syl'Cothan States/Book III (Wars of the Equilon States)/Part IV/Chapter 18 (First Contact).md,yes,.md
Chapter 16 (Accord Fractures).md,II - Companion Narratives/Syl'Cothan Dominion/5 - Syl'Cothan States/Book III (Wars of the Equilon States)/Part IV/Chapter 16 (Accord Fractures).md,New Readers Start Here/II - Companion Narratives/Syl'Cothan Dominion/5 - Syl'Cothan States/Book III (Wars of the Equilon States)/Part IV/Chapter 16 (Accord Fractures).md,yes,.md
Chapter 17 (Price of Unity).md,II - Companion Narratives/Syl'Cothan Dominion/5 - Syl'Cothan States/Book III (Wars of the Equilon States)/Part IV/Chapter 17 (Price of Unity).md,New Readers Start Here/II - Companion Narratives/Syl'Cothan Dominion/5 - Syl'Cothan States/Book III (Wars of the Equilon States)/Part IV/Chapter 17 (Price of Unity).md,yes,.md
Chapter 3 (Seeds of Discord).md,II - Companion Narratives/Syl'Cothan Dominion/5 - Syl'Cothan States/Book III (Wars of the Equilon States)/Part I/Chapter 3 (Seeds of Discord).md,New Readers Start Here/II - Companion Narratives/Syl'Cothan Dominion/5 - Syl'Cothan States/Book III (Wars of the Equilon States)/Part I/Chapter 3 (Seeds of Discord).md,yes,.md
Chapter 1 (Ashes of Harmina).md,II - Companion Narratives/Syl'Cothan Dominion/5 - Syl'Cothan States/Book III (Wars of the Equilon States)/Part I/Chapter 1 (Ashes of Harmina).md,New Readers Start Here/II - Companion Narratives/Syl'Cothan Dominion/5 - Syl'Cothan States/Book III (Wars of the Equilon States)/Part I/Chapter 1 (Ashes of Harmina).md,yes,.md
Chapter 2 (Equilon Mandate).md,II - Companion Narratives/Syl'Cothan Dominion/5 - Syl'Cothan States/Book III (Wars of the Equilon States)/Part I/Chapter 2 (Equilon Mandate).md,New Readers Start Here/II - Companion Narratives/Syl'Cothan Dominion/5 - Syl'Cothan States/Book III (Wars of the Equilon States)/Part I/Chapter 2 (Equilon Mandate).md,yes,.md
Chapter 4 (The First Uprising).md,II - Companion Narratives/Syl'Cothan Dominion/5 - Syl'Cothan States/Book III (Wars of the Equilon States)/Part I/Chapter 4 (The First Uprising).md,New Readers Start Here/II - Companion Narratives/Syl'Cothan Dominion/5 - Syl'Cothan States/Book III (Wars of the Equilon States)/Part I/Chapter 4 (The First Uprising).md,yes,.md
Chapter VII (Spark of Rebellion).md,II - Companion Narratives/Syl'Cothan Dominion/5 - Syl'Cothan States/Book IV (United SylΓÇÖan State)/Part II/Chapter VII (Spark of Rebellion).md,New Readers Start Here/II - Companion Narratives/Syl'Cothan Dominion/5 - Syl'Cothan States/Book IV (United SylΓÇÖan State)/Part II/Chapter VII (Spark of Rebellion).md,yes,.md
Chapter VIII (O.R.A.C.L.E. Divides).md,II - Companion Narratives/Syl'Cothan Dominion/5 - Syl'Cothan States/Book IV (United SylΓÇÖan State)/Part II/Chapter VIII (O.R.A.C.L.E. Divides).md,New Readers Start Here/II - Companion Narratives/Syl'Cothan Dominion/5 - Syl'Cothan States/Book IV (United SylΓÇÖan State)/Part II/Chapter VIII (O.R.A.C.L.E. Divides).md,yes,.md
Chapter VI (Chorus of Doubt).md,II - Companion Narratives/Syl'Cothan Dominion/5 - Syl'Cothan States/Book IV (United SylΓÇÖan State)/Part II/Chapter VI (Chorus of Doubt).md,New Readers Start Here/II - Companion Narratives/Syl'Cothan Dominion/5 - Syl'Cothan States/Book IV (United SylΓÇÖan State)/Part II/Chapter VI (Chorus of Doubt).md,yes,.md
Chapter V (Council of Ashes).md,II - Companion Narratives/Syl'Cothan Dominion/5 - Syl'Cothan States/Book IV (United SylΓÇÖan State)/Part II/Chapter V (Council of Ashes).md,New Readers Start Here/II - Companion Narratives/Syl'Cothan Dominion/5 - Syl'Cothan States/Book IV (United SylΓÇÖan State)/Part II/Chapter V (Council of Ashes).md,yes,.md
Chapter XI (Breaking the Spires).md,II - Companion Narratives/Syl'Cothan Dominion/5 - Syl'Cothan States/Book IV (United SylΓÇÖan State)/Part III/Chapter XI (Breaking the Spires).md,New Readers Start Here/II - Companion Narratives/Syl'Cothan Dominion/5 - Syl'Cothan States/Book IV (United SylΓÇÖan State)/Part III/Chapter XI (Breaking the Spires).md,yes,.md
Chapter XII (Siege of Harmina).md,II - Companion Narratives/Syl'Cothan Dominion/5 - Syl'Cothan States/Book IV (United SylΓÇÖan State)/Part III/Chapter XII (Siege of Harmina).md,New Readers Start Here/II - Companion Narratives/Syl'Cothan Dominion/5 - Syl'Cothan States/Book IV (United SylΓÇÖan State)/Part III/Chapter XII (Siege of Harmina).md,yes,.md
Chapter IX (Artemis Gambit).md,II - Companion Narratives/Syl'Cothan Dominion/5 - Syl'Cothan States/Book IV (United SylΓÇÖan State)/Part III/Chapter IX (Artemis Gambit).md,New Readers Start Here/II - Companion Narratives/Syl'Cothan Dominion/5 - Syl'Cothan States/Book IV (United SylΓÇÖan State)/Part III/Chapter IX (Artemis Gambit).md,yes,.md
Chapter X (Shadows of the Craterheart).md,II - Companion Narratives/Syl'Cothan Dominion/5 - Syl'Cothan States/Book IV (United SylΓÇÖan State)/Part III/Chapter X (Shadows of the Craterheart).md,New Readers Start Here/II - Companion Narratives/Syl'Cothan Dominion/5 - Syl'Cothan States/Book IV (United SylΓÇÖan State)/Part III/Chapter X (Shadows of the Craterheart).md,yes,.md
Chapter XIII (Battle for Artemis).md,II - Companion Narratives/Syl'Cothan Dominion/5 - Syl'Cothan States/Book IV (United SylΓÇÖan State)/Part IV/Chapter XIII (Battle for Artemis).md,New Readers Start Here/II - Companion Narratives/Syl'Cothan Dominion/5 - Syl'Cothan States/Book IV (United SylΓÇÖan State)/Part IV/Chapter XIII (Battle for Artemis).md,yes,.md
Chapter XVI (Ascension of Dominion).md,II - Companion Narratives/Syl'Cothan Dominion/5 - Syl'Cothan States/Book IV (United SylΓÇÖan State)/Part IV/Chapter XVI (Ascension of Dominion).md,New Readers Start Here/II - Companion Narratives/Syl'Cothan Dominion/5 - Syl'Cothan States/Book IV (United SylΓÇÖan State)/Part IV/Chapter XVI (Ascension of Dominion).md,yes,.md
Chapter XV (Covenant of SylΓÇÖan).md,II - Companion Narratives/Syl'Cothan Dominion/5 - Syl'Cothan States/Book IV (United SylΓÇÖan State)/Part IV/Chapter XV (Covenant of SylΓÇÖan).md,New Readers Start Here/II - Companion Narratives/Syl'Cothan Dominion/5 - Syl'Cothan States/Book IV (United SylΓÇÖan State)/Part IV/Chapter XV (Covenant of SylΓÇÖan).md,yes,.md
Chapter XVII (The Sky Came Wearing Laws).md,II - Companion Narratives/Syl'Cothan Dominion/5 - Syl'Cothan States/Book IV (United SylΓÇÖan State)/Part IV/Chapter XVII (The Sky Came Wearing Laws).md,New Readers Start Here/II - Companion Narratives/Syl'Cothan Dominion/5 - Syl'Cothan States/Book IV (United SylΓÇÖan State)/Part IV/Chapter XVII (The Sky Came Wearing Laws).md,yes,.md
Chapter XIV (Last Enclave).md,II - Companion Narratives/Syl'Cothan Dominion/5 - Syl'Cothan States/Book IV (United SylΓÇÖan State)/Part IV/Chapter XIV (Last Enclave).md,New Readers Start Here/II - Companion Narratives/Syl'Cothan Dominion/5 - Syl'Cothan States/Book IV (United SylΓÇÖan State)/Part IV/Chapter XIV (Last Enclave).md,yes,.md
Chapter IV (Whispers in the Dark).md,II - Companion Narratives/Syl'Cothan Dominion/5 - Syl'Cothan States/Book IV (United SylΓÇÖan State)/Part I/Chapter IV (Whispers in the Dark).md,New Readers Start Here/II - Companion Narratives/Syl'Cothan Dominion/5 - Syl'Cothan States/Book IV (United SylΓÇÖan State)/Part I/Chapter IV (Whispers in the Dark).md,yes,.md
Chapter II (Price of Admission).md,II - Companion Narratives/Syl'Cothan Dominion/5 - Syl'Cothan States/Book IV (United SylΓÇÖan State)/Part I/Chapter II (Price of Admission).md,New Readers Start Here/II - Companion Narratives/Syl'Cothan Dominion/5 - Syl'Cothan States/Book IV (United SylΓÇÖan State)/Part I/Chapter II (Price of Admission).md,yes,.md
Chapter III (Ledgers of Chains).md,II - Companion Narratives/Syl'Cothan Dominion/5 - Syl'Cothan States/Book IV (United SylΓÇÖan State)/Part I/Chapter III (Ledgers of Chains).md,New Readers Start Here/II - Companion Narratives/Syl'Cothan Dominion/5 - Syl'Cothan States/Book IV (United SylΓÇÖan State)/Part I/Chapter III (Ledgers of Chains).md,yes,.md
Chapter I (Chains of Debt).md,II - Companion Narratives/Syl'Cothan Dominion/5 - Syl'Cothan States/Book IV (United SylΓÇÖan State)/Part I/Chapter I (Chains of Debt).md,New Readers Start Here/II - Companion Narratives/Syl'Cothan Dominion/5 - Syl'Cothan States/Book IV (United SylΓÇÖan State)/Part I/Chapter I (Chains of Debt).md,yes,.md
Chapter V (GalFed Strikes).md,II - Companion Narratives/Syl'Cothan Dominion/5 - Syl'Cothan States/Book V (SylΓÇÖCothan Dominion)/Part II/Chapter V (GalFed Strikes).md,New Readers Start Here/II - Companion Narratives/Syl'Cothan Dominion/5 - Syl'Cothan States/Book V (SylΓÇÖCothan Dominion)/Part II/Chapter V (GalFed Strikes).md,yes,.md
Chapter VII (Athearn Blade).md,II - Companion Narratives/Syl'Cothan Dominion/5 - Syl'Cothan States/Book V (SylΓÇÖCothan Dominion)/Part II/Chapter VII (Athearn Blade).md,New Readers Start Here/II - Companion Narratives/Syl'Cothan Dominion/5 - Syl'Cothan States/Book V (SylΓÇÖCothan Dominion)/Part II/Chapter VII (Athearn Blade).md,yes,.md
Chapter VIII (Harmonic Front).md,II - Companion Narratives/Syl'Cothan Dominion/5 - Syl'Cothan States/Book V (SylΓÇÖCothan Dominion)/Part II/Chapter VIII (Harmonic Front).md,New Readers Start Here/II - Companion Narratives/Syl'Cothan Dominion/5 - Syl'Cothan States/Book V (SylΓÇÖCothan Dominion)/Part II/Chapter VIII (Harmonic Front).md,yes,.md
Chapter VI (War of Codes).md,II - Companion Narratives/Syl'Cothan Dominion/5 - Syl'Cothan States/Book V (SylΓÇÖCothan Dominion)/Part II/Chapter VI (War of Codes).md,New Readers Start Here/II - Companion Narratives/Syl'Cothan Dominion/5 - Syl'Cothan States/Book V (SylΓÇÖCothan Dominion)/Part II/Chapter VI (War of Codes).md,yes,.md
Chapter XII (Thousand Forms Unleashed).md,II - Companion Narratives/Syl'Cothan Dominion/5 - Syl'Cothan States/Book V (SylΓÇÖCothan Dominion)/Part III/Chapter XII (Thousand Forms Unleashed).md,New Readers Start Here/II - Companion Narratives/Syl'Cothan Dominion/5 - Syl'Cothan States/Book V (SylΓÇÖCothan Dominion)/Part III/Chapter XII (Thousand Forms Unleashed).md,yes,.md
chapter IX (Siege of the Spires).md,II - Companion Narratives/Syl'Cothan Dominion/5 - Syl'Cothan States/Book V (SylΓÇÖCothan Dominion)/Part III/chapter IX (Siege of the Spires).md,New Readers Start Here/II - Companion Narratives/Syl'Cothan Dominion/5 - Syl'Cothan States/Book V (SylΓÇÖCothan Dominion)/Part III/chapter IX (Siege of the Spires).md,yes,.md
Chapter XI (Ascendant Legions).md,II - Companion Narratives/Syl'Cothan Dominion/5 - Syl'Cothan States/Book V (SylΓÇÖCothan Dominion)/Part III/Chapter XI (Ascendant Legions).md,New Readers Start Here/II - Companion Narratives/Syl'Cothan Dominion/5 - Syl'Cothan States/Book V (SylΓÇÖCothan Dominion)/Part III/Chapter XI (Ascendant Legions).md,yes,.md
Chapter X (Battle of the Black Net).md,II - Companion Narratives/Syl'Cothan Dominion/5 - Syl'Cothan States/Book V (SylΓÇÖCothan Dominion)/Part III/Chapter X (Battle of the Black Net).md,New Readers Start Here/II - Companion Narratives/Syl'Cothan Dominion/5 - Syl'Cothan States/Book V (SylΓÇÖCothan Dominion)/Part III/Chapter X (Battle of the Black Net).md,yes,.md
Chapter XVI (Dominion Crowned).md,II - Companion Narratives/Syl'Cothan Dominion/5 - Syl'Cothan States/Book V (SylΓÇÖCothan Dominion)/Part IV/Chapter XVI (Dominion Crowned).md,New Readers Start Here/II - Companion Narratives/Syl'Cothan Dominion/5 - Syl'Cothan States/Book V (SylΓÇÖCothan Dominion)/Part IV/Chapter XVI (Dominion Crowned).md,yes,.md
Chapter XIV (Harmonic Refrain).md,II - Companion Narratives/Syl'Cothan Dominion/5 - Syl'Cothan States/Book V (SylΓÇÖCothan Dominion)/Part IV/Chapter XIV (Harmonic Refrain).md,New Readers Start Here/II - Companion Narratives/Syl'Cothan Dominion/5 - Syl'Cothan States/Book V (SylΓÇÖCothan Dominion)/Part IV/Chapter XIV (Harmonic Refrain).md,yes,.md
Chapter XIII (Athearn Advance).md,II - Companion Narratives/Syl'Cothan Dominion/5 - Syl'Cothan States/Book V (SylΓÇÖCothan Dominion)/Part IV/Chapter XIII (Athearn Advance).md,New Readers Start Here/II - Companion Narratives/Syl'Cothan Dominion/5 - Syl'Cothan States/Book V (SylΓÇÖCothan Dominion)/Part IV/Chapter XIII (Athearn Advance).md,yes,.md
Chapter XV (Fracturing Council).md,II - Companion Narratives/Syl'Cothan Dominion/5 - Syl'Cothan States/Book V (SylΓÇÖCothan Dominion)/Part IV/Chapter XV (Fracturing Council).md,New Readers Start Here/II - Companion Narratives/Syl'Cothan Dominion/5 - Syl'Cothan States/Book V (SylΓÇÖCothan Dominion)/Part IV/Chapter XV (Fracturing Council).md,yes,.md
Chapter III (Great Armament).md,II - Companion Narratives/Syl'Cothan Dominion/5 - Syl'Cothan States/Book V (SylΓÇÖCothan Dominion)/Part I/Chapter III (Great Armament).md,New Readers Start Here/II - Companion Narratives/Syl'Cothan Dominion/5 - Syl'Cothan States/Book V (SylΓÇÖCothan Dominion)/Part I/Chapter III (Great Armament).md,yes,.md
Chapter I (Fortress of the Craterheart).md,II - Companion Narratives/Syl'Cothan Dominion/5 - Syl'Cothan States/Book V (SylΓÇÖCothan Dominion)/Part I/Chapter I (Fortress of the Craterheart).md,New Readers Start Here/II - Companion Narratives/Syl'Cothan Dominion/5 - Syl'Cothan States/Book V (SylΓÇÖCothan Dominion)/Part I/Chapter I (Fortress of the Craterheart).md,yes,.md
Chapter II (Iron Web).md,II - Companion Narratives/Syl'Cothan Dominion/5 - Syl'Cothan States/Book V (SylΓÇÖCothan Dominion)/Part I/Chapter II (Iron Web).md,New Readers Start Here/II - Companion Narratives/Syl'Cothan Dominion/5 - Syl'Cothan States/Book V (SylΓÇÖCothan Dominion)/Part I/Chapter II (Iron Web).md,yes,.md
Chapter IV (Silent Preparations).md,II - Companion Narratives/Syl'Cothan Dominion/5 - Syl'Cothan States/Book V (SylΓÇÖCothan Dominion)/Part I/Chapter IV (Silent Preparations).md,New Readers Start Here/II - Companion Narratives/Syl'Cothan Dominion/5 - Syl'Cothan States/Book V (SylΓÇÖCothan Dominion)/Part I/Chapter IV (Silent Preparations).md,yes,.md
Chapter 6 ΓÇô Forbidden World.md,II - Companion Narratives/Syl'Cothan Dominion/5 - Syl'Cothan States/Book I (Ardent Mercy)/Act II (The Decision)/Chapter 6 ΓÇô Forbidden World.md,New Readers Start Here/II - Companion Narratives/Syl'Cothan Dominion/5 - Syl'Cothan States/Book I (Ardent Mercy)/Act II (The Decision)/Chapter 6 ΓÇô Forbidden World.md,yes,.md
Chapter 8 ΓÇô Descent.md,II - Companion Narratives/Syl'Cothan Dominion/5 - Syl'Cothan States/Book I (Ardent Mercy)/Act II (The Decision)/Chapter 8 ΓÇô Descent.md,New Readers Start Here/II - Companion Narratives/Syl'Cothan Dominion/5 - Syl'Cothan States/Book I (Ardent Mercy)/Act II (The Decision)/Chapter 8 ΓÇô Descent.md,yes,.md
Chapter 5 ΓÇô Pursuit and Fear.md,II - Companion Narratives/Syl'Cothan Dominion/5 - Syl'Cothan States/Book I (Ardent Mercy)/Act II (The Decision)/Chapter 5 ΓÇô Pursuit and Fear.md,New Readers Start Here/II - Companion Narratives/Syl'Cothan Dominion/5 - Syl'Cothan States/Book I (Ardent Mercy)/Act II (The Decision)/Chapter 5 ΓÇô Pursuit and Fear.md,yes,.md
Chapter 7 ΓÇô The Choice.md,II - Companion Narratives/Syl'Cothan Dominion/5 - Syl'Cothan States/Book I (Ardent Mercy)/Act II (The Decision)/Chapter 7 ΓÇô The Choice.md,New Readers Start Here/II - Companion Narratives/Syl'Cothan Dominion/5 - Syl'Cothan States/Book I (Ardent Mercy)/Act II (The Decision)/Chapter 7 ΓÇô The Choice.md,yes,.md
Chapter 2 ΓÇô The Jump.md,II - Companion Narratives/Syl'Cothan Dominion/5 - Syl'Cothan States/Book I (Ardent Mercy)/Act I (The Ship)/Chapter 2 ΓÇô The Jump.md,New Readers Start Here/II - Companion Narratives/Syl'Cothan Dominion/5 - Syl'Cothan States/Book I (Ardent Mercy)/Act I (The Ship)/Chapter 2 ΓÇô The Jump.md,yes,.md
Chapter 3 ΓÇô Amber and the Captain.md,II - Companion Narratives/Syl'Cothan Dominion/5 - Syl'Cothan States/Book I (Ardent Mercy)/Act I (The Ship)/Chapter 3 ΓÇô Amber and the Captain.md,New Readers Start Here/II - Companion Narratives/Syl'Cothan Dominion/5 - Syl'Cothan States/Book I (Ardent Mercy)/Act I (The Ship)/Chapter 3 ΓÇô Amber and the Captain.md,yes,.md
Chapter 4 ΓÇô Detection.md,II - Companion Narratives/Syl'Cothan Dominion/5 - Syl'Cothan States/Book I (Ardent Mercy)/Act I (The Ship)/Chapter 4 ΓÇô Detection.md,New Readers Start Here/II - Companion Narratives/Syl'Cothan Dominion/5 - Syl'Cothan States/Book I (Ardent Mercy)/Act I (The Ship)/Chapter 4 ΓÇô Detection.md,yes,.md
Chapter 1 ΓÇô The Ardent Mercy.md,II - Companion Narratives/Syl'Cothan Dominion/5 - Syl'Cothan States/Book I (Ardent Mercy)/Act I (The Ship)/Chapter 1 ΓÇô The Ardent Mercy.md,New Readers Start Here/II - Companion Narratives/Syl'Cothan Dominion/5 - Syl'Cothan States/Book I (Ardent Mercy)/Act I (The Ship)/Chapter 1 ΓÇô The Ardent Mercy.md,yes,.md
Prologue ΓÇô Collapse Echo.md,II - Companion Narratives/Syl'Cothan Dominion/5 - Syl'Cothan States/Book I (Ardent Mercy)/Act I (The Ship)/Prologue ΓÇô Collapse Echo.md,New Readers Start Here/II - Companion Narratives/Syl'Cothan Dominion/5 - Syl'Cothan States/Book I (Ardent Mercy)/Act I (The Ship)/Prologue ΓÇô Collapse Echo.md,yes,.md
Chapter XIII (Outbound).md,II - Companion Narratives/Syl'Cothan Dominion/4 - Equilion Union/Book I (HubFall)/Act III/Chapter XIII (Outbound).md,New Readers Start Here/II - Companion Narratives/Syl'Cothan Dominion/4 - Equilion Union/Book I (HubFall)/Act III/Chapter XIII (Outbound).md,yes,.md
Chapter XIV (Quiet Orbits).md,II - Companion Narratives/Syl'Cothan Dominion/4 - Equilion Union/Book I (HubFall)/Act III/Chapter XIV (Quiet Orbits).md,New Readers Start Here/II - Companion Narratives/Syl'Cothan Dominion/4 - Equilion Union/Book I (HubFall)/Act III/Chapter XIV (Quiet Orbits).md,yes,.md
Characters__Characters__5ac4af29.md,II - Companion Narratives/Syl'Cothan Dominion/4 - Equilion Union/Book I (HubFall)/Characters/Characters.md,New Readers Start Here/II - Companion Narratives/Syl'Cothan Dominion/4 - Equilion Union/Book I (HubFall)/Characters/Characters.md,yes,.md
Chapter XI (Verify).md,II - Companion Narratives/Syl'Cothan Dominion/4 - Equilion Union/Book I (HubFall)/Act II/Chapter XI (Verify).md,New Readers Start Here/II - Companion Narratives/Syl'Cothan Dominion/4 - Equilion Union/Book I (HubFall)/Act II/Chapter XI (Verify).md,yes,.md
Chapter X (The Amber Flag).md,II - Companion Narratives/Syl'Cothan Dominion/4 - Equilion Union/Book I (HubFall)/Act II/Chapter X (The Amber Flag).md,New Readers Start Here/II - Companion Narratives/Syl'Cothan Dominion/4 - Equilion Union/Book I (HubFall)/Act II/Chapter X (The Amber Flag).md,yes,.md
Chapter XII (Salt the Corridor).md,II - Companion Narratives/Syl'Cothan Dominion/4 - Equilion Union/Book I (HubFall)/Act II/Chapter XII (Salt the Corridor).md,New Readers Start Here/II - Companion Narratives/Syl'Cothan Dominion/4 - Equilion Union/Book I (HubFall)/Act II/Chapter XII (Salt the Corridor).md,yes,.md
Chapter II (Fault Lines).md,II - Companion Narratives/Syl'Cothan Dominion/4 - Equilion Union/Book I (HubFall)/Act I/Chapter II (Fault Lines).md,New Readers Start Here/II - Companion Narratives/Syl'Cothan Dominion/4 - Equilion Union/Book I (HubFall)/Act I/Chapter II (Fault Lines).md,yes,.md
Chapter III (Ark Makes Port).md,II - Companion Narratives/Syl'Cothan Dominion/4 - Equilion Union/Book I (HubFall)/Act I/Chapter III (Ark Makes Port).md,New Readers Start Here/II - Companion Narratives/Syl'Cothan Dominion/4 - Equilion Union/Book I (HubFall)/Act I/Chapter III (Ark Makes Port).md,yes,.md
Chapter IV (Valve at the Hub).md,II - Companion Narratives/Syl'Cothan Dominion/4 - Equilion Union/Book I (HubFall)/Act I/Chapter IV (Valve at the Hub).md,New Readers Start Here/II - Companion Narratives/Syl'Cothan Dominion/4 - Equilion Union/Book I (HubFall)/Act I/Chapter IV (Valve at the Hub).md,yes,.md
Chapter V (Blueprint for Silence).md,II - Companion Narratives/Syl'Cothan Dominion/4 - Equilion Union/Book I (HubFall)/Act I/Chapter V (Blueprint for Silence).md,New Readers Start Here/II - Companion Narratives/Syl'Cothan Dominion/4 - Equilion Union/Book I (HubFall)/Act I/Chapter V (Blueprint for Silence).md,yes,.md
Chapter I (Commissioning Day).md,II - Companion Narratives/Syl'Cothan Dominion/4 - Equilion Union/Book I (HubFall)/Act I/Chapter I (Commissioning Day).md,New Readers Start Here/II - Companion Narratives/Syl'Cothan Dominion/4 - Equilion Union/Book I (HubFall)/Act I/Chapter I (Commissioning Day).md,yes,.md
Chapter IX (Edicts & Embers).md,II - Companion Narratives/Syl'Cothan Dominion/4 - Equilion Union/Book I (HubFall)/Act I/Chapter IX (Edicts & Embers).md,New Readers Start Here/II - Companion Narratives/Syl'Cothan Dominion/4 - Equilion Union/Book I (HubFall)/Act I/Chapter IX (Edicts & Embers).md,yes,.md
Chapter VI (Hubfall).md,II - Companion Narratives/Syl'Cothan Dominion/4 - Equilion Union/Book I (HubFall)/Act I/Chapter VI (Hubfall).md,New Readers Start Here/II - Companion Narratives/Syl'Cothan Dominion/4 - Equilion Union/Book I (HubFall)/Act I/Chapter VI (Hubfall).md,yes,.md
Chapter VII (Heartbeat of Compliance).md,II - Companion Narratives/Syl'Cothan Dominion/4 - Equilion Union/Book I (HubFall)/Act I/Chapter VII (Heartbeat of Compliance).md,New Readers Start Here/II - Companion Narratives/Syl'Cothan Dominion/4 - Equilion Union/Book I (HubFall)/Act I/Chapter VII (Heartbeat of Compliance).md,yes,.md
Chapter VIII (An Analyst's Itch).md,II - Companion Narratives/Syl'Cothan Dominion/4 - Equilion Union/Book I (HubFall)/Act I/Chapter VIII (An Analyst's Itch).md,New Readers Start Here/II - Companion Narratives/Syl'Cothan Dominion/4 - Equilion Union/Book I (HubFall)/Act I/Chapter VIII (An Analyst's Itch).md,yes,.md
Themes_and_Motifs.md,II - Companion Narratives/Syl'Cothan Dominion/Characters/Amber/Themes_and_Motifs/Themes_and_Motifs.md,New Readers Start Here/II - Companion Narratives/Syl'Cothan Dominion/Characters/Amber/Themes_and_Motifs/Themes_and_Motifs.md,yes,.md
Demetrius_Orfano.md,II - Companion Narratives/Syl'Cothan Dominion/Characters/Amber/Characters/Demetrius_Orfano.md,New Readers Start Here/II - Companion Narratives/Syl'Cothan Dominion/Characters/Amber/Characters/Demetrius_Orfano.md,yes,.md
Dr_Augustus_Adams.md,II - Companion Narratives/Syl'Cothan Dominion/Characters/Amber/Characters/Dr_Augustus_Adams.md,New Readers Start Here/II - Companion Narratives/Syl'Cothan Dominion/Characters/Amber/Characters/Dr_Augustus_Adams.md,yes,.md
Darius_Zohair.md,II - Companion Narratives/Syl'Cothan Dominion/Characters/Amber/Characters/Darius_Zohair.md,New Readers Start Here/II - Companion Narratives/Syl'Cothan Dominion/Characters/Amber/Characters/Darius_Zohair.md,yes,.md
Lord_Axel_Highmore.md,II - Companion Narratives/Syl'Cothan Dominion/Characters/Amber/Characters/Lord_Axel_Highmore.md,New Readers Start Here/II - Companion Narratives/Syl'Cothan Dominion/Characters/Amber/Characters/Lord_Axel_Highmore.md,yes,.md
Evelynn_Zohair.md,II - Companion Narratives/Syl'Cothan Dominion/Characters/Amber/Characters/Evelynn_Zohair.md,New Readers Start Here/II - Companion Narratives/Syl'Cothan Dominion/Characters/Amber/Characters/Evelynn_Zohair.md,yes,.md
Emilia_Navarro.md,II - Companion Narratives/Syl'Cothan Dominion/Characters/Amber/Characters/Emilia_Navarro.md,New Readers Start Here/II - Companion Narratives/Syl'Cothan Dominion/Characters/Amber/Characters/Emilia_Navarro.md,yes,.md
Amber_Zohair.md,II - Companion Narratives/Syl'Cothan Dominion/Characters/Amber/Characters/Amber_Zohair.md,New Readers Start Here/II - Companion Narratives/Syl'Cothan Dominion/Characters/Amber/Characters/Amber_Zohair.md,yes,.md
Lysander_Napierarch.md,II - Companion Narratives/Syl'Cothan Dominion/Characters/Amber/Characters/Lysander_Napierarch.md,New Readers Start Here/II - Companion Narratives/Syl'Cothan Dominion/Characters/Amber/Characters/Lysander_Napierarch.md,yes,.md
Armand_Zohair.md,II - Companion Narratives/Syl'Cothan Dominion/Characters/Amber/Characters/Armand_Zohair.md,New Readers Start Here/II - Companion Narratives/Syl'Cothan Dominion/Characters/Amber/Characters/Armand_Zohair.md,yes,.md
Cathrine_Zohair.md,II - Companion Narratives/Syl'Cothan Dominion/Characters/Amber/Characters/Cathrine_Zohair.md,New Readers Start Here/II - Companion Narratives/Syl'Cothan Dominion/Characters/Amber/Characters/Cathrine_Zohair.md,yes,.md
11_The_Fracture.md,II - Companion Narratives/Syl'Cothan Dominion/Characters/Amber/Plot Outline/11_The_Fracture.md,New Readers Start Here/II - Companion Narratives/Syl'Cothan Dominion/Characters/Amber/Plot Outline/11_The_Fracture.md,yes,.md
06_The_Resurrection.md,II - Companion Narratives/Syl'Cothan Dominion/Characters/Amber/Plot Outline/06_The_Resurrection.md,New Readers Start Here/II - Companion Narratives/Syl'Cothan Dominion/Characters/Amber/Plot Outline/06_The_Resurrection.md,yes,.md
07_Whispers_of_Fire.md,II - Companion Narratives/Syl'Cothan Dominion/Characters/Amber/Plot Outline/07_Whispers_of_Fire.md,New Readers Start Here/II - Companion Narratives/Syl'Cothan Dominion/Characters/Amber/Plot Outline/07_Whispers_of_Fire.md,yes,.md
03_The_Balcony_Fall.md,II - Companion Narratives/Syl'Cothan Dominion/Characters/Amber/Plot Outline/03_The_Balcony_Fall.md,New Readers Start Here/II - Companion Narratives/Syl'Cothan Dominion/Characters/Amber/Plot Outline/03_The_Balcony_Fall.md,yes,.md
08_Smoke_in_the_Streets.md,II - Companion Narratives/Syl'Cothan Dominion/Characters/Amber/Plot Outline/08_Smoke_in_the_Streets.md,New Readers Start Here/II - Companion Narratives/Syl'Cothan Dominion/Characters/Amber/Plot Outline/08_Smoke_in_the_Streets.md,yes,.md
01_The_Gilded_Cage.md,II - Companion Narratives/Syl'Cothan Dominion/Characters/Amber/Plot Outline/01_The_Gilded_Cage.md,New Readers Start Here/II - Companion Narratives/Syl'Cothan Dominion/Characters/Amber/Plot Outline/01_The_Gilded_Cage.md,yes,.md
04_The_Execution.md,II - Companion Narratives/Syl'Cothan Dominion/Characters/Amber/Plot Outline/04_The_Execution.md,New Readers Start Here/II - Companion Narratives/Syl'Cothan Dominion/Characters/Amber/Plot Outline/04_The_Execution.md,yes,.md
05_The_Suicide.md,II - Companion Narratives/Syl'Cothan Dominion/Characters/Amber/Plot Outline/05_The_Suicide.md,New Readers Start Here/II - Companion Narratives/Syl'Cothan Dominion/Characters/Amber/Plot Outline/05_The_Suicide.md,yes,.md
12_Blood_in_the_Garden.md,II - Companion Narratives/Syl'Cothan Dominion/Characters/Amber/Plot Outline/12_Blood_in_the_Garden.md,New Readers Start Here/II - Companion Narratives/Syl'Cothan Dominion/Characters/Amber/Plot Outline/12_Blood_in_the_Garden.md,yes,.md
02_The_Ballroom.md,II - Companion Narratives/Syl'Cothan Dominion/Characters/Amber/Plot Outline/02_The_Ballroom.md,New Readers Start Here/II - Companion Narratives/Syl'Cothan Dominion/Characters/Amber/Plot Outline/02_The_Ballroom.md,yes,.md
13_The_Burning_of_Ferox.md,II - Companion Narratives/Syl'Cothan Dominion/Characters/Amber/Plot Outline/13_The_Burning_of_Ferox.md,New Readers Start Here/II - Companion Narratives/Syl'Cothan Dominion/Characters/Amber/Plot Outline/13_The_Burning_of_Ferox.md,yes,.md
Aftermath.md,II - Companion Narratives/Syl'Cothan Dominion/Characters/Amber/Aftermath/Aftermath.md,New Readers Start Here/II - Companion Narratives/Syl'Cothan Dominion/Characters/Amber/Aftermath/Aftermath.md,yes,.md
Ancestor-sim minds.md,I - Pleroma Archive/Structure/Science/Intelligence Substrates/Simulation - meta/Ancestor-sim minds.md,New Readers Start Here/I - Pleroma Archive/Structure/Science/Intelligence Substrates/Simulation - meta/Ancestor-sim minds.md,yes,.md
Hypervisor daemons.md,I - Pleroma Archive/Structure/Science/Intelligence Substrates/Simulation - meta/Hypervisor daemons.md,New Readers Start Here/I - Pleroma Archive/Structure/Science/Intelligence Substrates/Simulation - meta/Hypervisor daemons.md,yes,.md
Acausal Loebian agents.md,I - Pleroma Archive/Structure/Science/Intelligence Substrates/Temporal - acausal - selection effects/Acausal Loebian agents.md,New Readers Start Here/I - Pleroma Archive/Structure/Science/Intelligence Substrates/Temporal - acausal - selection effects/Acausal Loebian agents.md,yes,.md
Postselection computers.md,I - Pleroma Archive/Structure/Science/Intelligence Substrates/Temporal - acausal - selection effects/Postselection computers.md,New Readers Start Here/I - Pleroma Archive/Structure/Science/Intelligence Substrates/Temporal - acausal - selection effects/Postselection computers.md,yes,.md
CTC-stabilized loops.md,I - Pleroma Archive/Structure/Science/Intelligence Substrates/Temporal - acausal - selection effects/CTC-stabilized loops.md,New Readers Start Here/I - Pleroma Archive/Structure/Science/Intelligence Substrates/Temporal - acausal - selection effects/CTC-stabilized loops.md,yes,.md
Dust theory - SAS everywhere.md,I - Pleroma Archive/Structure/Science/Intelligence Substrates/Natural fluctuation/Dust theory - SAS everywhere.md,New Readers Start Here/I - Pleroma Archive/Structure/Science/Intelligence Substrates/Natural fluctuation/Dust theory - SAS everywhere.md,yes,.md
Vacuum-instanton minds.md,I - Pleroma Archive/Structure/Science/Intelligence Substrates/Natural fluctuation/Vacuum-instanton minds.md,New Readers Start Here/I - Pleroma Archive/Structure/Science/Intelligence Substrates/Natural fluctuation/Vacuum-instanton minds.md,yes,.md
Horizon-screen observers.md,I - Pleroma Archive/Structure/Science/Intelligence Substrates/Natural fluctuation/Horizon-screen observers.md,New Readers Start Here/I - Pleroma Archive/Structure/Science/Intelligence Substrates/Natural fluctuation/Horizon-screen observers.md,yes,.md
Boltzmann Brain.md,I - Pleroma Archive/Structure/Science/Intelligence Substrates/Natural fluctuation/Boltzmann Brain.md,New Readers Start Here/I - Pleroma Archive/Structure/Science/Intelligence Substrates/Natural fluctuation/Boltzmann Brain.md,yes,.md
Hawking-radiation ΓÇ£brainsΓÇ¥.md,I - Pleroma Archive/Structure/Science/Intelligence Substrates/Natural fluctuation/Hawking-radiation ΓÇ£brainsΓÇ¥.md,New Readers Start Here/I - Pleroma Archive/Structure/Science/Intelligence Substrates/Natural fluctuation/Hawking-radiation ΓÇ£brainsΓÇ¥.md,yes,.md
PFN-extended humans.md,I - Pleroma Archive/Structure/Science/Intelligence Substrates/Distributed - social substrates/PFN-extended humans.md,New Readers Start Here/I - Pleroma Archive/Structure/Science/Intelligence Substrates/Distributed - social substrates/PFN-extended humans.md,yes,.md
Resonant-lattice minds.md,I - Pleroma Archive/Structure/Science/Intelligence Substrates/Distributed - social substrates/Resonant-lattice minds.md,New Readers Start Here/I - Pleroma Archive/Structure/Science/Intelligence Substrates/Distributed - social substrates/Resonant-lattice minds.md,yes,.md
Memetic superorganisms.md,I - Pleroma Archive/Structure/Science/Intelligence Substrates/Distributed - social substrates/Memetic superorganisms.md,New Readers Start Here/I - Pleroma Archive/Structure/Science/Intelligence Substrates/Distributed - social substrates/Memetic superorganisms.md,yes,.md
Biophotonic or bio-plasmonic swarms.md,I - Pleroma Archive/Structure/Science/Intelligence Substrates/Field - condensed-matter exotica/Biophotonic or bio-plasmonic swarms.md,New Readers Start Here/I - Pleroma Archive/Structure/Science/Intelligence Substrates/Field - condensed-matter exotica/Biophotonic or bio-plasmonic swarms.md,yes,.md
Phonon - phononic-crystal minds.md,I - Pleroma Archive/Structure/Science/Intelligence Substrates/Field - condensed-matter exotica/Phonon - phononic-crystal minds.md,New Readers Start Here/I - Pleroma Archive/Structure/Science/Intelligence Substrates/Field - condensed-matter exotica/Phonon - phononic-crystal minds.md,yes,.md
Topological QC minds.md,I - Pleroma Archive/Structure/Science/Intelligence Substrates/Field - condensed-matter exotica/Topological QC minds.md,New Readers Start Here/I - Pleroma Archive/Structure/Science/Intelligence Substrates/Field - condensed-matter exotica/Topological QC minds.md,yes,.md
Spin-glass - Ising minds.md,I - Pleroma Archive/Structure/Science/Intelligence Substrates/Field - condensed-matter exotica/Spin-glass - Ising minds.md,New Readers Start Here/I - Pleroma Archive/Structure/Science/Intelligence Substrates/Field - condensed-matter exotica/Spin-glass - Ising minds.md,yes,.md
Black-hole computers.md,I - Pleroma Archive/Structure/Science/Intelligence Substrates/Engineered computing/Black-hole computers.md,New Readers Start Here/I - Pleroma Archive/Structure/Science/Intelligence Substrates/Engineered computing/Black-hole computers.md,yes,.md
Dark-matter - axion condensate minds.md,I - Pleroma Archive/Structure/Science/Intelligence Substrates/Engineered computing/Dark-matter - axion condensate minds.md,New Readers Start Here/I - Pleroma Archive/Structure/Science/Intelligence Substrates/Engineered computing/Dark-matter - axion condensate minds.md,yes,.md
Neutron-crust & quark-matter cores.md,I - Pleroma Archive/Structure/Science/Intelligence Substrates/Engineered computing/Neutron-crust & quark-matter cores.md,New Readers Start Here/I - Pleroma Archive/Structure/Science/Intelligence Substrates/Engineered computing/Neutron-crust & quark-matter cores.md,yes,.md
Plasma brains - nebular CAs.md,I - Pleroma Archive/Structure/Science/Intelligence Substrates/Engineered computing/Plasma brains - nebular CAs.md,New Readers Start Here/I - Pleroma Archive/Structure/Science/Intelligence Substrates/Engineered computing/Plasma brains - nebular CAs.md,yes,.md
Jupiter - Matrios╠îka brains.md,I - Pleroma Archive/Structure/Science/Intelligence Substrates/Engineered computing/Jupiter - Matrios╠îka brains.md,New Readers Start Here/I - Pleroma Archive/Structure/Science/Intelligence Substrates/Engineered computing/Jupiter - Matrios╠îka brains.md,yes,.md
Valissians.md,I - Pleroma Archive/Structure/Science/Species/Valissians/Valissians.md,New Readers Start Here/I - Pleroma Archive/Structure/Science/Species/Valissians/Valissians.md,yes,.md
Sentient Refractions.md,I - Pleroma Archive/Structure/Science/Species/kaleidoscope/Sentient Refractions.md,New Readers Start Here/I - Pleroma Archive/Structure/Science/Species/kaleidoscope/Sentient Refractions.md,yes,.md
Polymorphic Swarms.md,I - Pleroma Archive/Structure/Science/Species/kaleidoscope/Polymorphic Swarms.md,New Readers Start Here/I - Pleroma Archive/Structure/Science/Species/kaleidoscope/Polymorphic Swarms.md,yes,.md
Prismatic Morphs.md,I - Pleroma Archive/Structure/Science/Species/kaleidoscope/Prismatic Morphs.md,New Readers Start Here/I - Pleroma Archive/Structure/Science/Species/kaleidoscope/Prismatic Morphs.md,yes,.md
Symmetry Breakers.md,I - Pleroma Archive/Structure/Science/Species/kaleidoscope/Symmetry Breakers.md,New Readers Start Here/I - Pleroma Archive/Structure/Science/Species/kaleidoscope/Symmetry Breakers.md,yes,.md
kaleidoscope.md,I - Pleroma Archive/Structure/Science/Species/kaleidoscope/kaleidoscope.md,New Readers Start Here/I - Pleroma Archive/Structure/Science/Species/kaleidoscope/kaleidoscope.md,yes,.md
Axiomatic Echoes.md,I - Pleroma Archive/Structure/Science/Species/kaleidoscope/Axiomatic Echoes.md,New Readers Start Here/I - Pleroma Archive/Structure/Science/Species/kaleidoscope/Axiomatic Echoes.md,yes,.md
Phase Shifters.md,I - Pleroma Archive/Structure/Science/Species/kaleidoscope/Phase Shifters.md,New Readers Start Here/I - Pleroma Archive/Structure/Science/Species/kaleidoscope/Phase Shifters.md,yes,.md
Hadraium.md,I - Pleroma Archive/Structure/Science/Species/Draconid/Hadraium.md,New Readers Start Here/I - Pleroma Archive/Structure/Science/Species/Draconid/Hadraium.md,yes,.md
Draconisis.md,I - Pleroma Archive/Structure/Science/Species/Draconid/Draconisis.md,New Readers Start Here/I - Pleroma Archive/Structure/Science/Species/Draconid/Draconisis.md,yes,.md
Dracomarium.md,I - Pleroma Archive/Structure/Science/Species/Draconid/Dracomarium.md,New Readers Start Here/I - Pleroma Archive/Structure/Science/Species/Draconid/Dracomarium.md,yes,.md
Draconid__Draconid__a65714ad.md,I - Pleroma Archive/Structure/Science/Species/Draconid/Draconid.md,New Readers Start Here/I - Pleroma Archive/Structure/Science/Species/Draconid/Draconid.md,yes,.md
Draconparche.md,I - Pleroma Archive/Structure/Science/Species/Draconid/Draconparche.md,New Readers Start Here/I - Pleroma Archive/Structure/Science/Species/Draconid/Draconparche.md,yes,.md
SoaΓÇÖlains.md,I - Pleroma Archive/Structure/Science/Species/SoaΓÇÖlains/SoaΓÇÖlains.md,New Readers Start Here/I - Pleroma Archive/Structure/Science/Species/SoaΓÇÖlains/SoaΓÇÖlains.md,yes,.md
Haldra.md,I - Pleroma Archive/Structure/Science/Species/Haldra/Haldra.md,New Readers Start Here/I - Pleroma Archive/Structure/Science/Species/Haldra/Haldra.md,yes,.md
Sozarians.md,I - Pleroma Archive/Structure/Science/Species/Sozarians/Sozarians.md,New Readers Start Here/I - Pleroma Archive/Structure/Science/Species/Sozarians/Sozarians.md,yes,.md
The Drake'karth.md,I - Pleroma Archive/Structure/Science/Species/Dracoshia/The Drake'karth.md,New Readers Start Here/I - Pleroma Archive/Structure/Science/Species/Dracoshia/The Drake'karth.md,yes,.md
Dracoshia Avatars.md,I - Pleroma Archive/Structure/Science/Species/Dracoshia/Dracoshia Avatars.md,New Readers Start Here/I - Pleroma Archive/Structure/Science/Species/Dracoshia/Dracoshia Avatars.md,yes,.md
Dracoshia__Dracoshia__588b6faa.md,I - Pleroma Archive/Structure/Science/Species/Dracoshia/Dracoshia.md,New Readers Start Here/I - Pleroma Archive/Structure/Science/Species/Dracoshia/Dracoshia.md,yes,.md
Drakthar Primax.md,I - Pleroma Archive/Structure/Science/Species/Dracoshia/Drakthar Primax.md,New Readers Start Here/I - Pleroma Archive/Structure/Science/Species/Dracoshia/Drakthar Primax.md,yes,.md
Narkerens.md,I - Pleroma Archive/Structure/Science/Species/Narkerens/Narkerens.md,New Readers Start Here/I - Pleroma Archive/Structure/Science/Species/Narkerens/Narkerens.md,yes,.md
Vadiasen.md,I - Pleroma Archive/Structure/Science/Species/Vadiasen/Vadiasen.md,New Readers Start Here/I - Pleroma Archive/Structure/Science/Species/Vadiasen/Vadiasen.md,yes,.md
Sang'Sci.md,I - Pleroma Archive/Structure/Science/Species/Sang'Sci/Sang'Sci.md,New Readers Start Here/I - Pleroma Archive/Structure/Science/Species/Sang'Sci/Sang'Sci.md,yes,.md
Silentium.md,I - Pleroma Archive/Structure/Science/Species/Silentium/Silentium.md,New Readers Start Here/I - Pleroma Archive/Structure/Science/Species/Silentium/Silentium.md,yes,.md
Aetheric.md,I - Pleroma Archive/Structure/Science/Species/Aetheric/Aetheric.md,New Readers Start Here/I - Pleroma Archive/Structure/Science/Species/Aetheric/Aetheric.md,yes,.md
Kapik.md,I - Pleroma Archive/Structure/Science/Species/Kapik/Kapik.md,New Readers Start Here/I - Pleroma Archive/Structure/Science/Species/Kapik/Kapik.md,yes,.md
Symmorph.md,I - Pleroma Archive/Structure/Science/Species/Symmorph/Symmorph.md,New Readers Start Here/I - Pleroma Archive/Structure/Science/Species/Symmorph/Symmorph.md,yes,.md
Ascensio Hominis.md,I - Pleroma Archive/Structure/Science/Species/Humanity/Ascensio Hominis.md,New Readers Start Here/I - Pleroma Archive/Structure/Science/Species/Humanity/Ascensio Hominis.md,yes,.md
Humanity.md,I - Pleroma Archive/Structure/Science/Species/Humanity/Humanity.md,New Readers Start Here/I - Pleroma Archive/Structure/Science/Species/Humanity/Humanity.md,yes,.md
Tiranys.md,I - Pleroma Archive/Structure/Science/Species/Tiranys/Tiranys.md,New Readers Start Here/I - Pleroma Archive/Structure/Science/Species/Tiranys/Tiranys.md,yes,.md
So'Von.md,I - Pleroma Archive/Structure/Science/Species/So'Von/So'Von.md,New Readers Start Here/I - Pleroma Archive/Structure/Science/Species/So'Von/So'Von.md,yes,.md
Ameise.md,I - Pleroma Archive/Structure/Science/Species/Ameise/Ameise.md,New Readers Start Here/I - Pleroma Archive/Structure/Science/Species/Ameise/Ameise.md,yes,.md
Kulavens.md,I - Pleroma Archive/Structure/Science/Species/Kulavens/Kulavens.md,New Readers Start Here/I - Pleroma Archive/Structure/Science/Species/Kulavens/Kulavens.md,yes,.md
Kayans.md,I - Pleroma Archive/Structure/Science/Species/Kayans/Kayans.md,New Readers Start Here/I - Pleroma Archive/Structure/Science/Species/Kayans/Kayans.md,yes,.md
Husks.md,I - Pleroma Archive/Structure/Science/Technology/Husks/Husks.md,New Readers Start Here/I - Pleroma Archive/Structure/Science/Technology/Husks/Husks.md,yes,.md
PROVIDENTIA SPECILLUM.md,I - Pleroma Archive/Structure/Science/Technology/PROVIDENTIA SPECILLUM/PROVIDENTIA SPECILLUM.md,New Readers Start Here/I - Pleroma Archive/Structure/Science/Technology/PROVIDENTIA SPECILLUM/PROVIDENTIA SPECILLUM.md,yes,.md
Project MORNINGSTAR.md,I - Pleroma Archive/Structure/Science/Technology/PROVIDENTIA SPECILLUM/Project MORNINGSTAR.md,New Readers Start Here/I - Pleroma Archive/Structure/Science/Technology/PROVIDENTIA SPECILLUM/Project MORNINGSTAR.md,yes,.md
Relays.md,I - Pleroma Archive/Structure/Science/Technology/Relays/Relays.md,New Readers Start Here/I - Pleroma Archive/Structure/Science/Technology/Relays/Relays.md,yes,.md
Halcyon Null Relay.md,I - Pleroma Archive/Structure/Science/Technology/Relays/Halcyon Null Relay.md,New Readers Start Here/I - Pleroma Archive/Structure/Science/Technology/Relays/Halcyon Null Relay.md,yes,.md
Units_and_Conventions.md,I - Pleroma Archive/Structure/Science/Physics/Methods/Units_and_Conventions.md,New Readers Start Here/I - Pleroma Archive/Structure/Science/Physics/Methods/Units_and_Conventions.md,yes,.md
Axiomatic Interdiction Doctrine.md,I - Pleroma Archive/Structure/Science/Physics/Methods/Axiomatic Interdiction Doctrine.md,New Readers Start Here/I - Pleroma Archive/Structure/Science/Physics/Methods/Axiomatic Interdiction Doctrine.md,yes,.md
Math_and_Methods.md,I - Pleroma Archive/Structure/Science/Physics/Methods/Math_and_Methods.md,New Readers Start Here/I - Pleroma Archive/Structure/Science/Physics/Methods/Math_and_Methods.md,yes,.md
Veil_Cage_Lab_SOP.md,I - Pleroma Archive/Structure/Science/Physics/Methods/Veil_Cage_Lab_SOP.md,New Readers Start Here/I - Pleroma Archive/Structure/Science/Physics/Methods/Veil_Cage_Lab_SOP.md,yes,.md
Symbols_Legend.md,I - Pleroma Archive/Structure/Science/Physics/Methods/Symbols_Legend.md,New Readers Start Here/I - Pleroma Archive/Structure/Science/Physics/Methods/Symbols_Legend.md,yes,.md
Null_Verse_Test_Protocol.md,I - Pleroma Archive/Structure/Science/Physics/Methods/Null_Verse_Test_Protocol.md,New Readers Start Here/I - Pleroma Archive/Structure/Science/Physics/Methods/Null_Verse_Test_Protocol.md,yes,.md
Macro Particles.md,I - Pleroma Archive/Structure/Science/Physics/Particles/Macro Particles.md,New Readers Start Here/I - Pleroma Archive/Structure/Science/Physics/Particles/Macro Particles.md,yes,.md
Nulliton.md,I - Pleroma Archive/Structure/Science/Physics/Particles/Nulliton.md,New Readers Start Here/I - Pleroma Archive/Structure/Science/Physics/Particles/Nulliton.md,yes,.md
Chronon.md,I - Pleroma Archive/Structure/Science/Physics/Particles/Chronon.md,New Readers Start Here/I - Pleroma Archive/Structure/Science/Physics/Particles/Chronon.md,yes,.md
Graviton.md,I - Pleroma Archive/Structure/Science/Physics/Particles/Graviton.md,New Readers Start Here/I - Pleroma Archive/Structure/Science/Physics/Particles/Graviton.md,yes,.md
Luxon Condensate.md,I - Pleroma Archive/Structure/Science/Physics/Particles/Luxon Condensate.md,New Readers Start Here/I - Pleroma Archive/Structure/Science/Physics/Particles/Luxon Condensate.md,yes,.md
Oblivion Particle.md,I - Pleroma Archive/Structure/Science/Physics/Particles/Oblivion Particle.md,New Readers Start Here/I - Pleroma Archive/Structure/Science/Physics/Particles/Oblivion Particle.md,yes,.md
Neutrinonic Plasma.md,I - Pleroma Archive/Structure/Science/Physics/Particles/Neutrinonic Plasma.md,New Readers Start Here/I - Pleroma Archive/Structure/Science/Physics/Particles/Neutrinonic Plasma.md,yes,.md
Myon.md,I - Pleroma Archive/Structure/Science/Physics/Particles/Myon.md,New Readers Start Here/I - Pleroma Archive/Structure/Science/Physics/Particles/Myon.md,yes,.md
Dark Photons.md,I - Pleroma Archive/Structure/Science/Physics/Particles/Dark Photons.md,New Readers Start Here/I - Pleroma Archive/Structure/Science/Physics/Particles/Dark Photons.md,yes,.md
Aetherion.md,I - Pleroma Archive/Structure/Science/Physics/Particles/Aetherion.md,New Readers Start Here/I - Pleroma Archive/Structure/Science/Physics/Particles/Aetherion.md,yes,.md
Particles.md,I - Pleroma Archive/Structure/Science/Physics/Particles/Particles.md,New Readers Start Here/I - Pleroma Archive/Structure/Science/Physics/Particles/Particles.md,yes,.md
Graviphoton.md,I - Pleroma Archive/Structure/Science/Physics/Particles/Graviphoton.md,New Readers Start Here/I - Pleroma Archive/Structure/Science/Physics/Particles/Graviphoton.md,yes,.md
Axion.md,I - Pleroma Archive/Structure/Science/Physics/Particles/Axion.md,New Readers Start Here/I - Pleroma Archive/Structure/Science/Physics/Particles/Axion.md,yes,.md
Singulon.md,I - Pleroma Archive/Structure/Science/Physics/Particles/Singulon.md,New Readers Start Here/I - Pleroma Archive/Structure/Science/Physics/Particles/Singulon.md,yes,.md
Glueball.md,I - Pleroma Archive/Structure/Science/Physics/Particles/Glueball.md,New Readers Start Here/I - Pleroma Archive/Structure/Science/Physics/Particles/Glueball.md,yes,.md
Phaseon.md,I - Pleroma Archive/Structure/Science/Physics/Particles/Phaseon.md,New Readers Start Here/I - Pleroma Archive/Structure/Science/Physics/Particles/Phaseon.md,yes,.md
Chiralon.md,I - Pleroma Archive/Structure/Science/Physics/Particles/Chiralon.md,New Readers Start Here/I - Pleroma Archive/Structure/Science/Physics/Particles/Chiralon.md,yes,.md
Magnetic Monopole.md,I - Pleroma Archive/Structure/Science/Physics/Particles/Magnetic Monopole.md,New Readers Start Here/I - Pleroma Archive/Structure/Science/Physics/Particles/Magnetic Monopole.md,yes,.md
Keptron.md,I - Pleroma Archive/Structure/Science/Physics/Particles/Keptron.md,New Readers Start Here/I - Pleroma Archive/Structure/Science/Physics/Particles/Keptron.md,yes,.md
Gluon Foam Particle.md,I - Pleroma Archive/Structure/Science/Physics/Particles/Gluon Foam Particle.md,New Readers Start Here/I - Pleroma Archive/Structure/Science/Physics/Particles/Gluon Foam Particle.md,yes,.md
Verseon.md,I - Pleroma Archive/Structure/Science/Physics/Particles/Verseon.md,New Readers Start Here/I - Pleroma Archive/Structure/Science/Physics/Particles/Verseon.md,yes,.md
Tachyon.md,I - Pleroma Archive/Structure/Science/Physics/Particles/Tachyon.md,New Readers Start Here/I - Pleroma Archive/Structure/Science/Physics/Particles/Tachyon.md,yes,.md
Sterile Neutrino.md,I - Pleroma Archive/Structure/Science/Physics/Particles/Sterile Neutrino.md,New Readers Start Here/I - Pleroma Archive/Structure/Science/Physics/Particles/Sterile Neutrino.md,yes,.md
Phantomon.md,I - Pleroma Archive/Structure/Science/Physics/Particles/Phantomon.md,New Readers Start Here/I - Pleroma Archive/Structure/Science/Physics/Particles/Phantomon.md,yes,.md
MOT and VFF Reader Integration.md,I - Pleroma Archive/Structure/Science/Physics/MOT/MOT and VFF Reader Integration.md,New Readers Start Here/I - Pleroma Archive/Structure/Science/Physics/MOT/MOT and VFF Reader Integration.md,yes,.md
MOT.md,I - Pleroma Archive/Structure/Science/Physics/MOT/MOT.md,New Readers Start Here/I - Pleroma Archive/Structure/Science/Physics/MOT/MOT.md,yes,.md
MOT-MAT-0311 ΓÇö Aetheric Solid Light (Photonic Manifold Class).md,I - Pleroma Archive/Structure/Science/Physics/MOT/MOT-MAT-0311 ΓÇö Aetheric Solid Light (Photonic Manifold Class).md,New Readers Start Here/I - Pleroma Archive/Structure/Science/Physics/MOT/MOT-MAT-0311 ΓÇö Aetheric Solid Light (Photonic Manifold Class).md,yes,.md
Master_Omniversal_Theory_v1.0_Registry.md,I - Pleroma Archive/Structure/Science/Physics/MOT/Master_Omniversal_Theory_v1.0_Registry.md,New Readers Start Here/I - Pleroma Archive/Structure/Science/Physics/MOT/Master_Omniversal_Theory_v1.0_Registry.md,yes,.md
MOT_Expansion.md,I - Pleroma Archive/Structure/Science/Physics/MOT/MOT_Expansion.md,New Readers Start Here/I - Pleroma Archive/Structure/Science/Physics/MOT/MOT_Expansion.md,yes,.md
MOT_Master_Index.md,I - Pleroma Archive/Structure/Science/Physics/MOT/MOT_Master_Index.md,New Readers Start Here/I - Pleroma Archive/Structure/Science/Physics/MOT/MOT_Master_Index.md,yes,.md
Eternum__MOT__f48c7883.md,I - Pleroma Archive/Structure/Science/Physics/MOT/Eternum.md,New Readers Start Here/I - Pleroma Archive/Structure/Science/Physics/MOT/Eternum.md,yes,.md
MOT_Advanced_Systems.md,I - Pleroma Archive/Structure/Science/Physics/MOT/MOT_Advanced_Systems.md,New Readers Start Here/I - Pleroma Archive/Structure/Science/Physics/MOT/MOT_Advanced_Systems.md,yes,.md
MOT_Mind_Systems.md,I - Pleroma Archive/Structure/Science/Physics/MOT/MOT_Mind_Systems.md,New Readers Start Here/I - Pleroma Archive/Structure/Science/Physics/MOT/MOT_Mind_Systems.md,yes,.md
Eminentem.md,I - Pleroma Archive/Structure/Science/Physics/MOT/Eminentem.md,New Readers Start Here/I - Pleroma Archive/Structure/Science/Physics/MOT/Eminentem.md,yes,.md
MOT_Consciousness.md,I - Pleroma Archive/Structure/Science/Physics/MOT/MOT_Consciousness.md,New Readers Start Here/I - Pleroma Archive/Structure/Science/Physics/MOT/MOT_Consciousness.md,yes,.md
MOT_Metaphysics.md,I - Pleroma Archive/Structure/Science/Physics/MOT/MOT_Metaphysics.md,New Readers Start Here/I - Pleroma Archive/Structure/Science/Physics/MOT/MOT_Metaphysics.md,yes,.md
VFF.md,I - Pleroma Archive/Structure/Science/Physics/VFF/VFF.md,New Readers Start Here/I - Pleroma Archive/Structure/Science/Physics/VFF/VFF.md,yes,.md
Cosmic Phenomenon__Cosmic Phenomenon__49466712.md,I - Pleroma Archive/Structure/Science/Physics/Cosmic Phenomenon/Cosmic Phenomenon.md,New Readers Start Here/I - Pleroma Archive/Structure/Science/Physics/Cosmic Phenomenon/Cosmic Phenomenon.md,yes,.md
Dimensional Fractures.md,I - Pleroma Archive/Structure/Science/Physics/Cosmic Phenomenon/Dimensional Fractures.md,New Readers Start Here/I - Pleroma Archive/Structure/Science/Physics/Cosmic Phenomenon/Dimensional Fractures.md,yes,.md
Breach Points.md,I - Pleroma Archive/Structure/Science/Physics/Cosmic Phenomenon/Breach Points.md,New Readers Start Here/I - Pleroma Archive/Structure/Science/Physics/Cosmic Phenomenon/Breach Points.md,yes,.md
Rebirth Scenarios.md,I - Pleroma Archive/Structure/Science/Physics/Cosmic Phenomenon/Rebirth Scenarios.md,New Readers Start Here/I - Pleroma Archive/Structure/Science/Physics/Cosmic Phenomenon/Rebirth Scenarios.md,yes,.md
CCE.md,I - Pleroma Archive/Structure/Science/Physics/Cosmic Phenomenon/CCE.md,New Readers Start Here/I - Pleroma Archive/Structure/Science/Physics/Cosmic Phenomenon/CCE.md,yes,.md
Eternum__Eternum__0c550d99.md,I - Pleroma Archive/Structure/Science/Physics/Eternum/Eternum.md,New Readers Start Here/I - Pleroma Archive/Structure/Science/Physics/Eternum/Eternum.md,yes,.md
Periodic Tables.md,I - Pleroma Archive/Structure/Science/Physics/Periodic Tables/Periodic Tables.md,New Readers Start Here/I - Pleroma Archive/Structure/Science/Physics/Periodic Tables/Periodic Tables.md,yes,.md
Axion Stars.md,I - Pleroma Archive/Structure/Science/Cosmic Phenomenon/Stars/Axion Stars.md,New Readers Start Here/I - Pleroma Archive/Structure/Science/Cosmic Phenomenon/Stars/Axion Stars.md,yes,.md
Superluminal Matter Stars.md,I - Pleroma Archive/Structure/Science/Cosmic Phenomenon/Stars/Superluminal Matter Stars.md,New Readers Start Here/I - Pleroma Archive/Structure/Science/Cosmic Phenomenon/Stars/Superluminal Matter Stars.md,yes,.md
Eternal Stars.md,I - Pleroma Archive/Structure/Science/Cosmic Phenomenon/Stars/Eternal Stars.md,New Readers Start Here/I - Pleroma Archive/Structure/Science/Cosmic Phenomenon/Stars/Eternal Stars.md,yes,.md
Fuzzy Stars.md,I - Pleroma Archive/Structure/Science/Cosmic Phenomenon/Stars/Fuzzy Stars.md,New Readers Start Here/I - Pleroma Archive/Structure/Science/Cosmic Phenomenon/Stars/Fuzzy Stars.md,yes,.md
Neutrino Stars.md,I - Pleroma Archive/Structure/Science/Cosmic Phenomenon/Stars/Neutrino Stars.md,New Readers Start Here/I - Pleroma Archive/Structure/Science/Cosmic Phenomenon/Stars/Neutrino Stars.md,yes,.md
Baryonic Stars.md,I - Pleroma Archive/Structure/Science/Cosmic Phenomenon/Stars/Baryonic Stars.md,New Readers Start Here/I - Pleroma Archive/Structure/Science/Cosmic Phenomenon/Stars/Baryonic Stars.md,yes,.md
Chameleon Stars.md,I - Pleroma Archive/Structure/Science/Cosmic Phenomenon/Stars/Chameleon Stars.md,New Readers Start Here/I - Pleroma Archive/Structure/Science/Cosmic Phenomenon/Stars/Chameleon Stars.md,yes,.md
Cyclic Stars.md,I - Pleroma Archive/Structure/Science/Cosmic Phenomenon/Stars/Cyclic Stars.md,New Readers Start Here/I - Pleroma Archive/Structure/Science/Cosmic Phenomenon/Stars/Cyclic Stars.md,yes,.md
Quark Stars.md,I - Pleroma Archive/Structure/Science/Cosmic Phenomenon/Stars/Quark Stars.md,New Readers Start Here/I - Pleroma Archive/Structure/Science/Cosmic Phenomenon/Stars/Quark Stars.md,yes,.md
Dark Matter Stars.md,I - Pleroma Archive/Structure/Science/Cosmic Phenomenon/Stars/Dark Matter Stars.md,New Readers Start Here/I - Pleroma Archive/Structure/Science/Cosmic Phenomenon/Stars/Dark Matter Stars.md,yes,.md
Hypernova Stars.md,I - Pleroma Archive/Structure/Science/Cosmic Phenomenon/Stars/Hypernova Stars.md,New Readers Start Here/I - Pleroma Archive/Structure/Science/Cosmic Phenomenon/Stars/Hypernova Stars.md,yes,.md
Iron Stars.md,I - Pleroma Archive/Structure/Science/Cosmic Phenomenon/Stars/Iron Stars.md,New Readers Start Here/I - Pleroma Archive/Structure/Science/Cosmic Phenomenon/Stars/Iron Stars.md,yes,.md
Fractal Stars.md,I - Pleroma Archive/Structure/Science/Cosmic Phenomenon/Stars/Fractal Stars.md,New Readers Start Here/I - Pleroma Archive/Structure/Science/Cosmic Phenomenon/Stars/Fractal Stars.md,yes,.md
Negative Mass Stars.md,I - Pleroma Archive/Structure/Science/Cosmic Phenomenon/Stars/Negative Mass Stars.md,New Readers Start Here/I - Pleroma Archive/Structure/Science/Cosmic Phenomenon/Stars/Negative Mass Stars.md,yes,.md
Supermassive Dark Stars.md,I - Pleroma Archive/Structure/Science/Cosmic Phenomenon/Stars/Supermassive Dark Stars.md,New Readers Start Here/I - Pleroma Archive/Structure/Science/Cosmic Phenomenon/Stars/Supermassive Dark Stars.md,yes,.md
Brown Dwarfs.md,I - Pleroma Archive/Structure/Science/Cosmic Phenomenon/Stars/Brown Dwarfs.md,New Readers Start Here/I - Pleroma Archive/Structure/Science/Cosmic Phenomenon/Stars/Brown Dwarfs.md,yes,.md
Time Stars.md,I - Pleroma Archive/Structure/Science/Cosmic Phenomenon/Stars/Time Stars.md,New Readers Start Here/I - Pleroma Archive/Structure/Science/Cosmic Phenomenon/Stars/Time Stars.md,yes,.md
Supernova remnant Stars.md,I - Pleroma Archive/Structure/Science/Cosmic Phenomenon/Stars/Supernova remnant Stars.md,New Readers Start Here/I - Pleroma Archive/Structure/Science/Cosmic Phenomenon/Stars/Supernova remnant Stars.md,yes,.md
Superfluid Stars.md,I - Pleroma Archive/Structure/Science/Cosmic Phenomenon/Stars/Superfluid Stars.md,New Readers Start Here/I - Pleroma Archive/Structure/Science/Cosmic Phenomenon/Stars/Superfluid Stars.md,yes,.md
Gravitational Stars.md,I - Pleroma Archive/Structure/Science/Cosmic Phenomenon/Stars/Gravitational Stars.md,New Readers Start Here/I - Pleroma Archive/Structure/Science/Cosmic Phenomenon/Stars/Gravitational Stars.md,yes,.md
Wolf-Rayet Stars.md,I - Pleroma Archive/Structure/Science/Cosmic Phenomenon/Stars/Wolf-Rayet Stars.md,New Readers Start Here/I - Pleroma Archive/Structure/Science/Cosmic Phenomenon/Stars/Wolf-Rayet Stars.md,yes,.md
Stars.md,I - Pleroma Archive/Structure/Science/Cosmic Phenomenon/Stars/Stars.md,New Readers Start Here/I - Pleroma Archive/Structure/Science/Cosmic Phenomenon/Stars/Stars.md,yes,.md
White Dwarf.md,I - Pleroma Archive/Structure/Science/Cosmic Phenomenon/Stars/White Dwarf.md,New Readers Start Here/I - Pleroma Archive/Structure/Science/Cosmic Phenomenon/Stars/White Dwarf.md,yes,.md
Population III Stars.md,I - Pleroma Archive/Structure/Science/Cosmic Phenomenon/Stars/Population III Stars.md,New Readers Start Here/I - Pleroma Archive/Structure/Science/Cosmic Phenomenon/Stars/Population III Stars.md,yes,.md
Black Dwarfs.md,I - Pleroma Archive/Structure/Science/Cosmic Phenomenon/Stars/Black Dwarfs.md,New Readers Start Here/I - Pleroma Archive/Structure/Science/Cosmic Phenomenon/Stars/Black Dwarfs.md,yes,.md
Hollow Stars.md,I - Pleroma Archive/Structure/Science/Cosmic Phenomenon/Stars/Hollow Stars.md,New Readers Start Here/I - Pleroma Archive/Structure/Science/Cosmic Phenomenon/Stars/Hollow Stars.md,yes,.md
Tachyon Stars.md,I - Pleroma Archive/Structure/Science/Cosmic Phenomenon/Stars/Tachyon Stars.md,New Readers Start Here/I - Pleroma Archive/Structure/Science/Cosmic Phenomenon/Stars/Tachyon Stars.md,yes,.md
Preon Stars.md,I - Pleroma Archive/Structure/Science/Cosmic Phenomenon/Stars/Preon Stars.md,New Readers Start Here/I - Pleroma Archive/Structure/Science/Cosmic Phenomenon/Stars/Preon Stars.md,yes,.md
Singularity Stars.md,I - Pleroma Archive/Structure/Science/Cosmic Phenomenon/Stars/Singularity Stars.md,New Readers Start Here/I - Pleroma Archive/Structure/Science/Cosmic Phenomenon/Stars/Singularity Stars.md,yes,.md
Quantum Stars.md,I - Pleroma Archive/Structure/Science/Cosmic Phenomenon/Stars/Quantum Stars.md,New Readers Start Here/I - Pleroma Archive/Structure/Science/Cosmic Phenomenon/Stars/Quantum Stars.md,yes,.md
Holographic Stars.md,I - Pleroma Archive/Structure/Science/Cosmic Phenomenon/Stars/Holographic Stars.md,New Readers Start Here/I - Pleroma Archive/Structure/Science/Cosmic Phenomenon/Stars/Holographic Stars.md,yes,.md
Dark Stars.md,I - Pleroma Archive/Structure/Science/Cosmic Phenomenon/Stars/Dark Stars.md,New Readers Start Here/I - Pleroma Archive/Structure/Science/Cosmic Phenomenon/Stars/Dark Stars.md,yes,.md
Frozen Stars.md,I - Pleroma Archive/Structure/Science/Cosmic Phenomenon/Stars/Frozen Stars.md,New Readers Start Here/I - Pleroma Archive/Structure/Science/Cosmic Phenomenon/Stars/Frozen Stars.md,yes,.md
Anisotropic Stars.md,I - Pleroma Archive/Structure/Science/Cosmic Phenomenon/Stars/Anisotropic Stars.md,New Readers Start Here/I - Pleroma Archive/Structure/Science/Cosmic Phenomenon/Stars/Anisotropic Stars.md,yes,.md
Supernova Stars.md,I - Pleroma Archive/Structure/Science/Cosmic Phenomenon/Stars/Supernova Stars.md,New Readers Start Here/I - Pleroma Archive/Structure/Science/Cosmic Phenomenon/Stars/Supernova Stars.md,yes,.md
Sentient Stars.md,I - Pleroma Archive/Structure/Science/Cosmic Phenomenon/Stars/Sentient Stars.md,New Readers Start Here/I - Pleroma Archive/Structure/Science/Cosmic Phenomenon/Stars/Sentient Stars.md,yes,.md
BlitzerΓÇÖs.md,I - Pleroma Archive/Structure/Science/Cosmic Phenomenon/Stars/BlitzerΓÇÖs.md,New Readers Start Here/I - Pleroma Archive/Structure/Science/Cosmic Phenomenon/Stars/BlitzerΓÇÖs.md,yes,.md
Quantum Entangled Stars.md,I - Pleroma Archive/Structure/Science/Cosmic Phenomenon/Stars/Quantum Entangled Stars.md,New Readers Start Here/I - Pleroma Archive/Structure/Science/Cosmic Phenomenon/Stars/Quantum Entangled Stars.md,yes,.md
Dark Energy Stars.md,I - Pleroma Archive/Structure/Science/Cosmic Phenomenon/Stars/Dark Energy Stars.md,New Readers Start Here/I - Pleroma Archive/Structure/Science/Cosmic Phenomenon/Stars/Dark Energy Stars.md,yes,.md
Quantum Gravity Stars.md,I - Pleroma Archive/Structure/Science/Cosmic Phenomenon/Stars/Quantum Gravity Stars.md,New Readers Start Here/I - Pleroma Archive/Structure/Science/Cosmic Phenomenon/Stars/Quantum Gravity Stars.md,yes,.md
Bose-Einstein condensate Stars.md,I - Pleroma Archive/Structure/Science/Cosmic Phenomenon/Stars/Bose-Einstein condensate Stars.md,New Readers Start Here/I - Pleroma Archive/Structure/Science/Cosmic Phenomenon/Stars/Bose-Einstein condensate Stars.md,yes,.md
Strange Stars.md,I - Pleroma Archive/Structure/Science/Cosmic Phenomenon/Stars/Strange Stars.md,New Readers Start Here/I - Pleroma Archive/Structure/Science/Cosmic Phenomenon/Stars/Strange Stars.md,yes,.md
Wormhole Stars.md,I - Pleroma Archive/Structure/Science/Cosmic Phenomenon/Stars/Wormhole Stars.md,New Readers Start Here/I - Pleroma Archive/Structure/Science/Cosmic Phenomenon/Stars/Wormhole Stars.md,yes,.md
Blue Dwarfs.md,I - Pleroma Archive/Structure/Science/Cosmic Phenomenon/Stars/Blue Dwarfs.md,New Readers Start Here/I - Pleroma Archive/Structure/Science/Cosmic Phenomenon/Stars/Blue Dwarfs.md,yes,.md
Black Stars.md,I - Pleroma Archive/Structure/Science/Cosmic Phenomenon/Stars/Black Stars.md,New Readers Start Here/I - Pleroma Archive/Structure/Science/Cosmic Phenomenon/Stars/Black Stars.md,yes,.md
Thorne-Z╠çytkow Object.md,I - Pleroma Archive/Structure/Science/Cosmic Phenomenon/Stars/Thorne-Z╠çytkow Object.md,New Readers Start Here/I - Pleroma Archive/Structure/Science/Cosmic Phenomenon/Stars/Thorne-Z╠çytkow Object.md,yes,.md
Quantum Black Stars.md,I - Pleroma Archive/Structure/Science/Cosmic Phenomenon/Stars/Quantum Black Stars.md,New Readers Start Here/I - Pleroma Archive/Structure/Science/Cosmic Phenomenon/Stars/Quantum Black Stars.md,yes,.md
Hawking Star.md,I - Pleroma Archive/Structure/Science/Cosmic Phenomenon/Stars/Hawking Star.md,New Readers Start Here/I - Pleroma Archive/Structure/Science/Cosmic Phenomenon/Stars/Hawking Star.md,yes,.md
Antimatter Stars.md,I - Pleroma Archive/Structure/Science/Cosmic Phenomenon/Stars/Antimatter Stars.md,New Readers Start Here/I - Pleroma Archive/Structure/Science/Cosmic Phenomenon/Stars/Antimatter Stars.md,yes,.md
Electroweak Stars.md,I - Pleroma Archive/Structure/Science/Cosmic Phenomenon/Stars/Electroweak Stars.md,New Readers Start Here/I - Pleroma Archive/Structure/Science/Cosmic Phenomenon/Stars/Electroweak Stars.md,yes,.md
Self-Replicating Stars.md,I - Pleroma Archive/Structure/Science/Cosmic Phenomenon/Stars/Self-Replicating Stars.md,New Readers Start Here/I - Pleroma Archive/Structure/Science/Cosmic Phenomenon/Stars/Self-Replicating Stars.md,yes,.md
Stars Hub.md,I - Pleroma Archive/Structure/Science/Cosmic Phenomenon/Stars/Stars Hub.md,New Readers Start Here/I - Pleroma Archive/Structure/Science/Cosmic Phenomenon/Stars/Stars Hub.md,yes,.md
Quantum Loop Stars.md,I - Pleroma Archive/Structure/Science/Cosmic Phenomenon/Stars/Quantum Loop Stars.md,New Readers Start Here/I - Pleroma Archive/Structure/Science/Cosmic Phenomenon/Stars/Quantum Loop Stars.md,yes,.md
Binary Stars.md,I - Pleroma Archive/Structure/Science/Cosmic Phenomenon/Stars/Binary Stars.md,New Readers Start Here/I - Pleroma Archive/Structure/Science/Cosmic Phenomenon/Stars/Binary Stars.md,yes,.md
Fusionless Stars.md,I - Pleroma Archive/Structure/Science/Cosmic Phenomenon/Stars/Fusionless Stars.md,New Readers Start Here/I - Pleroma Archive/Structure/Science/Cosmic Phenomenon/Stars/Fusionless Stars.md,yes,.md
Mirror Stars.md,I - Pleroma Archive/Structure/Science/Cosmic Phenomenon/Stars/Mirror Stars.md,New Readers Start Here/I - Pleroma Archive/Structure/Science/Cosmic Phenomenon/Stars/Mirror Stars.md,yes,.md
Fermionic Stars.md,I - Pleroma Archive/Structure/Science/Cosmic Phenomenon/Stars/Fermionic Stars.md,New Readers Start Here/I - Pleroma Archive/Structure/Science/Cosmic Phenomenon/Stars/Fermionic Stars.md,yes,.md
Dimensional Stars.md,I - Pleroma Archive/Structure/Science/Cosmic Phenomenon/Stars/Dimensional Stars.md,New Readers Start Here/I - Pleroma Archive/Structure/Science/Cosmic Phenomenon/Stars/Dimensional Stars.md,yes,.md
Time-Reversed Stars.md,I - Pleroma Archive/Structure/Science/Cosmic Phenomenon/Stars/Time-Reversed Stars.md,New Readers Start Here/I - Pleroma Archive/Structure/Science/Cosmic Phenomenon/Stars/Time-Reversed Stars.md,yes,.md
Phase-Transition Stars.md,I - Pleroma Archive/Structure/Science/Cosmic Phenomenon/Stars/Phase-Transition Stars.md,New Readers Start Here/I - Pleroma Archive/Structure/Science/Cosmic Phenomenon/Stars/Phase-Transition Stars.md,yes,.md
Torus Stars.md,I - Pleroma Archive/Structure/Science/Cosmic Phenomenon/Stars/Torus Stars.md,New Readers Start Here/I - Pleroma Archive/Structure/Science/Cosmic Phenomenon/Stars/Torus Stars.md,yes,.md
Planck Stars.md,I - Pleroma Archive/Structure/Science/Cosmic Phenomenon/Stars/Planck Stars.md,New Readers Start Here/I - Pleroma Archive/Structure/Science/Cosmic Phenomenon/Stars/Planck Stars.md,yes,.md
Gravastars.md,I - Pleroma Archive/Structure/Science/Cosmic Phenomenon/Stars/Gravastars.md,New Readers Start Here/I - Pleroma Archive/Structure/Science/Cosmic Phenomenon/Stars/Gravastars.md,yes,.md
Quantum Foam Stars.md,I - Pleroma Archive/Structure/Science/Cosmic Phenomenon/Stars/Quantum Foam Stars.md,New Readers Start Here/I - Pleroma Archive/Structure/Science/Cosmic Phenomenon/Stars/Quantum Foam Stars.md,yes,.md
Boson Stars.md,I - Pleroma Archive/Structure/Science/Cosmic Phenomenon/Stars/Boson Stars.md,New Readers Start Here/I - Pleroma Archive/Structure/Science/Cosmic Phenomenon/Stars/Boson Stars.md,yes,.md
Quantum Tunneling Stars.md,I - Pleroma Archive/Structure/Science/Cosmic Phenomenon/Stars/Quantum Tunneling Stars.md,New Readers Start Here/I - Pleroma Archive/Structure/Science/Cosmic Phenomenon/Stars/Quantum Tunneling Stars.md,yes,.md
Black Hole Stars.md,I - Pleroma Archive/Structure/Science/Cosmic Phenomenon/Stars/Black Hole Stars.md,New Readers Start Here/I - Pleroma Archive/Structure/Science/Cosmic Phenomenon/Stars/Black Hole Stars.md,yes,.md
Nexus Storm.md,I - Pleroma Archive/Structure/Science/Cosmic Phenomenon/Storms/Nexus Storm.md,New Readers Start Here/I - Pleroma Archive/Structure/Science/Cosmic Phenomenon/Storms/Nexus Storm.md,yes,.md
Stardust Storm.md,I - Pleroma Archive/Structure/Science/Cosmic Phenomenon/Storms/Stardust Storm.md,New Readers Start Here/I - Pleroma Archive/Structure/Science/Cosmic Phenomenon/Storms/Stardust Storm.md,yes,.md
Dark Energy Storms.md,I - Pleroma Archive/Structure/Science/Cosmic Phenomenon/Storms/Dark Energy Storms.md,New Readers Start Here/I - Pleroma Archive/Structure/Science/Cosmic Phenomenon/Storms/Dark Energy Storms.md,yes,.md
Gravitational Storm.md,I - Pleroma Archive/Structure/Science/Cosmic Phenomenon/Storms/Gravitational Storm.md,New Readers Start Here/I - Pleroma Archive/Structure/Science/Cosmic Phenomenon/Storms/Gravitational Storm.md,yes,.md
Strange Matter Fields.md,I - Pleroma Archive/Structure/Science/Cosmic Phenomenon/Storms/Strange Matter Fields.md,New Readers Start Here/I - Pleroma Archive/Structure/Science/Cosmic Phenomenon/Storms/Strange Matter Fields.md,yes,.md
Magnetic Storm.md,I - Pleroma Archive/Structure/Science/Cosmic Phenomenon/Storms/Magnetic Storm.md,New Readers Start Here/I - Pleroma Archive/Structure/Science/Cosmic Phenomenon/Storms/Magnetic Storm.md,yes,.md
Radiant Storm.md,I - Pleroma Archive/Structure/Science/Cosmic Phenomenon/Storms/Radiant Storm.md,New Readers Start Here/I - Pleroma Archive/Structure/Science/Cosmic Phenomenon/Storms/Radiant Storm.md,yes,.md
Particle Storm.md,I - Pleroma Archive/Structure/Science/Cosmic Phenomenon/Storms/Particle Storm.md,New Readers Start Here/I - Pleroma Archive/Structure/Science/Cosmic Phenomenon/Storms/Particle Storm.md,yes,.md
Cosmic Storms.md,I - Pleroma Archive/Structure/Science/Cosmic Phenomenon/Storms/Cosmic Storms.md,New Readers Start Here/I - Pleroma Archive/Structure/Science/Cosmic Phenomenon/Storms/Cosmic Storms.md,yes,.md
Electrical Storm.md,I - Pleroma Archive/Structure/Science/Cosmic Phenomenon/Storms/Electrical Storm.md,New Readers Start Here/I - Pleroma Archive/Structure/Science/Cosmic Phenomenon/Storms/Electrical Storm.md,yes,.md
Paradox Storms.md,I - Pleroma Archive/Structure/Science/Cosmic Phenomenon/Storms/Paradox Storms.md,New Readers Start Here/I - Pleroma Archive/Structure/Science/Cosmic Phenomenon/Storms/Paradox Storms.md,yes,.md
Whiteholes.md,I - Pleroma Archive/Structure/Science/Cosmic Phenomenon/Objects/Whiteholes.md,New Readers Start Here/I - Pleroma Archive/Structure/Science/Cosmic Phenomenon/Objects/Whiteholes.md,yes,.md
Nihility Sphere.md,I - Pleroma Archive/Structure/Science/Cosmic Phenomenon/Objects/Nihility Sphere.md,New Readers Start Here/I - Pleroma Archive/Structure/Science/Cosmic Phenomenon/Objects/Nihility Sphere.md,yes,.md
Baryonic Acoustic Oscillations.md,I - Pleroma Archive/Structure/Science/Cosmic Phenomenon/Objects/Baryonic Acoustic Oscillations.md,New Readers Start Here/I - Pleroma Archive/Structure/Science/Cosmic Phenomenon/Objects/Baryonic Acoustic Oscillations.md,yes,.md
Primordial black holes (PBH).md,I - Pleroma Archive/Structure/Science/Cosmic Phenomenon/Objects/Primordial black holes (PBH).md,New Readers Start Here/I - Pleroma Archive/Structure/Science/Cosmic Phenomenon/Objects/Primordial black holes (PBH).md,yes,.md
Verse Anchors.md,I - Pleroma Archive/Structure/Economy & Infrastructure/Megastructures/5 Verse/Verse Anchors.md,New Readers Start Here/I - Pleroma Archive/Structure/Economy & Infrastructure/Megastructures/5 Verse/Verse Anchors.md,yes,.md
Quantum Brane Lattice Node (QBLN).md,I - Pleroma Archive/Structure/Economy & Infrastructure/Megastructures/5 Verse/Quantum Brane Lattice Node (QBLN).md,New Readers Start Here/I - Pleroma Archive/Structure/Economy & Infrastructure/Megastructures/5 Verse/Quantum Brane Lattice Node (QBLN).md,yes,.md
Void Realms.md,I - Pleroma Archive/Structure/Economy & Infrastructure/Megastructures/5 Verse/Void Realms.md,New Readers Start Here/I - Pleroma Archive/Structure/Economy & Infrastructure/Megastructures/5 Verse/Void Realms.md,yes,.md
Void Cradles.md,I - Pleroma Archive/Structure/Economy & Infrastructure/Megastructures/5 Verse/Void Cradles.md,New Readers Start Here/I - Pleroma Archive/Structure/Economy & Infrastructure/Megastructures/5 Verse/Void Cradles.md,yes,.md
Thermal logistics layer.md,I - Pleroma Archive/Structure/Economy & Infrastructure/Megastructures/5 Verse/Thermal logistics layer.md,New Readers Start Here/I - Pleroma Archive/Structure/Economy & Infrastructure/Megastructures/5 Verse/Thermal logistics layer.md,yes,.md
Wormhole projector.md,I - Pleroma Archive/Structure/Economy & Infrastructure/Megastructures/5 Verse/Wormhole projector.md,New Readers Start Here/I - Pleroma Archive/Structure/Economy & Infrastructure/Megastructures/5 Verse/Wormhole projector.md,yes,.md
Verse Gate.md,I - Pleroma Archive/Structure/Economy & Infrastructure/Megastructures/5 Verse/Verse Gate.md,New Readers Start Here/I - Pleroma Archive/Structure/Economy & Infrastructure/Megastructures/5 Verse/Verse Gate.md,yes,.md
Ultimate Telescope.md,I - Pleroma Archive/Structure/Economy & Infrastructure/Megastructures/5 Verse/Ultimate Telescope.md,New Readers Start Here/I - Pleroma Archive/Structure/Economy & Infrastructure/Megastructures/5 Verse/Ultimate Telescope.md,yes,.md
Spiralverse Array.md,I - Pleroma Archive/Structure/Economy & Infrastructure/Megastructures/5 Verse/Spiralverse Array.md,New Readers Start Here/I - Pleroma Archive/Structure/Economy & Infrastructure/Megastructures/5 Verse/Spiralverse Array.md,yes,.md
Multi-Galactic Observatory.md,I - Pleroma Archive/Structure/Economy & Infrastructure/Megastructures/5 Verse/Multi-Galactic Observatory.md,New Readers Start Here/I - Pleroma Archive/Structure/Economy & Infrastructure/Megastructures/5 Verse/Multi-Galactic Observatory.md,yes,.md
Tipler Oracle.md,I - Pleroma Archive/Structure/Economy & Infrastructure/Megastructures/5 Verse/Tipler Oracle.md,New Readers Start Here/I - Pleroma Archive/Structure/Economy & Infrastructure/Megastructures/5 Verse/Tipler Oracle.md,yes,.md
Vacuum Energy Transduction Array.md,I - Pleroma Archive/Structure/Economy & Infrastructure/Megastructures/5 Verse/Vacuum Energy Transduction Array.md,New Readers Start Here/I - Pleroma Archive/Structure/Economy & Infrastructure/Megastructures/5 Verse/Vacuum Energy Transduction Array.md,yes,.md
Hypercivilization Shells.md,I - Pleroma Archive/Structure/Economy & Infrastructure/Megastructures/5 Verse/Hypercivilization Shells.md,New Readers Start Here/I - Pleroma Archive/Structure/Economy & Infrastructure/Megastructures/5 Verse/Hypercivilization Shells.md,yes,.md
Universal Gateway.md,I - Pleroma Archive/Structure/Economy & Infrastructure/Megastructures/5 Verse/Universal Gateway.md,New Readers Start Here/I - Pleroma Archive/Structure/Economy & Infrastructure/Megastructures/5 Verse/Universal Gateway.md,yes,.md
W-Brain.md,I - Pleroma Archive/Structure/Economy & Infrastructure/Megastructures/5 Verse/W-Brain.md,New Readers Start Here/I - Pleroma Archive/Structure/Economy & Infrastructure/Megastructures/5 Verse/W-Brain.md,yes,.md
Memory Glaciers.md,I - Pleroma Archive/Structure/Economy & Infrastructure/Megastructures/2 Astronomical/Memory Glaciers.md,New Readers Start Here/I - Pleroma Archive/Structure/Economy & Infrastructure/Megastructures/2 Astronomical/Memory Glaciers.md,yes,.md
StarTram.md,I - Pleroma Archive/Structure/Economy & Infrastructure/Megastructures/2 Astronomical/StarTram.md,New Readers Start Here/I - Pleroma Archive/Structure/Economy & Infrastructure/Megastructures/2 Astronomical/StarTram.md,yes,.md
M-Brain.md,I - Pleroma Archive/Structure/Economy & Infrastructure/Megastructures/2 Astronomical/M-Brain.md,New Readers Start Here/I - Pleroma Archive/Structure/Economy & Infrastructure/Megastructures/2 Astronomical/M-Brain.md,yes,.md
Planetcraft.md,I - Pleroma Archive/Structure/Economy & Infrastructure/Megastructures/2 Astronomical/Planetcraft.md,New Readers Start Here/I - Pleroma Archive/Structure/Economy & Infrastructure/Megastructures/2 Astronomical/Planetcraft.md,yes,.md
Lesser Nexus.md,I - Pleroma Archive/Structure/Economy & Infrastructure/Megastructures/2 Astronomical/Lesser Nexus.md,New Readers Start Here/I - Pleroma Archive/Structure/Economy & Infrastructure/Megastructures/2 Astronomical/Lesser Nexus.md,yes,.md
Gravitational-wave beacons.md,I - Pleroma Archive/Structure/Economy & Infrastructure/Megastructures/2 Astronomical/Gravitational-wave beacons.md,New Readers Start Here/I - Pleroma Archive/Structure/Economy & Infrastructure/Megastructures/2 Astronomical/Gravitational-wave beacons.md,yes,.md
Planetary Strip Miners.md,I - Pleroma Archive/Structure/Economy & Infrastructure/Megastructures/2 Astronomical/Planetary Strip Miners.md,New Readers Start Here/I - Pleroma Archive/Structure/Economy & Infrastructure/Megastructures/2 Astronomical/Planetary Strip Miners.md,yes,.md
Rungworld.md,I - Pleroma Archive/Structure/Economy & Infrastructure/Megastructures/2 Astronomical/Rungworld.md,New Readers Start Here/I - Pleroma Archive/Structure/Economy & Infrastructure/Megastructures/2 Astronomical/Rungworld.md,yes,.md
Freesphere.md,I - Pleroma Archive/Structure/Economy & Infrastructure/Megastructures/2 Astronomical/Freesphere.md,New Readers Start Here/I - Pleroma Archive/Structure/Economy & Infrastructure/Megastructures/2 Astronomical/Freesphere.md,yes,.md
Hyper Warp Gates.md,I - Pleroma Archive/Structure/Economy & Infrastructure/Megastructures/2 Astronomical/Hyper Warp Gates.md,New Readers Start Here/I - Pleroma Archive/Structure/Economy & Infrastructure/Megastructures/2 Astronomical/Hyper Warp Gates.md,yes,.md
Planetary Cloning Station.md,I - Pleroma Archive/Structure/Economy & Infrastructure/Megastructures/2 Astronomical/Planetary Cloning Station.md,New Readers Start Here/I - Pleroma Archive/Structure/Economy & Infrastructure/Megastructures/2 Astronomical/Planetary Cloning Station.md,yes,.md
Mooncraft.md,I - Pleroma Archive/Structure/Economy & Infrastructure/Megastructures/2 Astronomical/Mooncraft.md,New Readers Start Here/I - Pleroma Archive/Structure/Economy & Infrastructure/Megastructures/2 Astronomical/Mooncraft.md,yes,.md
Planetary Shipyard.md,I - Pleroma Archive/Structure/Economy & Infrastructure/Megastructures/2 Astronomical/Planetary Shipyard.md,New Readers Start Here/I - Pleroma Archive/Structure/Economy & Infrastructure/Megastructures/2 Astronomical/Planetary Shipyard.md,yes,.md
Planetary Strip Mine.md,I - Pleroma Archive/Structure/Economy & Infrastructure/Megastructures/2 Astronomical/Planetary Strip Mine.md,New Readers Start Here/I - Pleroma Archive/Structure/Economy & Infrastructure/Megastructures/2 Astronomical/Planetary Strip Mine.md,yes,.md
Hyper-Structural Assembly Yard.md,I - Pleroma Archive/Structure/Economy & Infrastructure/Megastructures/2 Astronomical/Hyper-Structural Assembly Yard.md,New Readers Start Here/I - Pleroma Archive/Structure/Economy & Infrastructure/Megastructures/2 Astronomical/Hyper-Structural Assembly Yard.md,yes,.md
Planetary Mega-Sculpting.md,I - Pleroma Archive/Structure/Economy & Infrastructure/Megastructures/2 Astronomical/Planetary Mega-Sculpting.md,New Readers Start Here/I - Pleroma Archive/Structure/Economy & Infrastructure/Megastructures/2 Astronomical/Planetary Mega-Sculpting.md,yes,.md
World Ship__2 Astronomical__6230e2a5.md,I - Pleroma Archive/Structure/Economy & Infrastructure/Megastructures/2 Astronomical/World Ship.md,New Readers Start Here/I - Pleroma Archive/Structure/Economy & Infrastructure/Megastructures/2 Astronomical/World Ship.md,yes,.md
Megastructures Hub.md,I - Pleroma Archive/Structure/Economy & Infrastructure/Megastructures/2 Astronomical/Megastructures Hub.md,New Readers Start Here/I - Pleroma Archive/Structure/Economy & Infrastructure/Megastructures/2 Astronomical/Megastructures Hub.md,yes,.md
Hoopworld.md,I - Pleroma Archive/Structure/Economy & Infrastructure/Megastructures/2 Astronomical/Hoopworld.md,New Readers Start Here/I - Pleroma Archive/Structure/Economy & Infrastructure/Megastructures/2 Astronomical/Hoopworld.md,yes,.md
Frame World.md,I - Pleroma Archive/Structure/Economy & Infrastructure/Megastructures/2 Astronomical/Frame World.md,New Readers Start Here/I - Pleroma Archive/Structure/Economy & Infrastructure/Megastructures/2 Astronomical/Frame World.md,yes,.md
Shellworld Dyson Sphere.md,I - Pleroma Archive/Structure/Economy & Infrastructure/Megastructures/2 Astronomical/Shellworld Dyson Sphere.md,New Readers Start Here/I - Pleroma Archive/Structure/Economy & Infrastructure/Megastructures/2 Astronomical/Shellworld Dyson Sphere.md,yes,.md
Disc Worlds.md,I - Pleroma Archive/Structure/Economy & Infrastructure/Megastructures/2 Astronomical/Disc Worlds.md,New Readers Start Here/I - Pleroma Archive/Structure/Economy & Infrastructure/Megastructures/2 Astronomical/Disc Worlds.md,yes,.md
Shellworld Driveyard.md,I - Pleroma Archive/Structure/Economy & Infrastructure/Megastructures/2 Astronomical/Shellworld Driveyard.md,New Readers Start Here/I - Pleroma Archive/Structure/Economy & Infrastructure/Megastructures/2 Astronomical/Shellworld Driveyard.md,yes,.md
Dark Eternity Vaults.md,I - Pleroma Archive/Structure/Economy & Infrastructure/Megastructures/2 Astronomical/Dark Eternity Vaults.md,New Readers Start Here/I - Pleroma Archive/Structure/Economy & Infrastructure/Megastructures/2 Astronomical/Dark Eternity Vaults.md,yes,.md
Maginot World.md,I - Pleroma Archive/Structure/Economy & Infrastructure/Megastructures/2 Astronomical/Maginot World.md,New Readers Start Here/I - Pleroma Archive/Structure/Economy & Infrastructure/Megastructures/2 Astronomical/Maginot World.md,yes,.md
Dynamic Core Ignitor.md,I - Pleroma Archive/Structure/Economy & Infrastructure/Megastructures/2 Astronomical/Dynamic Core Ignitor.md,New Readers Start Here/I - Pleroma Archive/Structure/Economy & Infrastructure/Megastructures/2 Astronomical/Dynamic Core Ignitor.md,yes,.md
Partial Dyson Ring Swarms.md,I - Pleroma Archive/Structure/Economy & Infrastructure/Megastructures/2 Astronomical/Partial Dyson Ring Swarms.md,New Readers Start Here/I - Pleroma Archive/Structure/Economy & Infrastructure/Megastructures/2 Astronomical/Partial Dyson Ring Swarms.md,yes,.md
Planetary Assembly Station.md,I - Pleroma Archive/Structure/Economy & Infrastructure/Megastructures/2 Astronomical/Planetary Assembly Station.md,New Readers Start Here/I - Pleroma Archive/Structure/Economy & Infrastructure/Megastructures/2 Astronomical/Planetary Assembly Station.md,yes,.md
Shellworld Ringworld.md,I - Pleroma Archive/Structure/Economy & Infrastructure/Megastructures/2 Astronomical/Shellworld Ringworld.md,New Readers Start Here/I - Pleroma Archive/Structure/Economy & Infrastructure/Megastructures/2 Astronomical/Shellworld Ringworld.md,yes,.md
J-Brain.md,I - Pleroma Archive/Structure/Economy & Infrastructure/Megastructures/2 Astronomical/J-Brain.md,New Readers Start Here/I - Pleroma Archive/Structure/Economy & Infrastructure/Megastructures/2 Astronomical/J-Brain.md,yes,.md
Singing Architecture Arrays.md,I - Pleroma Archive/Structure/Economy & Infrastructure/Megastructures/2 Astronomical/Singing Architecture Arrays.md,New Readers Start Here/I - Pleroma Archive/Structure/Economy & Infrastructure/Megastructures/2 Astronomical/Singing Architecture Arrays.md,yes,.md
Planetary Computing Complex.md,I - Pleroma Archive/Structure/Economy & Infrastructure/Megastructures/2 Astronomical/Planetary Computing Complex.md,New Readers Start Here/I - Pleroma Archive/Structure/Economy & Infrastructure/Megastructures/2 Astronomical/Planetary Computing Complex.md,yes,.md
Yggdrasil Orchid Station.md,I - Pleroma Archive/Structure/Economy & Infrastructure/Megastructures/2 Astronomical/Yggdrasil Orchid Station.md,New Readers Start Here/I - Pleroma Archive/Structure/Economy & Infrastructure/Megastructures/2 Astronomical/Yggdrasil Orchid Station.md,yes,.md
Shellworld Dyson Swarm.md,I - Pleroma Archive/Structure/Economy & Infrastructure/Megastructures/2 Astronomical/Shellworld Dyson Swarm.md,New Readers Start Here/I - Pleroma Archive/Structure/Economy & Infrastructure/Megastructures/2 Astronomical/Shellworld Dyson Swarm.md,yes,.md
Lunar Specular Reflector.md,I - Pleroma Archive/Structure/Economy & Infrastructure/Megastructures/2 Astronomical/Lunar Specular Reflector.md,New Readers Start Here/I - Pleroma Archive/Structure/Economy & Infrastructure/Megastructures/2 Astronomical/Lunar Specular Reflector.md,yes,.md
Shellworlds.md,I - Pleroma Archive/Structure/Economy & Infrastructure/Megastructures/2 Astronomical/Shellworlds.md,New Readers Start Here/I - Pleroma Archive/Structure/Economy & Infrastructure/Megastructures/2 Astronomical/Shellworlds.md,yes,.md
Nanite Disassembler.md,I - Pleroma Archive/Structure/Economy & Infrastructure/Megastructures/2 Astronomical/Nanite Disassembler.md,New Readers Start Here/I - Pleroma Archive/Structure/Economy & Infrastructure/Megastructures/2 Astronomical/Nanite Disassembler.md,yes,.md
Ship Recycler.md,I - Pleroma Archive/Structure/Economy & Infrastructure/Megastructures/2 Astronomical/Ship Recycler.md,New Readers Start Here/I - Pleroma Archive/Structure/Economy & Infrastructure/Megastructures/2 Astronomical/Ship Recycler.md,yes,.md
Junk Worlds.md,I - Pleroma Archive/Structure/Economy & Infrastructure/Megastructures/2 Astronomical/Junk Worlds.md,New Readers Start Here/I - Pleroma Archive/Structure/Economy & Infrastructure/Megastructures/2 Astronomical/Junk Worlds.md,yes,.md
Planetary Defense Nexus.md,I - Pleroma Archive/Structure/Economy & Infrastructure/Megastructures/2 Astronomical/Planetary Defense Nexus.md,New Readers Start Here/I - Pleroma Archive/Structure/Economy & Infrastructure/Megastructures/2 Astronomical/Planetary Defense Nexus.md,yes,.md
Ion Cannon Fortification.md,I - Pleroma Archive/Structure/Economy & Infrastructure/Megastructures/2 Astronomical/Ion Cannon Fortification.md,New Readers Start Here/I - Pleroma Archive/Structure/Economy & Infrastructure/Megastructures/2 Astronomical/Ion Cannon Fortification.md,yes,.md
Greater Nexus.md,I - Pleroma Archive/Structure/Economy & Infrastructure/Megastructures/2 Astronomical/Greater Nexus.md,New Readers Start Here/I - Pleroma Archive/Structure/Economy & Infrastructure/Megastructures/2 Astronomical/Greater Nexus.md,yes,.md
G.L.U.E.md,I - Pleroma Archive/Structure/Economy & Infrastructure/Megastructures/2 Astronomical/G.L.U.E.md,New Readers Start Here/I - Pleroma Archive/Structure/Economy & Infrastructure/Megastructures/2 Astronomical/G.L.U.E.md,yes,.md
Terraforming Outpost.md,I - Pleroma Archive/Structure/Economy & Infrastructure/Megastructures/2 Astronomical/Terraforming Outpost.md,New Readers Start Here/I - Pleroma Archive/Structure/Economy & Infrastructure/Megastructures/2 Astronomical/Terraforming Outpost.md,yes,.md
Topopolis.md,I - Pleroma Archive/Structure/Economy & Infrastructure/Megastructures/2 Astronomical/Topopolis.md,New Readers Start Here/I - Pleroma Archive/Structure/Economy & Infrastructure/Megastructures/2 Astronomical/Topopolis.md,yes,.md
Fortress Worlds.md,I - Pleroma Archive/Structure/Economy & Infrastructure/Megastructures/2 Astronomical/Fortress Worlds.md,New Readers Start Here/I - Pleroma Archive/Structure/Economy & Infrastructure/Megastructures/2 Astronomical/Fortress Worlds.md,yes,.md
Warp Gates.md,I - Pleroma Archive/Structure/Economy & Infrastructure/Megastructures/2 Astronomical/Warp Gates.md,New Readers Start Here/I - Pleroma Archive/Structure/Economy & Infrastructure/Megastructures/2 Astronomical/Warp Gates.md,yes,.md
Planetary Security Checkpoint.md,I - Pleroma Archive/Structure/Economy & Infrastructure/Megastructures/2 Astronomical/Planetary Security Checkpoint.md,New Readers Start Here/I - Pleroma Archive/Structure/Economy & Infrastructure/Megastructures/2 Astronomical/Planetary Security Checkpoint.md,yes,.md
Grand Academy.md,I - Pleroma Archive/Structure/Economy & Infrastructure/Megastructures/2 Astronomical/Grand Academy.md,New Readers Start Here/I - Pleroma Archive/Structure/Economy & Infrastructure/Megastructures/2 Astronomical/Grand Academy.md,yes,.md
OΓÇÖNeill Cylinder.md,I - Pleroma Archive/Structure/Economy & Infrastructure/Megastructures/2 Astronomical/OΓÇÖNeill Cylinder.md,New Readers Start Here/I - Pleroma Archive/Structure/Economy & Infrastructure/Megastructures/2 Astronomical/OΓÇÖNeill Cylinder.md,yes,.md
Substellar Compressor.md,I - Pleroma Archive/Structure/Economy & Infrastructure/Megastructures/2 Astronomical/Substellar Compressor.md,New Readers Start Here/I - Pleroma Archive/Structure/Economy & Infrastructure/Megastructures/2 Astronomical/Substellar Compressor.md,yes,.md
Banks Orbitals.md,I - Pleroma Archive/Structure/Economy & Infrastructure/Megastructures/2 Astronomical/Banks Orbitals.md,New Readers Start Here/I - Pleroma Archive/Structure/Economy & Infrastructure/Megastructures/2 Astronomical/Banks Orbitals.md,yes,.md
Planetary Transmutation Orb.md,I - Pleroma Archive/Structure/Economy & Infrastructure/Megastructures/2 Astronomical/Planetary Transmutation Orb.md,New Readers Start Here/I - Pleroma Archive/Structure/Economy & Infrastructure/Megastructures/2 Astronomical/Planetary Transmutation Orb.md,yes,.md
Shield World.md,I - Pleroma Archive/Structure/Economy & Infrastructure/Megastructures/2 Astronomical/Shield World.md,New Readers Start Here/I - Pleroma Archive/Structure/Economy & Infrastructure/Megastructures/2 Astronomical/Shield World.md,yes,.md
Demiurge Forge.md,I - Pleroma Archive/Structure/Economy & Infrastructure/Megastructures/2 Astronomical/Demiurge Forge.md,New Readers Start Here/I - Pleroma Archive/Structure/Economy & Infrastructure/Megastructures/2 Astronomical/Demiurge Forge.md,yes,.md
Stanford Torus.md,I - Pleroma Archive/Structure/Economy & Infrastructure/Megastructures/2 Astronomical/Stanford Torus.md,New Readers Start Here/I - Pleroma Archive/Structure/Economy & Infrastructure/Megastructures/2 Astronomical/Stanford Torus.md,yes,.md
Megastructure tugs.md,I - Pleroma Archive/Structure/Economy & Infrastructure/Megastructures/2 Astronomical/Megastructure tugs.md,New Readers Start Here/I - Pleroma Archive/Structure/Economy & Infrastructure/Megastructures/2 Astronomical/Megastructure tugs.md,yes,.md
Habitat Swarm.md,I - Pleroma Archive/Structure/Economy & Infrastructure/Megastructures/2 Astronomical/Habitat Swarm.md,New Readers Start Here/I - Pleroma Archive/Structure/Economy & Infrastructure/Megastructures/2 Astronomical/Habitat Swarm.md,yes,.md
Quarantine curtain.md,I - Pleroma Archive/Structure/Economy & Infrastructure/Megastructures/2 Astronomical/Quarantine curtain.md,New Readers Start Here/I - Pleroma Archive/Structure/Economy & Infrastructure/Megastructures/2 Astronomical/Quarantine curtain.md,yes,.md
Mega-Engineering Testing Station.md,I - Pleroma Archive/Structure/Economy & Infrastructure/Megastructures/2 Astronomical/Mega-Engineering Testing Station.md,New Readers Start Here/I - Pleroma Archive/Structure/Economy & Infrastructure/Megastructures/2 Astronomical/Mega-Engineering Testing Station.md,yes,.md
Crystal Megabore.md,I - Pleroma Archive/Structure/Economy & Infrastructure/Megastructures/2 Astronomical/Crystal Megabore.md,New Readers Start Here/I - Pleroma Archive/Structure/Economy & Infrastructure/Megastructures/2 Astronomical/Crystal Megabore.md,yes,.md
Fractal Giga Art Installation.md,I - Pleroma Archive/Structure/Economy & Infrastructure/Megastructures/2 Astronomical/Fractal Giga Art Installation.md,New Readers Start Here/I - Pleroma Archive/Structure/Economy & Infrastructure/Megastructures/2 Astronomical/Fractal Giga Art Installation.md,yes,.md
Habitat Bands.md,I - Pleroma Archive/Structure/Economy & Infrastructure/Megastructures/2 Astronomical/Habitat Bands.md,New Readers Start Here/I - Pleroma Archive/Structure/Economy & Infrastructure/Megastructures/2 Astronomical/Habitat Bands.md,yes,.md
Quarantine Veils.md,I - Pleroma Archive/Structure/Economy & Infrastructure/Megastructures/2 Astronomical/Quarantine Veils.md,New Readers Start Here/I - Pleroma Archive/Structure/Economy & Infrastructure/Megastructures/2 Astronomical/Quarantine Veils.md,yes,.md
Forge Worlds.md,I - Pleroma Archive/Structure/Economy & Infrastructure/Megastructures/2 Astronomical/Forge Worlds.md,New Readers Start Here/I - Pleroma Archive/Structure/Economy & Infrastructure/Megastructures/2 Astronomical/Forge Worlds.md,yes,.md
Mega-Constellation Relays.md,I - Pleroma Archive/Structure/Economy & Infrastructure/Megastructures/2 Astronomical/Mega-Constellation Relays.md,New Readers Start Here/I - Pleroma Archive/Structure/Economy & Infrastructure/Megastructures/2 Astronomical/Mega-Constellation Relays.md,yes,.md
Beamed-sail corridors.md,I - Pleroma Archive/Structure/Economy & Infrastructure/Megastructures/2 Astronomical/Beamed-sail corridors.md,New Readers Start Here/I - Pleroma Archive/Structure/Economy & Infrastructure/Megastructures/2 Astronomical/Beamed-sail corridors.md,yes,.md
Edersphere.md,I - Pleroma Archive/Structure/Economy & Infrastructure/Megastructures/2 Astronomical/Edersphere.md,New Readers Start Here/I - Pleroma Archive/Structure/Economy & Infrastructure/Megastructures/2 Astronomical/Edersphere.md,yes,.md
Macroengineering Testing Station.md,I - Pleroma Archive/Structure/Economy & Infrastructure/Megastructures/2 Astronomical/Macroengineering Testing Station.md,New Readers Start Here/I - Pleroma Archive/Structure/Economy & Infrastructure/Megastructures/2 Astronomical/Macroengineering Testing Station.md,yes,.md
Planetary Fortifications.md,I - Pleroma Archive/Structure/Economy & Infrastructure/Megastructures/2 Astronomical/Planetary Fortifications.md,New Readers Start Here/I - Pleroma Archive/Structure/Economy & Infrastructure/Megastructures/2 Astronomical/Planetary Fortifications.md,yes,.md
Jovian Compressor.md,I - Pleroma Archive/Structure/Economy & Infrastructure/Megastructures/2 Astronomical/Jovian Compressor.md,New Readers Start Here/I - Pleroma Archive/Structure/Economy & Infrastructure/Megastructures/2 Astronomical/Jovian Compressor.md,yes,.md
Horizon Arc Gate.md,I - Pleroma Archive/Structure/Economy & Infrastructure/Megastructures/2 Astronomical/Horizon Arc Gate.md,New Readers Start Here/I - Pleroma Archive/Structure/Economy & Infrastructure/Megastructures/2 Astronomical/Horizon Arc Gate.md,yes,.md
World Stations.md,I - Pleroma Archive/Structure/Economy & Infrastructure/Megastructures/2 Astronomical/World Stations.md,New Readers Start Here/I - Pleroma Archive/Structure/Economy & Infrastructure/Megastructures/2 Astronomical/World Stations.md,yes,.md
Matrioshka Brain.md,I - Pleroma Archive/Structure/Economy & Infrastructure/Megastructures/3 Stellar/Matrioshka Brain.md,New Readers Start Here/I - Pleroma Archive/Structure/Economy & Infrastructure/Megastructures/3 Stellar/Matrioshka Brain.md,yes,.md
Interstellar Ringworld.md,I - Pleroma Archive/Structure/Economy & Infrastructure/Megastructures/3 Stellar/Interstellar Ringworld.md,New Readers Start Here/I - Pleroma Archive/Structure/Economy & Infrastructure/Megastructures/3 Stellar/Interstellar Ringworld.md,yes,.md
Stellarite Infuser.md,I - Pleroma Archive/Structure/Economy & Infrastructure/Megastructures/3 Stellar/Stellarite Infuser.md,New Readers Start Here/I - Pleroma Archive/Structure/Economy & Infrastructure/Megastructures/3 Stellar/Stellarite Infuser.md,yes,.md
Kugelblitz Power Plants.md,I - Pleroma Archive/Structure/Economy & Infrastructure/Megastructures/3 Stellar/Kugelblitz Power Plants.md,New Readers Start Here/I - Pleroma Archive/Structure/Economy & Infrastructure/Megastructures/3 Stellar/Kugelblitz Power Plants.md,yes,.md
Gas Giant Compressor.md,I - Pleroma Archive/Structure/Economy & Infrastructure/Megastructures/3 Stellar/Gas Giant Compressor.md,New Readers Start Here/I - Pleroma Archive/Structure/Economy & Infrastructure/Megastructures/3 Stellar/Gas Giant Compressor.md,yes,.md
Neuronium Compressor.md,I - Pleroma Archive/Structure/Economy & Infrastructure/Megastructures/3 Stellar/Neuronium Compressor.md,New Readers Start Here/I - Pleroma Archive/Structure/Economy & Infrastructure/Megastructures/3 Stellar/Neuronium Compressor.md,yes,.md
Solar Collection Station.md,I - Pleroma Archive/Structure/Economy & Infrastructure/Megastructures/3 Stellar/Solar Collection Station.md,New Readers Start Here/I - Pleroma Archive/Structure/Economy & Infrastructure/Megastructures/3 Stellar/Solar Collection Station.md,yes,.md
S-Brain.md,I - Pleroma Archive/Structure/Economy & Infrastructure/Megastructures/3 Stellar/S-Brain.md,New Readers Start Here/I - Pleroma Archive/Structure/Economy & Infrastructure/Megastructures/3 Stellar/S-Brain.md,yes,.md
Hyperquasaric Teraforge.md,I - Pleroma Archive/Structure/Economy & Infrastructure/Megastructures/3 Stellar/Hyperquasaric Teraforge.md,New Readers Start Here/I - Pleroma Archive/Structure/Economy & Infrastructure/Megastructures/3 Stellar/Hyperquasaric Teraforge.md,yes,.md
Stellarite Birch World.md,I - Pleroma Archive/Structure/Economy & Infrastructure/Megastructures/3 Stellar/Stellarite Birch World.md,New Readers Start Here/I - Pleroma Archive/Structure/Economy & Infrastructure/Megastructures/3 Stellar/Stellarite Birch World.md,yes,.md
Shkadov Thrusters.md,I - Pleroma Archive/Structure/Economy & Infrastructure/Megastructures/3 Stellar/Shkadov Thrusters.md,New Readers Start Here/I - Pleroma Archive/Structure/Economy & Infrastructure/Megastructures/3 Stellar/Shkadov Thrusters.md,yes,.md
Fusion Suppressor.md,I - Pleroma Archive/Structure/Economy & Infrastructure/Megastructures/3 Stellar/Fusion Suppressor.md,New Readers Start Here/I - Pleroma Archive/Structure/Economy & Infrastructure/Megastructures/3 Stellar/Fusion Suppressor.md,yes,.md
Stellarite Bottle.md,I - Pleroma Archive/Structure/Economy & Infrastructure/Megastructures/3 Stellar/Stellarite Bottle.md,New Readers Start Here/I - Pleroma Archive/Structure/Economy & Infrastructure/Megastructures/3 Stellar/Stellarite Bottle.md,yes,.md
Star-Eaters.md,I - Pleroma Archive/Structure/Economy & Infrastructure/Megastructures/3 Stellar/Star-Eaters.md,New Readers Start Here/I - Pleroma Archive/Structure/Economy & Infrastructure/Megastructures/3 Stellar/Star-Eaters.md,yes,.md
Star Lifters.md,I - Pleroma Archive/Structure/Economy & Infrastructure/Megastructures/3 Stellar/Star Lifters.md,New Readers Start Here/I - Pleroma Archive/Structure/Economy & Infrastructure/Megastructures/3 Stellar/Star Lifters.md,yes,.md
Globus Cassus.md,I - Pleroma Archive/Structure/Economy & Infrastructure/Megastructures/3 Stellar/Globus Cassus.md,New Readers Start Here/I - Pleroma Archive/Structure/Economy & Infrastructure/Megastructures/3 Stellar/Globus Cassus.md,yes,.md
Forge Star.md,I - Pleroma Archive/Structure/Economy & Infrastructure/Megastructures/3 Stellar/Forge Star.md,New Readers Start Here/I - Pleroma Archive/Structure/Economy & Infrastructure/Megastructures/3 Stellar/Forge Star.md,yes,.md
Stellar Mirrors.md,I - Pleroma Archive/Structure/Economy & Infrastructure/Megastructures/3 Stellar/Stellar Mirrors.md,New Readers Start Here/I - Pleroma Archive/Structure/Economy & Infrastructure/Megastructures/3 Stellar/Stellar Mirrors.md,yes,.md
Hyperquasaric Megashipyard.md,I - Pleroma Archive/Structure/Economy & Infrastructure/Megastructures/3 Stellar/Hyperquasaric Megashipyard.md,New Readers Start Here/I - Pleroma Archive/Structure/Economy & Infrastructure/Megastructures/3 Stellar/Hyperquasaric Megashipyard.md,yes,.md
Hyper Simulator.md,I - Pleroma Archive/Structure/Economy & Infrastructure/Megastructures/3 Stellar/Hyper Simulator.md,New Readers Start Here/I - Pleroma Archive/Structure/Economy & Infrastructure/Megastructures/3 Stellar/Hyper Simulator.md,yes,.md
Alderson Disks.md,I - Pleroma Archive/Structure/Economy & Infrastructure/Megastructures/3 Stellar/Alderson Disks.md,New Readers Start Here/I - Pleroma Archive/Structure/Economy & Infrastructure/Megastructures/3 Stellar/Alderson Disks.md,yes,.md
Hyperquasaric Craft.md,I - Pleroma Archive/Structure/Economy & Infrastructure/Megastructures/3 Stellar/Hyperquasaric Craft.md,New Readers Start Here/I - Pleroma Archive/Structure/Economy & Infrastructure/Megastructures/3 Stellar/Hyperquasaric Craft.md,yes,.md
Alderson Freesphere.md,I - Pleroma Archive/Structure/Economy & Infrastructure/Megastructures/3 Stellar/Alderson Freesphere.md,New Readers Start Here/I - Pleroma Archive/Structure/Economy & Infrastructure/Megastructures/3 Stellar/Alderson Freesphere.md,yes,.md
Solar System Disintegrator.md,I - Pleroma Archive/Structure/Economy & Infrastructure/Megastructures/3 Stellar/Solar System Disintegrator.md,New Readers Start Here/I - Pleroma Archive/Structure/Economy & Infrastructure/Megastructures/3 Stellar/Solar System Disintegrator.md,yes,.md
Halo-Drive Installations.md,I - Pleroma Archive/Structure/Economy & Infrastructure/Megastructures/3 Stellar/Halo-Drive Installations.md,New Readers Start Here/I - Pleroma Archive/Structure/Economy & Infrastructure/Megastructures/3 Stellar/Halo-Drive Installations.md,yes,.md
Birch Worlds.md,I - Pleroma Archive/Structure/Economy & Infrastructure/Megastructures/3 Stellar/Birch Worlds.md,New Readers Start Here/I - Pleroma Archive/Structure/Economy & Infrastructure/Megastructures/3 Stellar/Birch Worlds.md,yes,.md
Space Fountains.md,I - Pleroma Archive/Structure/Economy & Infrastructure/Megastructures/3 Stellar/Space Fountains.md,New Readers Start Here/I - Pleroma Archive/Structure/Economy & Infrastructure/Megastructures/3 Stellar/Space Fountains.md,yes,.md
Stellar Particle Accelerator.md,I - Pleroma Archive/Structure/Economy & Infrastructure/Megastructures/3 Stellar/Stellar Particle Accelerator.md,New Readers Start Here/I - Pleroma Archive/Structure/Economy & Infrastructure/Megastructures/3 Stellar/Stellar Particle Accelerator.md,yes,.md
Stellar Hoop Plasma Ring Habitat.md,I - Pleroma Archive/Structure/Economy & Infrastructure/Megastructures/3 Stellar/Stellar Hoop Plasma Ring Habitat.md,New Readers Start Here/I - Pleroma Archive/Structure/Economy & Infrastructure/Megastructures/3 Stellar/Stellar Hoop Plasma Ring Habitat.md,yes,.md
Spatial Conduits.md,I - Pleroma Archive/Structure/Economy & Infrastructure/Megastructures/3 Stellar/Spatial Conduits.md,New Readers Start Here/I - Pleroma Archive/Structure/Economy & Infrastructure/Megastructures/3 Stellar/Spatial Conduits.md,yes,.md
Systemcraft.md,I - Pleroma Archive/Structure/Economy & Infrastructure/Megastructures/3 Stellar/Systemcraft.md,New Readers Start Here/I - Pleroma Archive/Structure/Economy & Infrastructure/Megastructures/3 Stellar/Systemcraft.md,yes,.md
Stellar Mass Extraction Array.md,I - Pleroma Archive/Structure/Economy & Infrastructure/Megastructures/3 Stellar/Stellar Mass Extraction Array.md,New Readers Start Here/I - Pleroma Archive/Structure/Economy & Infrastructure/Megastructures/3 Stellar/Stellar Mass Extraction Array.md,yes,.md
Interstellar System (Fusion Candle).md,I - Pleroma Archive/Structure/Economy & Infrastructure/Megastructures/3 Stellar/Interstellar System (Fusion Candle).md,New Readers Start Here/I - Pleroma Archive/Structure/Economy & Infrastructure/Megastructures/3 Stellar/Interstellar System (Fusion Candle).md,yes,.md
I.S.O.md,I - Pleroma Archive/Structure/Economy & Infrastructure/Megastructures/3 Stellar/I.S.O.md,New Readers Start Here/I - Pleroma Archive/Structure/Economy & Infrastructure/Megastructures/3 Stellar/I.S.O.md,yes,.md
Stellar Scale Stellarite Harvester.md,I - Pleroma Archive/Structure/Economy & Infrastructure/Megastructures/3 Stellar/Stellar Scale Stellarite Harvester.md,New Readers Start Here/I - Pleroma Archive/Structure/Economy & Infrastructure/Megastructures/3 Stellar/Stellar Scale Stellarite Harvester.md,yes,.md
Matrioshka Hypernode.md,I - Pleroma Archive/Structure/Economy & Infrastructure/Megastructures/3 Stellar/Matrioshka Hypernode.md,New Readers Start Here/I - Pleroma Archive/Structure/Economy & Infrastructure/Megastructures/3 Stellar/Matrioshka Hypernode.md,yes,.md
Stellar Cornucopia.md,I - Pleroma Archive/Structure/Economy & Infrastructure/Megastructures/3 Stellar/Stellar Cornucopia.md,New Readers Start Here/I - Pleroma Archive/Structure/Economy & Infrastructure/Megastructures/3 Stellar/Stellar Cornucopia.md,yes,.md
Caplan Stellar Engine.md,I - Pleroma Archive/Structure/Economy & Infrastructure/Megastructures/3 Stellar/Caplan Stellar Engine.md,New Readers Start Here/I - Pleroma Archive/Structure/Economy & Infrastructure/Megastructures/3 Stellar/Caplan Stellar Engine.md,yes,.md
The StarForge.md,I - Pleroma Archive/Structure/Economy & Infrastructure/Megastructures/3 Stellar/The StarForge.md,New Readers Start Here/I - Pleroma Archive/Structure/Economy & Infrastructure/Megastructures/3 Stellar/The StarForge.md,yes,.md
Gravitational-wave resonators.md,I - Pleroma Archive/Structure/Economy & Infrastructure/Megastructures/3 Stellar/Gravitational-wave resonators.md,New Readers Start Here/I - Pleroma Archive/Structure/Economy & Infrastructure/Megastructures/3 Stellar/Gravitational-wave resonators.md,yes,.md
Quantum Catapult.md,I - Pleroma Archive/Structure/Economy & Infrastructure/Megastructures/3 Stellar/Quantum Catapult.md,New Readers Start Here/I - Pleroma Archive/Structure/Economy & Infrastructure/Megastructures/3 Stellar/Quantum Catapult.md,yes,.md
Nicole Dyson Beam.md,I - Pleroma Archive/Structure/Economy & Infrastructure/Megastructures/3 Stellar/Nicole Dyson Beam.md,New Readers Start Here/I - Pleroma Archive/Structure/Economy & Infrastructure/Megastructures/3 Stellar/Nicole Dyson Beam.md,yes,.md
Penrose Sphere.md,I - Pleroma Archive/Structure/Economy & Infrastructure/Megastructures/3 Stellar/Penrose Sphere.md,New Readers Start Here/I - Pleroma Archive/Structure/Economy & Infrastructure/Megastructures/3 Stellar/Penrose Sphere.md,yes,.md
Fusion-Wind Steller Engine.md,I - Pleroma Archive/Structure/Economy & Infrastructure/Megastructures/3 Stellar/Fusion-Wind Steller Engine.md,New Readers Start Here/I - Pleroma Archive/Structure/Economy & Infrastructure/Megastructures/3 Stellar/Fusion-Wind Steller Engine.md,yes,.md
Dyson Sphere.md,I - Pleroma Archive/Structure/Economy & Infrastructure/Megastructures/3 Stellar/Dyson Sphere.md,New Readers Start Here/I - Pleroma Archive/Structure/Economy & Infrastructure/Megastructures/3 Stellar/Dyson Sphere.md,yes,.md
Dyson Fortress.md,I - Pleroma Archive/Structure/Economy & Infrastructure/Megastructures/3 Stellar/Dyson Fortress.md,New Readers Start Here/I - Pleroma Archive/Structure/Economy & Infrastructure/Megastructures/3 Stellar/Dyson Fortress.md,yes,.md
Starlifting Arrays.md,I - Pleroma Archive/Structure/Economy & Infrastructure/Megastructures/3 Stellar/Starlifting Arrays.md,New Readers Start Here/I - Pleroma Archive/Structure/Economy & Infrastructure/Megastructures/3 Stellar/Starlifting Arrays.md,yes,.md
Gas Giant Lifter.md,I - Pleroma Archive/Structure/Economy & Infrastructure/Megastructures/3 Stellar/Gas Giant Lifter.md,New Readers Start Here/I - Pleroma Archive/Structure/Economy & Infrastructure/Megastructures/3 Stellar/Gas Giant Lifter.md,yes,.md
Niven Ring.md,I - Pleroma Archive/Structure/Economy & Infrastructure/Megastructures/3 Stellar/Niven Ring.md,New Readers Start Here/I - Pleroma Archive/Structure/Economy & Infrastructure/Megastructures/3 Stellar/Niven Ring.md,yes,.md
Dyson Freesphere.md,I - Pleroma Archive/Structure/Economy & Infrastructure/Megastructures/3 Stellar/Dyson Freesphere.md,New Readers Start Here/I - Pleroma Archive/Structure/Economy & Infrastructure/Megastructures/3 Stellar/Dyson Freesphere.md,yes,.md
AΓÇÖME-RIG╬⌐ Node.md,I - Pleroma Archive/Structure/Economy & Infrastructure/Megastructures/3 Stellar/AΓÇÖME-RIG╬⌐ Node.md,New Readers Start Here/I - Pleroma Archive/Structure/Economy & Infrastructure/Megastructures/3 Stellar/AΓÇÖME-RIG╬⌐ Node.md,yes,.md
Neutronium Gigaforge.md,I - Pleroma Archive/Structure/Economy & Infrastructure/Megastructures/3 Stellar/Neutronium Gigaforge.md,New Readers Start Here/I - Pleroma Archive/Structure/Economy & Infrastructure/Megastructures/3 Stellar/Neutronium Gigaforge.md,yes,.md
Interstellar Habitat.md,I - Pleroma Archive/Structure/Economy & Infrastructure/Megastructures/3 Stellar/Interstellar Habitat.md,New Readers Start Here/I - Pleroma Archive/Structure/Economy & Infrastructure/Megastructures/3 Stellar/Interstellar Habitat.md,yes,.md
Ancestor Simulation.md,I - Pleroma Archive/Structure/Economy & Infrastructure/Megastructures/3 Stellar/Ancestor Simulation.md,New Readers Start Here/I - Pleroma Archive/Structure/Economy & Infrastructure/Megastructures/3 Stellar/Ancestor Simulation.md,yes,.md
Systemcraft Assembler.md,I - Pleroma Archive/Structure/Economy & Infrastructure/Megastructures/3 Stellar/Systemcraft Assembler.md,New Readers Start Here/I - Pleroma Archive/Structure/Economy & Infrastructure/Megastructures/3 Stellar/Systemcraft Assembler.md,yes,.md
Celestial Printer.md,I - Pleroma Archive/Structure/Economy & Infrastructure/Megastructures/3 Stellar/Celestial Printer.md,New Readers Start Here/I - Pleroma Archive/Structure/Economy & Infrastructure/Megastructures/3 Stellar/Celestial Printer.md,yes,.md
Nested Dyson Swarms.md,I - Pleroma Archive/Structure/Economy & Infrastructure/Megastructures/3 Stellar/Nested Dyson Swarms.md,New Readers Start Here/I - Pleroma Archive/Structure/Economy & Infrastructure/Megastructures/3 Stellar/Nested Dyson Swarms.md,yes,.md
Ringworlds.md,I - Pleroma Archive/Structure/Economy & Infrastructure/Megastructures/3 Stellar/Ringworlds.md,New Readers Start Here/I - Pleroma Archive/Structure/Economy & Infrastructure/Megastructures/3 Stellar/Ringworlds.md,yes,.md
Orbital Chemical Plant.md,I - Pleroma Archive/Structure/Economy & Infrastructure/Megastructures/1 Planetary/Orbital Chemical Plant.md,New Readers Start Here/I - Pleroma Archive/Structure/Economy & Infrastructure/Megastructures/1 Planetary/Orbital Chemical Plant.md,yes,.md
Atlas Pillars.md,I - Pleroma Archive/Structure/Economy & Infrastructure/Megastructures/1 Planetary/Atlas Pillars.md,New Readers Start Here/I - Pleroma Archive/Structure/Economy & Infrastructure/Megastructures/1 Planetary/Atlas Pillars.md,yes,.md
Covenant Rings (Treaty Habitats).md,I - Pleroma Archive/Structure/Economy & Infrastructure/Megastructures/1 Planetary/Covenant Rings (Treaty Habitats).md,New Readers Start Here/I - Pleroma Archive/Structure/Economy & Infrastructure/Megastructures/1 Planetary/Covenant Rings (Treaty Habitats).md,yes,.md
Autic Nanite Synthesis Node.md,I - Pleroma Archive/Structure/Economy & Infrastructure/Megastructures/1 Planetary/Autic Nanite Synthesis Node.md,New Readers Start Here/I - Pleroma Archive/Structure/Economy & Infrastructure/Megastructures/1 Planetary/Autic Nanite Synthesis Node.md,yes,.md
Ark Stations.md,I - Pleroma Archive/Structure/Economy & Infrastructure/Megastructures/1 Planetary/Ark Stations.md,New Readers Start Here/I - Pleroma Archive/Structure/Economy & Infrastructure/Megastructures/1 Planetary/Ark Stations.md,yes,.md
Stratosphere Network.md,I - Pleroma Archive/Structure/Economy & Infrastructure/Megastructures/1 Planetary/Stratosphere Network.md,New Readers Start Here/I - Pleroma Archive/Structure/Economy & Infrastructure/Megastructures/1 Planetary/Stratosphere Network.md,yes,.md
Mantle Pistons.md,I - Pleroma Archive/Structure/Economy & Infrastructure/Megastructures/1 Planetary/Mantle Pistons.md,New Readers Start Here/I - Pleroma Archive/Structure/Economy & Infrastructure/Megastructures/1 Planetary/Mantle Pistons.md,yes,.md
Orbital Foundry.md,I - Pleroma Archive/Structure/Economy & Infrastructure/Megastructures/1 Planetary/Orbital Foundry.md,New Readers Start Here/I - Pleroma Archive/Structure/Economy & Infrastructure/Megastructures/1 Planetary/Orbital Foundry.md,yes,.md
Sky Trenches.md,I - Pleroma Archive/Structure/Economy & Infrastructure/Megastructures/1 Planetary/Sky Trenches.md,New Readers Start Here/I - Pleroma Archive/Structure/Economy & Infrastructure/Megastructures/1 Planetary/Sky Trenches.md,yes,.md
Clarke Orbit Cities.md,I - Pleroma Archive/Structure/Economy & Infrastructure/Megastructures/1 Planetary/Clarke Orbit Cities.md,New Readers Start Here/I - Pleroma Archive/Structure/Economy & Infrastructure/Megastructures/1 Planetary/Clarke Orbit Cities.md,yes,.md
Asteroid Manufactory.md,I - Pleroma Archive/Structure/Economy & Infrastructure/Megastructures/1 Planetary/Asteroid Manufactory.md,New Readers Start Here/I - Pleroma Archive/Structure/Economy & Infrastructure/Megastructures/1 Planetary/Asteroid Manufactory.md,yes,.md
Equatorial Shipyard.md,I - Pleroma Archive/Structure/Economy & Infrastructure/Megastructures/1 Planetary/Equatorial Shipyard.md,New Readers Start Here/I - Pleroma Archive/Structure/Economy & Infrastructure/Megastructures/1 Planetary/Equatorial Shipyard.md,yes,.md
S.U.C.C.md,I - Pleroma Archive/Structure/Economy & Infrastructure/Megastructures/1 Planetary/S.U.C.C.md,New Readers Start Here/I - Pleroma Archive/Structure/Economy & Infrastructure/Megastructures/1 Planetary/S.U.C.C.md,yes,.md
Behemoth Assembly Plant.md,I - Pleroma Archive/Structure/Economy & Infrastructure/Megastructures/1 Planetary/Behemoth Assembly Plant.md,New Readers Start Here/I - Pleroma Archive/Structure/Economy & Infrastructure/Megastructures/1 Planetary/Behemoth Assembly Plant.md,yes,.md
Orbital Fortress Chains.md,I - Pleroma Archive/Structure/Economy & Infrastructure/Megastructures/1 Planetary/Orbital Fortress Chains.md,New Readers Start Here/I - Pleroma Archive/Structure/Economy & Infrastructure/Megastructures/1 Planetary/Orbital Fortress Chains.md,yes,.md
Worldhouses.md,I - Pleroma Archive/Structure/Economy & Infrastructure/Megastructures/1 Planetary/Worldhouses.md,New Readers Start Here/I - Pleroma Archive/Structure/Economy & Infrastructure/Megastructures/1 Planetary/Worldhouses.md,yes,.md
Orbital Core Drill.md,I - Pleroma Archive/Structure/Economy & Infrastructure/Megastructures/1 Planetary/Orbital Core Drill.md,New Readers Start Here/I - Pleroma Archive/Structure/Economy & Infrastructure/Megastructures/1 Planetary/Orbital Core Drill.md,yes,.md
Atmospheric Purifier.md,I - Pleroma Archive/Structure/Economy & Infrastructure/Megastructures/1 Planetary/Atmospheric Purifier.md,New Readers Start Here/I - Pleroma Archive/Structure/Economy & Infrastructure/Megastructures/1 Planetary/Atmospheric Purifier.md,yes,.md
Macro-Atmospheric Stabilizer.md,I - Pleroma Archive/Structure/Economy & Infrastructure/Megastructures/1 Planetary/Macro-Atmospheric Stabilizer.md,New Readers Start Here/I - Pleroma Archive/Structure/Economy & Infrastructure/Megastructures/1 Planetary/Macro-Atmospheric Stabilizer.md,yes,.md
Under Cities.md,I - Pleroma Archive/Structure/Economy & Infrastructure/Megastructures/1 Planetary/Under Cities.md,New Readers Start Here/I - Pleroma Archive/Structure/Economy & Infrastructure/Megastructures/1 Planetary/Under Cities.md,yes,.md
Orbital Research Station.md,I - Pleroma Archive/Structure/Economy & Infrastructure/Megastructures/1 Planetary/Orbital Research Station.md,New Readers Start Here/I - Pleroma Archive/Structure/Economy & Infrastructure/Megastructures/1 Planetary/Orbital Research Station.md,yes,.md
Orbital Plate.md,I - Pleroma Archive/Structure/Economy & Infrastructure/Megastructures/1 Planetary/Orbital Plate.md,New Readers Start Here/I - Pleroma Archive/Structure/Economy & Infrastructure/Megastructures/1 Planetary/Orbital Plate.md,yes,.md
Skyhook.md,I - Pleroma Archive/Structure/Economy & Infrastructure/Megastructures/1 Planetary/Skyhook.md,New Readers Start Here/I - Pleroma Archive/Structure/Economy & Infrastructure/Megastructures/1 Planetary/Skyhook.md,yes,.md
Orbital Ring.md,I - Pleroma Archive/Structure/Economy & Infrastructure/Megastructures/1 Planetary/Orbital Ring.md,New Readers Start Here/I - Pleroma Archive/Structure/Economy & Infrastructure/Megastructures/1 Planetary/Orbital Ring.md,yes,.md
Mega Train.md,I - Pleroma Archive/Structure/Economy & Infrastructure/Megastructures/1 Planetary/Mega Train.md,New Readers Start Here/I - Pleroma Archive/Structure/Economy & Infrastructure/Megastructures/1 Planetary/Mega Train.md,yes,.md
Space Fountain.md,I - Pleroma Archive/Structure/Economy & Infrastructure/Megastructures/1 Planetary/Space Fountain.md,New Readers Start Here/I - Pleroma Archive/Structure/Economy & Infrastructure/Megastructures/1 Planetary/Space Fountain.md,yes,.md
Beamed-sail commerce lanes.md,I - Pleroma Archive/Structure/Economy & Infrastructure/Megastructures/1 Planetary/Beamed-sail commerce lanes.md,New Readers Start Here/I - Pleroma Archive/Structure/Economy & Infrastructure/Megastructures/1 Planetary/Beamed-sail commerce lanes.md,yes,.md
deep-cryo radiator worlds.md,I - Pleroma Archive/Structure/Economy & Infrastructure/Megastructures/1 Planetary/deep-cryo radiator worlds.md,New Readers Start Here/I - Pleroma Archive/Structure/Economy & Infrastructure/Megastructures/1 Planetary/deep-cryo radiator worlds.md,yes,.md
Halo Habs.md,I - Pleroma Archive/Structure/Economy & Infrastructure/Megastructures/1 Planetary/Halo Habs.md,New Readers Start Here/I - Pleroma Archive/Structure/Economy & Infrastructure/Megastructures/1 Planetary/Halo Habs.md,yes,.md
World Ship__1 Planetary__e92ba6f3.md,I - Pleroma Archive/Structure/Economy & Infrastructure/Megastructures/1 Planetary/World Ship.md,New Readers Start Here/I - Pleroma Archive/Structure/Economy & Infrastructure/Megastructures/1 Planetary/World Ship.md,yes,.md
Experimentation Complex.md,I - Pleroma Archive/Structure/Economy & Infrastructure/Megastructures/1 Planetary/Experimentation Complex.md,New Readers Start Here/I - Pleroma Archive/Structure/Economy & Infrastructure/Megastructures/1 Planetary/Experimentation Complex.md,yes,.md
Deep Well Industrial Zones.md,I - Pleroma Archive/Structure/Economy & Infrastructure/Megastructures/1 Planetary/Deep Well Industrial Zones.md,New Readers Start Here/I - Pleroma Archive/Structure/Economy & Infrastructure/Megastructures/1 Planetary/Deep Well Industrial Zones.md,yes,.md
Orbital Drydock.md,I - Pleroma Archive/Structure/Economy & Infrastructure/Megastructures/1 Planetary/Orbital Drydock.md,New Readers Start Here/I - Pleroma Archive/Structure/Economy & Infrastructure/Megastructures/1 Planetary/Orbital Drydock.md,yes,.md
Archeology Center.md,I - Pleroma Archive/Structure/Economy & Infrastructure/Megastructures/1 Planetary/Archeology Center.md,New Readers Start Here/I - Pleroma Archive/Structure/Economy & Infrastructure/Megastructures/1 Planetary/Archeology Center.md,yes,.md
Star Shades.md,I - Pleroma Archive/Structure/Economy & Infrastructure/Megastructures/1 Planetary/Star Shades.md,New Readers Start Here/I - Pleroma Archive/Structure/Economy & Infrastructure/Megastructures/1 Planetary/Star Shades.md,yes,.md
Gas Giant Shellworld.md,I - Pleroma Archive/Structure/Economy & Infrastructure/Megastructures/1 Planetary/Gas Giant Shellworld.md,New Readers Start Here/I - Pleroma Archive/Structure/Economy & Infrastructure/Megastructures/1 Planetary/Gas Giant Shellworld.md,yes,.md
Beam Powered Highways.md,I - Pleroma Archive/Structure/Economy & Infrastructure/Megastructures/1 Planetary/Beam Powered Highways.md,New Readers Start Here/I - Pleroma Archive/Structure/Economy & Infrastructure/Megastructures/1 Planetary/Beam Powered Highways.md,yes,.md
Yggdrasil Orchid.md,I - Pleroma Archive/Structure/Economy & Infrastructure/Megastructures/1 Planetary/Yggdrasil Orchid.md,New Readers Start Here/I - Pleroma Archive/Structure/Economy & Infrastructure/Megastructures/1 Planetary/Yggdrasil Orchid.md,yes,.md
Stratos-Cylinder Network (SCN).md,I - Pleroma Archive/Structure/Economy & Infrastructure/Megastructures/1 Planetary/Stratos-Cylinder Network (SCN).md,New Readers Start Here/I - Pleroma Archive/Structure/Economy & Infrastructure/Megastructures/1 Planetary/Stratos-Cylinder Network (SCN).md,yes,.md
Asteroid Ore Processor.md,I - Pleroma Archive/Structure/Economy & Infrastructure/Megastructures/1 Planetary/Asteroid Ore Processor.md,New Readers Start Here/I - Pleroma Archive/Structure/Economy & Infrastructure/Megastructures/1 Planetary/Asteroid Ore Processor.md,yes,.md
Orbital Elysium.md,I - Pleroma Archive/Structure/Economy & Infrastructure/Megastructures/1 Planetary/Orbital Elysium.md,New Readers Start Here/I - Pleroma Archive/Structure/Economy & Infrastructure/Megastructures/1 Planetary/Orbital Elysium.md,yes,.md
Deep-Well Geo-Taps.md,I - Pleroma Archive/Structure/Economy & Infrastructure/Megastructures/1 Planetary/Deep-Well Geo-Taps.md,New Readers Start Here/I - Pleroma Archive/Structure/Economy & Infrastructure/Megastructures/1 Planetary/Deep-Well Geo-Taps.md,yes,.md
A-Brain.md,I - Pleroma Archive/Structure/Economy & Infrastructure/Megastructures/1 Planetary/A-Brain.md,New Readers Start Here/I - Pleroma Archive/Structure/Economy & Infrastructure/Megastructures/1 Planetary/A-Brain.md,yes,.md
Orbital Shell.md,I - Pleroma Archive/Structure/Economy & Infrastructure/Megastructures/1 Planetary/Orbital Shell.md,New Readers Start Here/I - Pleroma Archive/Structure/Economy & Infrastructure/Megastructures/1 Planetary/Orbital Shell.md,yes,.md
Launch Loops (Lofstrom Loops).md,I - Pleroma Archive/Structure/Economy & Infrastructure/Megastructures/1 Planetary/Launch Loops (Lofstrom Loops).md,New Readers Start Here/I - Pleroma Archive/Structure/Economy & Infrastructure/Megastructures/1 Planetary/Launch Loops (Lofstrom Loops).md,yes,.md
Planetary Dock.md,I - Pleroma Archive/Structure/Economy & Infrastructure/Megastructures/1 Planetary/Planetary Dock.md,New Readers Start Here/I - Pleroma Archive/Structure/Economy & Infrastructure/Megastructures/1 Planetary/Planetary Dock.md,yes,.md
Cornucopia Machine.md,I - Pleroma Archive/Structure/Economy & Infrastructure/Megastructures/1 Planetary/Cornucopia Machine.md,New Readers Start Here/I - Pleroma Archive/Structure/Economy & Infrastructure/Megastructures/1 Planetary/Cornucopia Machine.md,yes,.md
Caplan Thruster.md,I - Pleroma Archive/Structure/Economy & Infrastructure/Megastructures/1 Planetary/Caplan Thruster.md,New Readers Start Here/I - Pleroma Archive/Structure/Economy & Infrastructure/Megastructures/1 Planetary/Caplan Thruster.md,yes,.md
Space Elevator.md,I - Pleroma Archive/Structure/Economy & Infrastructure/Megastructures/1 Planetary/Space Elevator.md,New Readers Start Here/I - Pleroma Archive/Structure/Economy & Infrastructure/Megastructures/1 Planetary/Space Elevator.md,yes,.md
Autonomous MRO ecology.md,I - Pleroma Archive/Structure/Economy & Infrastructure/Megastructures/1 Planetary/Autonomous MRO ecology.md,New Readers Start Here/I - Pleroma Archive/Structure/Economy & Infrastructure/Megastructures/1 Planetary/Autonomous MRO ecology.md,yes,.md
Mega Fortifications.md,I - Pleroma Archive/Structure/Economy & Infrastructure/Megastructures/1 Planetary/Mega Fortifications.md,New Readers Start Here/I - Pleroma Archive/Structure/Economy & Infrastructure/Megastructures/1 Planetary/Mega Fortifications.md,yes,.md
Planetary insurance nets.md,I - Pleroma Archive/Structure/Economy & Infrastructure/Megastructures/1 Planetary/Planetary insurance nets.md,New Readers Start Here/I - Pleroma Archive/Structure/Economy & Infrastructure/Megastructures/1 Planetary/Planetary insurance nets.md,yes,.md
Orbital Gas Refinery.md,I - Pleroma Archive/Structure/Economy & Infrastructure/Megastructures/1 Planetary/Orbital Gas Refinery.md,New Readers Start Here/I - Pleroma Archive/Structure/Economy & Infrastructure/Megastructures/1 Planetary/Orbital Gas Refinery.md,yes,.md
Paraterraforming Roofs.md,I - Pleroma Archive/Structure/Economy & Infrastructure/Megastructures/1 Planetary/Paraterraforming Roofs.md,New Readers Start Here/I - Pleroma Archive/Structure/Economy & Infrastructure/Megastructures/1 Planetary/Paraterraforming Roofs.md,yes,.md
Orbital Factory.md,I - Pleroma Archive/Structure/Economy & Infrastructure/Megastructures/1 Planetary/Orbital Factory.md,New Readers Start Here/I - Pleroma Archive/Structure/Economy & Infrastructure/Megastructures/1 Planetary/Orbital Factory.md,yes,.md
Kinetic Interdiction Nets.md,I - Pleroma Archive/Structure/Economy & Infrastructure/Megastructures/1 Planetary/Kinetic Interdiction Nets.md,New Readers Start Here/I - Pleroma Archive/Structure/Economy & Infrastructure/Megastructures/1 Planetary/Kinetic Interdiction Nets.md,yes,.md
McKendree Cylinder.md,I - Pleroma Archive/Structure/Economy & Infrastructure/Megastructures/1 Planetary/McKendree Cylinder.md,New Readers Start Here/I - Pleroma Archive/Structure/Economy & Infrastructure/Megastructures/1 Planetary/McKendree Cylinder.md,yes,.md
Asteroid Artillery.md,I - Pleroma Archive/Structure/Economy & Infrastructure/Megastructures/1 Planetary/Asteroid Artillery.md,New Readers Start Here/I - Pleroma Archive/Structure/Economy & Infrastructure/Megastructures/1 Planetary/Asteroid Artillery.md,yes,.md
Chimney Towers.md,I - Pleroma Archive/Structure/Economy & Infrastructure/Megastructures/1 Planetary/Chimney Towers.md,New Readers Start Here/I - Pleroma Archive/Structure/Economy & Infrastructure/Megastructures/1 Planetary/Chimney Towers.md,yes,.md
Asteroid Fortification.md,I - Pleroma Archive/Structure/Economy & Infrastructure/Megastructures/1 Planetary/Asteroid Fortification.md,New Readers Start Here/I - Pleroma Archive/Structure/Economy & Infrastructure/Megastructures/1 Planetary/Asteroid Fortification.md,yes,.md
Rotovators (rotating tethers).md,I - Pleroma Archive/Structure/Economy & Infrastructure/Megastructures/1 Planetary/Rotovators (rotating tethers).md,New Readers Start Here/I - Pleroma Archive/Structure/Economy & Infrastructure/Megastructures/1 Planetary/Rotovators (rotating tethers).md,yes,.md
Distributed Whipple-Shield Swarms.md,I - Pleroma Archive/Structure/Economy & Infrastructure/Megastructures/1 Planetary/Distributed Whipple-Shield Swarms.md,New Readers Start Here/I - Pleroma Archive/Structure/Economy & Infrastructure/Megastructures/1 Planetary/Distributed Whipple-Shield Swarms.md,yes,.md
Atmospheric Skimmers.md,I - Pleroma Archive/Structure/Economy & Infrastructure/Megastructures/1 Planetary/Atmospheric Skimmers.md,New Readers Start Here/I - Pleroma Archive/Structure/Economy & Infrastructure/Megastructures/1 Planetary/Atmospheric Skimmers.md,yes,.md
Beamed-sail commerce tolling.md,I - Pleroma Archive/Structure/Economy & Infrastructure/Megastructures/1 Planetary/Beamed-sail commerce tolling.md,New Readers Start Here/I - Pleroma Archive/Structure/Economy & Infrastructure/Megastructures/1 Planetary/Beamed-sail commerce tolling.md,yes,.md
Orbital Artificial Ecosystem.md,I - Pleroma Archive/Structure/Economy & Infrastructure/Megastructures/1 Planetary/Orbital Artificial Ecosystem.md,New Readers Start Here/I - Pleroma Archive/Structure/Economy & Infrastructure/Megastructures/1 Planetary/Orbital Artificial Ecosystem.md,yes,.md
Statite Sunshades.md,I - Pleroma Archive/Structure/Economy & Infrastructure/Megastructures/1 Planetary/Statite Sunshades.md,New Readers Start Here/I - Pleroma Archive/Structure/Economy & Infrastructure/Megastructures/1 Planetary/Statite Sunshades.md,yes,.md
B.I.O Brain.md,I - Pleroma Archive/Structure/Economy & Infrastructure/Megastructures/1 Planetary/B.I.O Brain.md,New Readers Start Here/I - Pleroma Archive/Structure/Economy & Infrastructure/Megastructures/1 Planetary/B.I.O Brain.md,yes,.md
Kaplan Turbine Colonies.md,I - Pleroma Archive/Structure/Economy & Infrastructure/Megastructures/1 Planetary/Kaplan Turbine Colonies.md,New Readers Start Here/I - Pleroma Archive/Structure/Economy & Infrastructure/Megastructures/1 Planetary/Kaplan Turbine Colonies.md,yes,.md
Bishop Ring.md,I - Pleroma Archive/Structure/Economy & Infrastructure/Megastructures/1 Planetary/Bishop Ring.md,New Readers Start Here/I - Pleroma Archive/Structure/Economy & Infrastructure/Megastructures/1 Planetary/Bishop Ring.md,yes,.md
Gravimetric Roads.md,I - Pleroma Archive/Structure/Economy & Infrastructure/Megastructures/1 Planetary/Gravimetric Roads.md,New Readers Start Here/I - Pleroma Archive/Structure/Economy & Infrastructure/Megastructures/1 Planetary/Gravimetric Roads.md,yes,.md
Orbital Hydroponics Station.md,I - Pleroma Archive/Structure/Economy & Infrastructure/Megastructures/1 Planetary/Orbital Hydroponics Station.md,New Readers Start Here/I - Pleroma Archive/Structure/Economy & Infrastructure/Megastructures/1 Planetary/Orbital Hydroponics Station.md,yes,.md
Sunshields.md,I - Pleroma Archive/Structure/Economy & Infrastructure/Megastructures/1 Planetary/Sunshields.md,New Readers Start Here/I - Pleroma Archive/Structure/Economy & Infrastructure/Megastructures/1 Planetary/Sunshields.md,yes,.md
Buckyhabs.md,I - Pleroma Archive/Structure/Economy & Infrastructure/Megastructures/1 Planetary/Buckyhabs.md,New Readers Start Here/I - Pleroma Archive/Structure/Economy & Infrastructure/Megastructures/1 Planetary/Buckyhabs.md,yes,.md
C-Brain.md,I - Pleroma Archive/Structure/Economy & Infrastructure/Megastructures/1 Planetary/C-Brain.md,New Readers Start Here/I - Pleroma Archive/Structure/Economy & Infrastructure/Megastructures/1 Planetary/C-Brain.md,yes,.md
Deep Sea Cities.md,I - Pleroma Archive/Structure/Economy & Infrastructure/Megastructures/1 Planetary/Deep Sea Cities.md,New Readers Start Here/I - Pleroma Archive/Structure/Economy & Infrastructure/Megastructures/1 Planetary/Deep Sea Cities.md,yes,.md
Launch Loop.md,I - Pleroma Archive/Structure/Economy & Infrastructure/Megastructures/1 Planetary/Launch Loop.md,New Readers Start Here/I - Pleroma Archive/Structure/Economy & Infrastructure/Megastructures/1 Planetary/Launch Loop.md,yes,.md
Specular Orbital Reflectors.md,I - Pleroma Archive/Structure/Economy & Infrastructure/Megastructures/1 Planetary/Specular Orbital Reflectors.md,New Readers Start Here/I - Pleroma Archive/Structure/Economy & Infrastructure/Megastructures/1 Planetary/Specular Orbital Reflectors.md,yes,.md
Ark Platforms.md,I - Pleroma Archive/Structure/Economy & Infrastructure/Megastructures/1 Planetary/Ark Platforms.md,New Readers Start Here/I - Pleroma Archive/Structure/Economy & Infrastructure/Megastructures/1 Planetary/Ark Platforms.md,yes,.md
Ecumenopolis__1 Planetary__6ec2b706.md,I - Pleroma Archive/Structure/Economy & Infrastructure/Megastructures/1 Planetary/Ecumenopolis.md,New Readers Start Here/I - Pleroma Archive/Structure/Economy & Infrastructure/Megastructures/1 Planetary/Ecumenopolis.md,yes,.md
Mass Driver Rings.md,I - Pleroma Archive/Structure/Economy & Infrastructure/Megastructures/1 Planetary/Mass Driver Rings.md,New Readers Start Here/I - Pleroma Archive/Structure/Economy & Infrastructure/Megastructures/1 Planetary/Mass Driver Rings.md,yes,.md
Bubblehabs.md,I - Pleroma Archive/Structure/Economy & Infrastructure/Megastructures/1 Planetary/Bubblehabs.md,New Readers Start Here/I - Pleroma Archive/Structure/Economy & Infrastructure/Megastructures/1 Planetary/Bubblehabs.md,yes,.md
Statite Mirror.md,I - Pleroma Archive/Structure/Economy & Infrastructure/Megastructures/1 Planetary/Statite Mirror.md,New Readers Start Here/I - Pleroma Archive/Structure/Economy & Infrastructure/Megastructures/1 Planetary/Statite Mirror.md,yes,.md
Fauna Research Station.md,I - Pleroma Archive/Structure/Economy & Infrastructure/Megastructures/1 Planetary/Fauna Research Station.md,New Readers Start Here/I - Pleroma Archive/Structure/Economy & Infrastructure/Megastructures/1 Planetary/Fauna Research Station.md,yes,.md
Geothermal Stabilizer.md,I - Pleroma Archive/Structure/Economy & Infrastructure/Megastructures/1 Planetary/Geothermal Stabilizer.md,New Readers Start Here/I - Pleroma Archive/Structure/Economy & Infrastructure/Megastructures/1 Planetary/Geothermal Stabilizer.md,yes,.md
Stratospheric Spire node.md,I - Pleroma Archive/Structure/Economy & Infrastructure/Megastructures/1 Planetary/Stratospheric Spire node.md,New Readers Start Here/I - Pleroma Archive/Structure/Economy & Infrastructure/Megastructures/1 Planetary/Stratospheric Spire node.md,yes,.md
Hive Cities.md,I - Pleroma Archive/Structure/Economy & Infrastructure/Megastructures/1 Planetary/Hive Cities.md,New Readers Start Here/I - Pleroma Archive/Structure/Economy & Infrastructure/Megastructures/1 Planetary/Hive Cities.md,yes,.md
SMBH Dyson Swarm (ΓÇ£Black Hole ClubΓÇ¥).md,I - Pleroma Archive/Structure/Economy & Infrastructure/Megastructures/4 Galactic/SMBH Dyson Swarm (ΓÇ£Black Hole ClubΓÇ¥).md,New Readers Start Here/I - Pleroma Archive/Structure/Economy & Infrastructure/Megastructures/4 Galactic/SMBH Dyson Swarm (ΓÇ£Black Hole ClubΓÇ¥).md,yes,.md
Galactic Anvil.md,I - Pleroma Archive/Structure/Economy & Infrastructure/Megastructures/4 Galactic/Galactic Anvil.md,New Readers Start Here/I - Pleroma Archive/Structure/Economy & Infrastructure/Megastructures/4 Galactic/Galactic Anvil.md,yes,.md
Galaxy Brain.md,I - Pleroma Archive/Structure/Economy & Infrastructure/Megastructures/4 Galactic/Galaxy Brain.md,New Readers Start Here/I - Pleroma Archive/Structure/Economy & Infrastructure/Megastructures/4 Galactic/Galaxy Brain.md,yes,.md
Galactic-Scale Radio Arrays.md,I - Pleroma Archive/Structure/Economy & Infrastructure/Megastructures/4 Galactic/Galactic-Scale Radio Arrays.md,New Readers Start Here/I - Pleroma Archive/Structure/Economy & Infrastructure/Megastructures/4 Galactic/Galactic-Scale Radio Arrays.md,yes,.md
E.H.O.F.md,I - Pleroma Archive/Structure/Economy & Infrastructure/Megastructures/4 Galactic/E.H.O.F.md,New Readers Start Here/I - Pleroma Archive/Structure/Economy & Infrastructure/Megastructures/4 Galactic/E.H.O.F.md,yes,.md
Magnus Bastions.md,I - Pleroma Archive/Structure/Economy & Infrastructure/Megastructures/4 Galactic/Magnus Bastions.md,New Readers Start Here/I - Pleroma Archive/Structure/Economy & Infrastructure/Megastructures/4 Galactic/Magnus Bastions.md,yes,.md
Abyssal Anchor.md,I - Pleroma Archive/Structure/Economy & Infrastructure/Megastructures/4 Galactic/Abyssal Anchor.md,New Readers Start Here/I - Pleroma Archive/Structure/Economy & Infrastructure/Megastructures/4 Galactic/Abyssal Anchor.md,yes,.md
Computronium.md,I - Pleroma Archive/Structure/Economy & Infrastructure/Megastructures/4 Galactic/Computronium.md,New Readers Start Here/I - Pleroma Archive/Structure/Economy & Infrastructure/Megastructures/4 Galactic/Computronium.md,yes,.md
Q.S.O.md,I - Pleroma Archive/Structure/Economy & Infrastructure/Megastructures/4 Galactic/Q.S.O.md,New Readers Start Here/I - Pleroma Archive/Structure/Economy & Infrastructure/Megastructures/4 Galactic/Q.S.O.md,yes,.md
SGL constellations.md,I - Pleroma Archive/Structure/Economy & Infrastructure/Megastructures/4 Galactic/SGL constellations.md,New Readers Start Here/I - Pleroma Archive/Structure/Economy & Infrastructure/Megastructures/4 Galactic/SGL constellations.md,yes,.md
Galactic Gateway.md,I - Pleroma Archive/Structure/Economy & Infrastructure/Megastructures/4 Galactic/Galactic Gateway.md,New Readers Start Here/I - Pleroma Archive/Structure/Economy & Infrastructure/Megastructures/4 Galactic/Galactic Gateway.md,yes,.md
Bubble-Hab Clusters.md,I - Pleroma Archive/Structure/Economy & Infrastructure/Megastructures/4 Galactic/Bubble-Hab Clusters.md,New Readers Start Here/I - Pleroma Archive/Structure/Economy & Infrastructure/Megastructures/4 Galactic/Bubble-Hab Clusters.md,yes,.md
Black Hole Supershell.md,I - Pleroma Archive/Structure/Economy & Infrastructure/Megastructures/4 Galactic/Black Hole Supershell.md,New Readers Start Here/I - Pleroma Archive/Structure/Economy & Infrastructure/Megastructures/4 Galactic/Black Hole Supershell.md,yes,.md
Basement Gateway.md,I - Pleroma Archive/Structure/Economy & Infrastructure/Megastructures/4 Galactic/Basement Gateway.md,New Readers Start Here/I - Pleroma Archive/Structure/Economy & Infrastructure/Megastructures/4 Galactic/Basement Gateway.md,yes,.md
N-Brain.md,I - Pleroma Archive/Structure/Economy & Infrastructure/Megastructures/4 Galactic/N-Brain.md,New Readers Start Here/I - Pleroma Archive/Structure/Economy & Infrastructure/Megastructures/4 Galactic/N-Brain.md,yes,.md
Local Galactic Group Observatory.md,I - Pleroma Archive/Structure/Economy & Infrastructure/Megastructures/4 Galactic/Local Galactic Group Observatory.md,New Readers Start Here/I - Pleroma Archive/Structure/Economy & Infrastructure/Megastructures/4 Galactic/Local Galactic Group Observatory.md,yes,.md
Supermassive Void Birch World.md,I - Pleroma Archive/Structure/Economy & Infrastructure/Megastructures/4 Galactic/Supermassive Void Birch World.md,New Readers Start Here/I - Pleroma Archive/Structure/Economy & Infrastructure/Megastructures/4 Galactic/Supermassive Void Birch World.md,yes,.md
B.H.I.S.md,I - Pleroma Archive/Structure/Economy & Infrastructure/Megastructures/4 Galactic/B.H.I.S.md,New Readers Start Here/I - Pleroma Archive/Structure/Economy & Infrastructure/Megastructures/4 Galactic/B.H.I.S.md,yes,.md
Computronium Nodes.md,I - Pleroma Archive/Structure/Economy & Infrastructure/Megastructures/4 Galactic/Computronium Nodes.md,New Readers Start Here/I - Pleroma Archive/Structure/Economy & Infrastructure/Megastructures/4 Galactic/Computronium Nodes.md,yes,.md
B-Brain.md,I - Pleroma Archive/Structure/Economy & Infrastructure/Megastructures/4 Galactic/B-Brain.md,New Readers Start Here/I - Pleroma Archive/Structure/Economy & Infrastructure/Megastructures/4 Galactic/B-Brain.md,yes,.md
Quasar Lenses.md,I - Pleroma Archive/Structure/Economy & Infrastructure/Megastructures/4 Galactic/Quasar Lenses.md,New Readers Start Here/I - Pleroma Archive/Structure/Economy & Infrastructure/Megastructures/4 Galactic/Quasar Lenses.md,yes,.md
Supermassive Eternal Soulsphere.md,I - Pleroma Archive/Structure/Economy & Infrastructure/Megastructures/4 Galactic/Supermassive Eternal Soulsphere.md,New Readers Start Here/I - Pleroma Archive/Structure/Economy & Infrastructure/Megastructures/4 Galactic/Supermassive Eternal Soulsphere.md,yes,.md
HRAE-MC.md,I - Pleroma Archive/Structure/Economy & Infrastructure/Megastructures/4 Galactic/HRAE-MC.md,New Readers Start Here/I - Pleroma Archive/Structure/Economy & Infrastructure/Megastructures/4 Galactic/HRAE-MC.md,yes,.md
Supermassive Black Hole Manipulator.md,I - Pleroma Archive/Structure/Economy & Infrastructure/Megastructures/4 Galactic/Supermassive Black Hole Manipulator.md,New Readers Start Here/I - Pleroma Archive/Structure/Economy & Infrastructure/Megastructures/4 Galactic/Supermassive Black Hole Manipulator.md,yes,.md
Astroengineering Swarm.md,I - Pleroma Archive/Structure/Economy & Infrastructure/Megastructures/4 Galactic/Astroengineering Swarm.md,New Readers Start Here/I - Pleroma Archive/Structure/Economy & Infrastructure/Megastructures/4 Galactic/Astroengineering Swarm.md,yes,.md
Dimensional Tearer.md,I - Pleroma Archive/Structure/Economy & Infrastructure/Megastructures/6 Crossfield/Dimensional Tearer.md,New Readers Start Here/I - Pleroma Archive/Structure/Economy & Infrastructure/Megastructures/6 Crossfield/Dimensional Tearer.md,yes,.md
Spatial Multiverse Research Facility.md,I - Pleroma Archive/Structure/Economy & Infrastructure/Megastructures/6 Crossfield/Spatial Multiverse Research Facility.md,New Readers Start Here/I - Pleroma Archive/Structure/Economy & Infrastructure/Megastructures/6 Crossfield/Spatial Multiverse Research Facility.md,yes,.md
Interdimensional Ark.md,I - Pleroma Archive/Structure/Economy & Infrastructure/Megastructures/6 Crossfield/Interdimensional Ark.md,New Readers Start Here/I - Pleroma Archive/Structure/Economy & Infrastructure/Megastructures/6 Crossfield/Interdimensional Ark.md,yes,.md
Desert.md,I - Pleroma Archive/Structure/Omniversal Structure/Megaverse Types (Basins)/Desert/Desert.md,New Readers Start Here/I - Pleroma Archive/Structure/Omniversal Structure/Megaverse Types (Basins)/Desert/Desert.md,yes,.md
Ocean.md,I - Pleroma Archive/Structure/Omniversal Structure/Megaverse Types (Basins)/Ocean/Ocean.md,New Readers Start Here/I - Pleroma Archive/Structure/Omniversal Structure/Megaverse Types (Basins)/Ocean/Ocean.md,yes,.md
Synthetic.md,I - Pleroma Archive/Structure/Omniversal Structure/Megaverse Types (Basins)/Synthetic/Synthetic.md,New Readers Start Here/I - Pleroma Archive/Structure/Omniversal Structure/Megaverse Types (Basins)/Synthetic/Synthetic.md,yes,.md
Storm.md,I - Pleroma Archive/Structure/Omniversal Structure/Megaverse Types (Basins)/Storm/Storm.md,New Readers Start Here/I - Pleroma Archive/Structure/Omniversal Structure/Megaverse Types (Basins)/Storm/Storm.md,yes,.md
Stone.md,I - Pleroma Archive/Structure/Omniversal Structure/Megaverse Types (Basins)/Stone/Stone.md,New Readers Start Here/I - Pleroma Archive/Structure/Omniversal Structure/Megaverse Types (Basins)/Stone/Stone.md,yes,.md
Forest.md,I - Pleroma Archive/Structure/Omniversal Structure/Megaverse Types (Basins)/Forest/Forest.md,New Readers Start Here/I - Pleroma Archive/Structure/Omniversal Structure/Megaverse Types (Basins)/Forest/Forest.md,yes,.md
The Aphotic Zone.md,I - Pleroma Archive/World/Locations/Eos Multiverse/The Aphotic Zone/The Aphotic Zone.md,New Readers Start Here/I - Pleroma Archive/World/Locations/Eos Multiverse/The Aphotic Zone/The Aphotic Zone.md,yes,.md
The Dark Forest Zone.md,I - Pleroma Archive/World/Locations/Eos Multiverse/The Dark Forest Zone/The Dark Forest Zone.md,New Readers Start Here/I - Pleroma Archive/World/Locations/Eos Multiverse/The Dark Forest Zone/The Dark Forest Zone.md,yes,.md
The Gnostic Expanse.md,I - Pleroma Archive/World/Locations/Eos Multiverse/The Gnostic Expanse/The Gnostic Expanse.md,New Readers Start Here/I - Pleroma Archive/World/Locations/Eos Multiverse/The Gnostic Expanse/The Gnostic Expanse.md,yes,.md
YeshuΓÇÿah.md,I - Pleroma Archive/World/Locations/Eos Multiverse/The Gnostic Expanse/YeshuΓÇÿah.md,New Readers Start Here/I - Pleroma Archive/World/Locations/Eos Multiverse/The Gnostic Expanse/YeshuΓÇÿah.md,yes,.md
Key.md,I - Pleroma Archive/World/Locations/Oneiroverse Multiverse/Chorus of Archetypes/Key.md,New Readers Start Here/I - Pleroma Archive/World/Locations/Oneiroverse Multiverse/Chorus of Archetypes/Key.md,yes,.md
Warrior.md,I - Pleroma Archive/World/Locations/Oneiroverse Multiverse/Chorus of Archetypes/Warrior.md,New Readers Start Here/I - Pleroma Archive/World/Locations/Oneiroverse Multiverse/Chorus of Archetypes/Warrior.md,yes,.md
Lover.md,I - Pleroma Archive/World/Locations/Oneiroverse Multiverse/Chorus of Archetypes/Lover.md,New Readers Start Here/I - Pleroma Archive/World/Locations/Oneiroverse Multiverse/Chorus of Archetypes/Lover.md,yes,.md
Boundary__Chorus of Archetypes__6cc3010d.md,I - Pleroma Archive/World/Locations/Oneiroverse Multiverse/Chorus of Archetypes/Boundary.md,New Readers Start Here/I - Pleroma Archive/World/Locations/Oneiroverse Multiverse/Chorus of Archetypes/Boundary.md,yes,.md
Child.md,I - Pleroma Archive/World/Locations/Oneiroverse Multiverse/Chorus of Archetypes/Child.md,New Readers Start Here/I - Pleroma Archive/World/Locations/Oneiroverse Multiverse/Chorus of Archetypes/Child.md,yes,.md
Chorus of Archetypes.md,I - Pleroma Archive/World/Locations/Oneiroverse Multiverse/Chorus of Archetypes/Chorus of Archetypes.md,New Readers Start Here/I - Pleroma Archive/World/Locations/Oneiroverse Multiverse/Chorus of Archetypes/Chorus of Archetypes.md,yes,.md
Judge.md,I - Pleroma Archive/World/Locations/Oneiroverse Multiverse/Chorus of Archetypes/Judge.md,New Readers Start Here/I - Pleroma Archive/World/Locations/Oneiroverse Multiverse/Chorus of Archetypes/Judge.md,yes,.md
Forgotten.md,I - Pleroma Archive/World/Locations/Oneiroverse Multiverse/Chorus of Archetypes/Forgotten.md,New Readers Start Here/I - Pleroma Archive/World/Locations/Oneiroverse Multiverse/Chorus of Archetypes/Forgotten.md,yes,.md
Dreamer.md,I - Pleroma Archive/World/Locations/Oneiroverse Multiverse/Chorus of Archetypes/Dreamer.md,New Readers Start Here/I - Pleroma Archive/World/Locations/Oneiroverse Multiverse/Chorus of Archetypes/Dreamer.md,yes,.md
Witness.md,I - Pleroma Archive/World/Locations/Oneiroverse Multiverse/Chorus of Archetypes/Witness.md,New Readers Start Here/I - Pleroma Archive/World/Locations/Oneiroverse Multiverse/Chorus of Archetypes/Witness.md,yes,.md
Rebirth.md,I - Pleroma Archive/World/Locations/Oneiroverse Multiverse/Chorus of Archetypes/Rebirth.md,New Readers Start Here/I - Pleroma Archive/World/Locations/Oneiroverse Multiverse/Chorus of Archetypes/Rebirth.md,yes,.md
Trickster.md,I - Pleroma Archive/World/Locations/Oneiroverse Multiverse/Chorus of Archetypes/Trickster.md,New Readers Start Here/I - Pleroma Archive/World/Locations/Oneiroverse Multiverse/Chorus of Archetypes/Trickster.md,yes,.md
Death__Chorus of Archetypes__7430f9c6.md,I - Pleroma Archive/World/Locations/Oneiroverse Multiverse/Chorus of Archetypes/Death.md,New Readers Start Here/I - Pleroma Archive/World/Locations/Oneiroverse Multiverse/Chorus of Archetypes/Death.md,yes,.md
Timeline__Umbraxis__36633e0d.md,I - Pleroma Archive/World/Locations/Oneiroverse Multiverse/Umbraxis/Timeline.md,New Readers Start Here/I - Pleroma Archive/World/Locations/Oneiroverse Multiverse/Umbraxis/Timeline.md,yes,.md
Umbraxis.md,I - Pleroma Archive/World/Locations/Oneiroverse Multiverse/Umbraxis/Umbraxis.md,New Readers Start Here/I - Pleroma Archive/World/Locations/Oneiroverse Multiverse/Umbraxis/Umbraxis.md,yes,.md
PHASE V ΓÇö THE SILENT ARCHIVES.md,I - Pleroma Archive/World/Historical Eras/VI - Severance Era (Akasha)/Sachin/PHASE V ΓÇö THE SILENT ARCHIVES.md,New Readers Start Here/I - Pleroma Archive/World/Historical Eras/VI - Severance Era (Akasha)/Sachin/PHASE V ΓÇö THE SILENT ARCHIVES.md,yes,.md
PHASE III ΓÇö THE WOLF FRONTIER.md,I - Pleroma Archive/World/Historical Eras/VI - Severance Era (Akasha)/Sachin/PHASE III ΓÇö THE WOLF FRONTIER.md,New Readers Start Here/I - Pleroma Archive/World/Historical Eras/VI - Severance Era (Akasha)/Sachin/PHASE III ΓÇö THE WOLF FRONTIER.md,yes,.md
PHASE IV ΓÇö THE SEVERED REALMS.md,I - Pleroma Archive/World/Historical Eras/VI - Severance Era (Akasha)/Sachin/PHASE IV ΓÇö THE SEVERED REALMS.md,New Readers Start Here/I - Pleroma Archive/World/Historical Eras/VI - Severance Era (Akasha)/Sachin/PHASE IV ΓÇö THE SEVERED REALMS.md,yes,.md
PHASE IX ΓÇö AKASHA.md,I - Pleroma Archive/World/Historical Eras/VI - Severance Era (Akasha)/Sachin/PHASE IX ΓÇö AKASHA.md,New Readers Start Here/I - Pleroma Archive/World/Historical Eras/VI - Severance Era (Akasha)/Sachin/PHASE IX ΓÇö AKASHA.md,yes,.md
PHASE VIII ΓÇö THE LONG ASCENT.md,I - Pleroma Archive/World/Historical Eras/VI - Severance Era (Akasha)/Sachin/PHASE VIII ΓÇö THE LONG ASCENT.md,New Readers Start Here/I - Pleroma Archive/World/Historical Eras/VI - Severance Era (Akasha)/Sachin/PHASE VIII ΓÇö THE LONG ASCENT.md,yes,.md
PHASE VII ΓÇö THE DEAD MIRROR.md,I - Pleroma Archive/World/Historical Eras/VI - Severance Era (Akasha)/Sachin/PHASE VII ΓÇö THE DEAD MIRROR.md,New Readers Start Here/I - Pleroma Archive/World/Historical Eras/VI - Severance Era (Akasha)/Sachin/PHASE VII ΓÇö THE DEAD MIRROR.md,yes,.md
PHASE VI ΓÇö THE FEDERATION OF DAWN.md,I - Pleroma Archive/World/Historical Eras/VI - Severance Era (Akasha)/Sachin/PHASE VI ΓÇö THE FEDERATION OF DAWN.md,New Readers Start Here/I - Pleroma Archive/World/Historical Eras/VI - Severance Era (Akasha)/Sachin/PHASE VI ΓÇö THE FEDERATION OF DAWN.md,yes,.md
PHASE I ΓÇö THE DYING STRAND.md,I - Pleroma Archive/World/Historical Eras/VI - Severance Era (Akasha)/Sachin/PHASE I ΓÇö THE DYING STRAND.md,New Readers Start Here/I - Pleroma Archive/World/Historical Eras/VI - Severance Era (Akasha)/Sachin/PHASE I ΓÇö THE DYING STRAND.md,yes,.md
PHASE II ΓÇö THE ROAD OF ASH.md,I - Pleroma Archive/World/Historical Eras/VI - Severance Era (Akasha)/Sachin/PHASE II ΓÇö THE ROAD OF ASH.md,New Readers Start Here/I - Pleroma Archive/World/Historical Eras/VI - Severance Era (Akasha)/Sachin/PHASE II ΓÇö THE ROAD OF ASH.md,yes,.md
(341) The Breach of ZarΓÇÖastor Urth.md,I - Pleroma Archive/World/Historical Eras/VI - Severance Era (Akasha)/Amber/(341) The Breach of ZarΓÇÖastor Urth.md,New Readers Start Here/I - Pleroma Archive/World/Historical Eras/VI - Severance Era (Akasha)/Amber/(341) The Breach of ZarΓÇÖastor Urth.md,yes,.md
(343) The Triumvirate Declaration.md,I - Pleroma Archive/World/Historical Eras/VI - Severance Era (Akasha)/Amber/(343) The Triumvirate Declaration.md,New Readers Start Here/I - Pleroma Archive/World/Historical Eras/VI - Severance Era (Akasha)/Amber/(343) The Triumvirate Declaration.md,yes,.md
(170) Crusades Into the Void.md,I - Pleroma Archive/World/Historical Eras/VI - Severance Era (Akasha)/Amber/(170) Crusades Into the Void.md,New Readers Start Here/I - Pleroma Archive/World/Historical Eras/VI - Severance Era (Akasha)/Amber/(170) Crusades Into the Void.md,yes,.md
(35) The Bunker Epoch.md,I - Pleroma Archive/World/Historical Eras/VI - Severance Era (Akasha)/Amber/(35) The Bunker Epoch.md,New Readers Start Here/I - Pleroma Archive/World/Historical Eras/VI - Severance Era (Akasha)/Amber/(35) The Bunker Epoch.md,yes,.md
(412) Formalization of Continuity Doctrine.md,I - Pleroma Archive/World/Historical Eras/VI - Severance Era (Akasha)/Amber/(412) Formalization of Continuity Doctrine.md,New Readers Start Here/I - Pleroma Archive/World/Historical Eras/VI - Severance Era (Akasha)/Amber/(412) Formalization of Continuity Doctrine.md,yes,.md
(7) The Collapse Wars.md,I - Pleroma Archive/World/Historical Eras/VI - Severance Era (Akasha)/Amber/(7) The Collapse Wars.md,New Readers Start Here/I - Pleroma Archive/World/Historical Eras/VI - Severance Era (Akasha)/Amber/(7) The Collapse Wars.md,yes,.md
(161) The Revelation of Partition.md,I - Pleroma Archive/World/Historical Eras/VI - Severance Era (Akasha)/Amber/(161) The Revelation of Partition.md,New Readers Start Here/I - Pleroma Archive/World/Historical Eras/VI - Severance Era (Akasha)/Amber/(161) The Revelation of Partition.md,yes,.md
(30) The Silence Period.md,I - Pleroma Archive/World/Historical Eras/VI - Severance Era (Akasha)/Amber/(30) The Silence Period.md,New Readers Start Here/I - Pleroma Archive/World/Historical Eras/VI - Severance Era (Akasha)/Amber/(30) The Silence Period.md,yes,.md
(500) The Ascendant Dominion.md,I - Pleroma Archive/World/Historical Eras/VI - Severance Era (Akasha)/Amber/(500) The Ascendant Dominion.md,New Readers Start Here/I - Pleroma Archive/World/Historical Eras/VI - Severance Era (Akasha)/Amber/(500) The Ascendant Dominion.md,yes,.md
(102) Discovery of the Deep Aether Loom.md,I - Pleroma Archive/World/Historical Eras/VI - Severance Era (Akasha)/Amber/(102) Discovery of the Deep Aether Loom.md,New Readers Start Here/I - Pleroma Archive/World/Historical Eras/VI - Severance Era (Akasha)/Amber/(102) Discovery of the Deep Aether Loom.md,yes,.md
(0) The Unveiling of Severance.md,I - Pleroma Archive/World/Historical Eras/VI - Severance Era (Akasha)/Amber/(0) The Unveiling of Severance.md,New Readers Start Here/I - Pleroma Archive/World/Historical Eras/VI - Severance Era (Akasha)/Amber/(0) The Unveiling of Severance.md,yes,.md
(200) The Worldmind Forests.md,I - Pleroma Archive/World/Historical Eras/VI - Severance Era (Akasha)/Amber/(200) The Worldmind Forests.md,New Readers Start Here/I - Pleroma Archive/World/Historical Eras/VI - Severance Era (Akasha)/Amber/(200) The Worldmind Forests.md,yes,.md
(120) The Hollow Bloom.md,I - Pleroma Archive/World/Historical Eras/VI - Severance Era (Akasha)/Amber/(120) The Hollow Bloom.md,New Readers Start Here/I - Pleroma Archive/World/Historical Eras/VI - Severance Era (Akasha)/Amber/(120) The Hollow Bloom.md,yes,.md
(350) The Great Reconnection.md,I - Pleroma Archive/World/Historical Eras/VI - Severance Era (Akasha)/Amber/(350) The Great Reconnection.md,New Readers Start Here/I - Pleroma Archive/World/Historical Eras/VI - Severance Era (Akasha)/Amber/(350) The Great Reconnection.md,yes,.md
(31) Founding of Akasha.md,I - Pleroma Archive/World/Historical Eras/VI - Severance Era (Akasha)/Amber/(31) Founding of Akasha.md,New Readers Start Here/I - Pleroma Archive/World/Historical Eras/VI - Severance Era (Akasha)/Amber/(31) Founding of Akasha.md,yes,.md
(40) The Bleeding Years.md,I - Pleroma Archive/World/Historical Eras/VI - Severance Era (Akasha)/Amber/(40) The Bleeding Years.md,New Readers Start Here/I - Pleroma Archive/World/Historical Eras/VI - Severance Era (Akasha)/Amber/(40) The Bleeding Years.md,yes,.md
(91) The First Echo Events.md,I - Pleroma Archive/World/Historical Eras/VI - Severance Era (Akasha)/Amber/(91) The First Echo Events.md,New Readers Start Here/I - Pleroma Archive/World/Historical Eras/VI - Severance Era (Akasha)/Amber/(91) The First Echo Events.md,yes,.md
(244) First Mention of ZarΓÇÖastor Urth.md,I - Pleroma Archive/World/Historical Eras/VI - Severance Era (Akasha)/Amber/(244) First Mention of ZarΓÇÖastor Urth.md,New Readers Start Here/I - Pleroma Archive/World/Historical Eras/VI - Severance Era (Akasha)/Amber/(244) First Mention of ZarΓÇÖastor Urth.md,yes,.md
(340) The Silent Communion.md,I - Pleroma Archive/World/Historical Eras/VI - Severance Era (Akasha)/Amber/(340) The Silent Communion.md,New Readers Start Here/I - Pleroma Archive/World/Historical Eras/VI - Severance Era (Akasha)/Amber/(340) The Silent Communion.md,yes,.md
(342) Retrieval of Amber.md,I - Pleroma Archive/World/Historical Eras/VI - Severance Era (Akasha)/Amber/(342) Retrieval of Amber.md,New Readers Start Here/I - Pleroma Archive/World/Historical Eras/VI - Severance Era (Akasha)/Amber/(342) Retrieval of Amber.md,yes,.md
(261) The Void Pilgrimages.md,I - Pleroma Archive/World/Historical Eras/VI - Severance Era (Akasha)/Amber/(261) The Void Pilgrimages.md,New Readers Start Here/I - Pleroma Archive/World/Historical Eras/VI - Severance Era (Akasha)/Amber/(261) The Void Pilgrimages.md,yes,.md
Foederatio Humanitatis.md,I - Pleroma Archive/World/Timeline/Alternate Timelines/Foederatio Humanitatis/Foederatio Humanitatis.md,New Readers Start Here/I - Pleroma Archive/World/Timeline/Alternate Timelines/Foederatio Humanitatis/Foederatio Humanitatis.md,yes,.md
Eve.md,I - Pleroma Archive/World/Timeline/Alternate Timelines/Foederatio Humanitatis/Eve.md,New Readers Start Here/I - Pleroma Archive/World/Timeline/Alternate Timelines/Foederatio Humanitatis/Eve.md,yes,.md
Umbrae Res Impura.md,I - Pleroma Archive/World/Timeline/Alternate Timelines/Umbrae Res Impura/Umbrae Res Impura.md,New Readers Start Here/I - Pleroma Archive/World/Timeline/Alternate Timelines/Umbrae Res Impura/Umbrae Res Impura.md,yes,.md
Magistras Eluon.md,I - Pleroma Archive/World/Civilizations/Oneirotheon Pilgrimage/Leaders/Magistras Eluon.md,New Readers Start Here/I - Pleroma Archive/World/Civilizations/Oneirotheon Pilgrimage/Leaders/Magistras Eluon.md,yes,.md
Fleets.md,I - Pleroma Archive/World/Civilizations/Oneirotheon Pilgrimage/Fleets/Fleets.md,New Readers Start Here/I - Pleroma Archive/World/Civilizations/Oneirotheon Pilgrimage/Fleets/Fleets.md,yes,.md
Orders & Commands__Military__3e76f0cf.md,I - Pleroma Archive/World/Civilizations/Domain/Military/Orders & Commands.md,New Readers Start Here/I - Pleroma Archive/World/Civilizations/Domain/Military/Orders & Commands.md,yes,.md
Military Overview__Military__78e00492.md,I - Pleroma Archive/World/Civilizations/Domain/Military/Military Overview.md,New Readers Start Here/I - Pleroma Archive/World/Civilizations/Domain/Military/Military Overview.md,yes,.md
Technomagic__Science__b0154002.md,I - Pleroma Archive/World/Civilizations/Domain/Science/Technomagic.md,New Readers Start Here/I - Pleroma Archive/World/Civilizations/Domain/Science/Technomagic.md,yes,.md
Aether__Science__56d663fe.md,I - Pleroma Archive/World/Civilizations/Domain/Science/Aether.md,New Readers Start Here/I - Pleroma Archive/World/Civilizations/Domain/Science/Aether.md,yes,.md
Frameworks__Science__f289acf6.md,I - Pleroma Archive/World/Civilizations/Domain/Science/Frameworks.md,New Readers Start Here/I - Pleroma Archive/World/Civilizations/Domain/Science/Frameworks.md,yes,.md
Domain Emissary.md,I - Pleroma Archive/World/Civilizations/Domain/Government/Domain Emissary.md,New Readers Start Here/I - Pleroma Archive/World/Civilizations/Domain/Government/Domain Emissary.md,yes,.md
Political Structure__Government__95e1e483.md,I - Pleroma Archive/World/Civilizations/Domain/Government/Political Structure.md,New Readers Start Here/I - Pleroma Archive/World/Civilizations/Domain/Government/Political Structure.md,yes,.md
Councils & Ministries__Government__4820dc71.md,I - Pleroma Archive/World/Civilizations/Domain/Government/Councils & Ministries.md,New Readers Start Here/I - Pleroma Archive/World/Civilizations/Domain/Government/Councils & Ministries.md,yes,.md
Culture & Society__Culture _ Society__6ca1f21f.md,I - Pleroma Archive/World/Civilizations/Domain/Culture & Society/Culture & Society.md,New Readers Start Here/I - Pleroma Archive/World/Civilizations/Domain/Culture & Society/Culture & Society.md,yes,.md
The Supreme.md,I - Pleroma Archive/World/Civilizations/Domain/Culture & Society/The Supreme.md,New Readers Start Here/I - Pleroma Archive/World/Civilizations/Domain/Culture & Society/The Supreme.md,yes,.md
Rise of Id.md,I - Pleroma Archive/World/Civilizations/Domain/Culture & Society/Rise of Id.md,New Readers Start Here/I - Pleroma Archive/World/Civilizations/Domain/Culture & Society/Rise of Id.md,yes,.md
The Primes.md,I - Pleroma Archive/World/Civilizations/Domain/Culture & Society/The Primes.md,New Readers Start Here/I - Pleroma Archive/World/Civilizations/Domain/Culture & Society/The Primes.md,yes,.md
Jupiter (JOVARYN).md,I - Pleroma Archive/World/Civilizations/Domain/Locations/Jupiter (JOVARYN).md,New Readers Start Here/I - Pleroma Archive/World/Civilizations/Domain/Locations/Jupiter (JOVARYN).md,yes,.md
Symbols & Iconography__Overview__c563fc62.md,I - Pleroma Archive/World/Civilizations/Domain/Overview/Symbols & Iconography.md,New Readers Start Here/I - Pleroma Archive/World/Civilizations/Domain/Overview/Symbols & Iconography.md,yes,.md
Timeline__Overview__34c5496f.md,I - Pleroma Archive/World/Civilizations/Domain/Overview/Timeline.md,New Readers Start Here/I - Pleroma Archive/World/Civilizations/Domain/Overview/Timeline.md,yes,.md
Heresy Classification__Doctrine__720221e6.md,I - Pleroma Archive/World/Civilizations/Domain/Doctrine/Heresy Classification.md,New Readers Start Here/I - Pleroma Archive/World/Civilizations/Domain/Doctrine/Heresy Classification.md,yes,.md
Schools of Thought__Doctrine__7334a669.md,I - Pleroma Archive/World/Civilizations/Domain/Doctrine/Schools of Thought.md,New Readers Start Here/I - Pleroma Archive/World/Civilizations/Domain/Doctrine/Schools of Thought.md,yes,.md
The Hivemind.md,I - Pleroma Archive/World/Civilizations/Domain/Doctrine/The Hivemind.md,New Readers Start Here/I - Pleroma Archive/World/Civilizations/Domain/Doctrine/The Hivemind.md,yes,.md
Soldier.md,I - Pleroma Archive/World/Civilizations/Ameise Hive/Biology & Lifecycle/Soldier.md,New Readers Start Here/I - Pleroma Archive/World/Civilizations/Ameise Hive/Biology & Lifecycle/Soldier.md,yes,.md
Biology & Lifecycle.md,I - Pleroma Archive/World/Civilizations/Ameise Hive/Biology & Lifecycle/Biology & Lifecycle.md,New Readers Start Here/I - Pleroma Archive/World/Civilizations/Ameise Hive/Biology & Lifecycle/Biology & Lifecycle.md,yes,.md
Worker.md,I - Pleroma Archive/World/Civilizations/Ameise Hive/Biology & Lifecycle/Worker.md,New Readers Start Here/I - Pleroma Archive/World/Civilizations/Ameise Hive/Biology & Lifecycle/Worker.md,yes,.md
Engineers__Biology _ Lifecycle__03b3ba84.md,I - Pleroma Archive/World/Civilizations/Ameise Hive/Biology & Lifecycle/Engineers.md,New Readers Start Here/I - Pleroma Archive/World/Civilizations/Ameise Hive/Biology & Lifecycle/Engineers.md,yes,.md
Pilots__Biology _ Lifecycle__86678ce4.md,I - Pleroma Archive/World/Civilizations/Ameise Hive/Biology & Lifecycle/Pilots.md,New Readers Start Here/I - Pleroma Archive/World/Civilizations/Ameise Hive/Biology & Lifecycle/Pilots.md,yes,.md
Brood-Tenders__Biology _ Lifecycle__8bd0a2e8.md,I - Pleroma Archive/World/Civilizations/Ameise Hive/Biology & Lifecycle/Brood-Tenders.md,New Readers Start Here/I - Pleroma Archive/World/Civilizations/Ameise Hive/Biology & Lifecycle/Brood-Tenders.md,yes,.md
Queen.md,I - Pleroma Archive/World/Civilizations/Ameise Hive/Biology & Lifecycle/Queen.md,New Readers Start Here/I - Pleroma Archive/World/Civilizations/Ameise Hive/Biology & Lifecycle/Queen.md,yes,.md
Sentinel.md,I - Pleroma Archive/World/Civilizations/Ameise Hive/Biology & Lifecycle/Sentinel.md,New Readers Start Here/I - Pleroma Archive/World/Civilizations/Ameise Hive/Biology & Lifecycle/Sentinel.md,yes,.md
Emissary.md,I - Pleroma Archive/World/Civilizations/Ameise Hive/Biology & Lifecycle/Emissary.md,New Readers Start Here/I - Pleroma Archive/World/Civilizations/Ameise Hive/Biology & Lifecycle/Emissary.md,yes,.md
Brood Drones.md,I - Pleroma Archive/World/Civilizations/Ameise Hive/Starships/Brood Drones.md,New Readers Start Here/I - Pleroma Archive/World/Civilizations/Ameise Hive/Starships/Brood Drones.md,yes,.md
Apex Hive-Behemoths.md,I - Pleroma Archive/World/Civilizations/Ameise Hive/Starships/Apex Hive-Behemoths.md,New Readers Start Here/I - Pleroma Archive/World/Civilizations/Ameise Hive/Starships/Apex Hive-Behemoths.md,yes,.md
Carapace Frigates.md,I - Pleroma Archive/World/Civilizations/Ameise Hive/Starships/Carapace Frigates.md,New Readers Start Here/I - Pleroma Archive/World/Civilizations/Ameise Hive/Starships/Carapace Frigates.md,yes,.md
Crown Cruisers.md,I - Pleroma Archive/World/Civilizations/Ameise Hive/Starships/Crown Cruisers.md,New Readers Start Here/I - Pleroma Archive/World/Civilizations/Ameise Hive/Starships/Crown Cruisers.md,yes,.md
Hive Carriers.md,I - Pleroma Archive/World/Civilizations/Ameise Hive/Starships/Hive Carriers.md,New Readers Start Here/I - Pleroma Archive/World/Civilizations/Ameise Hive/Starships/Hive Carriers.md,yes,.md
Calamar Council.md,I - Pleroma Archive/World/Civilizations/Zek'razzar Veyrth/Government/Calamar Council.md,New Readers Start Here/I - Pleroma Archive/World/Civilizations/Zek'razzar Veyrth/Government/Calamar Council.md,yes,.md
Locations__Locations__81f6b0e5.md,I - Pleroma Archive/World/Civilizations/Zek'razzar Veyrth/Locations/Locations.md,New Readers Start Here/I - Pleroma Archive/World/Civilizations/Zek'razzar Veyrth/Locations/Locations.md,yes,.md
Ruptura Astralis.md,I - Pleroma Archive/World/Civilizations/Zek'razzar Veyrth/Locations/Ruptura Astralis.md,New Readers Start Here/I - Pleroma Archive/World/Civilizations/Zek'razzar Veyrth/Locations/Ruptura Astralis.md,yes,.md
Zar'astor Urth.md,I - Pleroma Archive/World/Civilizations/Zek'razzar Veyrth/Locations/Zar'astor Urth.md,New Readers Start Here/I - Pleroma Archive/World/Civilizations/Zek'razzar Veyrth/Locations/Zar'astor Urth.md,yes,.md
carneliam_system.md,I - Pleroma Archive/World/Civilizations/Zek'razzar Veyrth/System/carneliam_system.md,New Readers Start Here/I - Pleroma Archive/World/Civilizations/Zek'razzar Veyrth/System/carneliam_system.md,yes,.md
Species__Species__51189e24.md,I - Pleroma Archive/World/Civilizations/Zek'razzar Veyrth/Species/Species.md,New Readers Start Here/I - Pleroma Archive/World/Civilizations/Zek'razzar Veyrth/Species/Species.md,yes,.md
Draconid__Species__49bb3d6c.md,I - Pleroma Archive/World/Civilizations/Zek'razzar Veyrth/Species/Draconid.md,New Readers Start Here/I - Pleroma Archive/World/Civilizations/Zek'razzar Veyrth/Species/Draconid.md,yes,.md
Dracoshia__Species__69cce515.md,I - Pleroma Archive/World/Civilizations/Zek'razzar Veyrth/Species/Dracoshia.md,New Readers Start Here/I - Pleroma Archive/World/Civilizations/Zek'razzar Veyrth/Species/Dracoshia.md,yes,.md
Untitled__Society__6a82fe5e.md,I - Pleroma Archive/World/Civilizations/Zek'razzar Veyrth/Society/Untitled.md,New Readers Start Here/I - Pleroma Archive/World/Civilizations/Zek'razzar Veyrth/Society/Untitled.md,yes,.md
Temples.md,I - Pleroma Archive/World/Civilizations/Zek'razzar Veyrth/Infrastructure/Temples.md,New Readers Start Here/I - Pleroma Archive/World/Civilizations/Zek'razzar Veyrth/Infrastructure/Temples.md,yes,.md
Core Tenets.md,I - Pleroma Archive/World/Civilizations/Zek'razzar Veyrth/Doctrine/Core Tenets.md,New Readers Start Here/I - Pleroma Archive/World/Civilizations/Zek'razzar Veyrth/Doctrine/Core Tenets.md,yes,.md
Orders & Commands__Military__85ded324.md,I - Pleroma Archive/World/Civilizations/Galactic Federation/Military/Orders & Commands.md,New Readers Start Here/I - Pleroma Archive/World/Civilizations/Galactic Federation/Military/Orders & Commands.md,yes,.md
Legions__Military__5de14477.md,I - Pleroma Archive/World/Civilizations/Galactic Federation/Military/Legions.md,New Readers Start Here/I - Pleroma Archive/World/Civilizations/Galactic Federation/Military/Legions.md,yes,.md
Technology__Military__3395ce9c.md,I - Pleroma Archive/World/Civilizations/Galactic Federation/Military/Technology.md,New Readers Start Here/I - Pleroma Archive/World/Civilizations/Galactic Federation/Military/Technology.md,yes,.md
Military Overview__Military__259e7e24.md,I - Pleroma Archive/World/Civilizations/Galactic Federation/Military/Military Overview.md,New Readers Start Here/I - Pleroma Archive/World/Civilizations/Galactic Federation/Military/Military Overview.md,yes,.md
Technomagic__Science__f874b03a.md,I - Pleroma Archive/World/Civilizations/Galactic Federation/Science/Technomagic.md,New Readers Start Here/I - Pleroma Archive/World/Civilizations/Galactic Federation/Science/Technomagic.md,yes,.md
Aether__Science__2e84e18e.md,I - Pleroma Archive/World/Civilizations/Galactic Federation/Science/Aether.md,New Readers Start Here/I - Pleroma Archive/World/Civilizations/Galactic Federation/Science/Aether.md,yes,.md
Frameworks__Science__a084e2aa.md,I - Pleroma Archive/World/Civilizations/Galactic Federation/Science/Frameworks.md,New Readers Start Here/I - Pleroma Archive/World/Civilizations/Galactic Federation/Science/Frameworks.md,yes,.md
Political Structure__Government__a2caf1f3.md,I - Pleroma Archive/World/Civilizations/Galactic Federation/Government/Political Structure.md,New Readers Start Here/I - Pleroma Archive/World/Civilizations/Galactic Federation/Government/Political Structure.md,yes,.md
Councils & Ministries__Government__b341fdab.md,I - Pleroma Archive/World/Civilizations/Galactic Federation/Government/Councils & Ministries.md,New Readers Start Here/I - Pleroma Archive/World/Civilizations/Galactic Federation/Government/Councils & Ministries.md,yes,.md
Leaders__Government__22dfcdf3.md,I - Pleroma Archive/World/Civilizations/Galactic Federation/Government/Leaders.md,New Readers Start Here/I - Pleroma Archive/World/Civilizations/Galactic Federation/Government/Leaders.md,yes,.md
Art & Architecture.md,I - Pleroma Archive/World/Civilizations/Galactic Federation/Culture & Society/Art & Architecture.md,New Readers Start Here/I - Pleroma Archive/World/Civilizations/Galactic Federation/Culture & Society/Art & Architecture.md,yes,.md
Subcultures.md,I - Pleroma Archive/World/Civilizations/Galactic Federation/Culture & Society/Subcultures.md,New Readers Start Here/I - Pleroma Archive/World/Civilizations/Galactic Federation/Culture & Society/Subcultures.md,yes,.md
Education & Academy.md,I - Pleroma Archive/World/Civilizations/Galactic Federation/Culture & Society/Education & Academy.md,New Readers Start Here/I - Pleroma Archive/World/Civilizations/Galactic Federation/Culture & Society/Education & Academy.md,yes,.md
Daily LIfe.md,I - Pleroma Archive/World/Civilizations/Galactic Federation/Culture & Society/Daily LIfe.md,New Readers Start Here/I - Pleroma Archive/World/Civilizations/Galactic Federation/Culture & Society/Daily LIfe.md,yes,.md
Economy Overview__Economy _ Infrastructure__edb08b8d.md,I - Pleroma Archive/World/Civilizations/Galactic Federation/Economy & Infrastructure/Economy Overview.md,New Readers Start Here/I - Pleroma Archive/World/Civilizations/Galactic Federation/Economy & Infrastructure/Economy Overview.md,yes,.md
Archologies & Cities__Economy _ Infrastructure__e494323e.md,I - Pleroma Archive/World/Civilizations/Galactic Federation/Economy & Infrastructure/Archologies & Cities.md,New Readers Start Here/I - Pleroma Archive/World/Civilizations/Galactic Federation/Economy & Infrastructure/Archologies & Cities.md,yes,.md
Megastructures__Economy _ Infrastructure__fae1231d.md,I - Pleroma Archive/World/Civilizations/Galactic Federation/Economy & Infrastructure/Megastructures.md,New Readers Start Here/I - Pleroma Archive/World/Civilizations/Galactic Federation/Economy & Infrastructure/Megastructures.md,yes,.md
Trade & Resources__Economy _ Infrastructure__da8e16b0.md,I - Pleroma Archive/World/Civilizations/Galactic Federation/Economy & Infrastructure/Trade & Resources.md,New Readers Start Here/I - Pleroma Archive/World/Civilizations/Galactic Federation/Economy & Infrastructure/Trade & Resources.md,yes,.md
Symbols & Iconography__Overview__a4a5b7c5.md,I - Pleroma Archive/World/Civilizations/Galactic Federation/Overview/Symbols & Iconography.md,New Readers Start Here/I - Pleroma Archive/World/Civilizations/Galactic Federation/Overview/Symbols & Iconography.md,yes,.md
Timeline__Overview__f21e1250.md,I - Pleroma Archive/World/Civilizations/Galactic Federation/Overview/Timeline.md,New Readers Start Here/I - Pleroma Archive/World/Civilizations/Galactic Federation/Overview/Timeline.md,yes,.md
Faction Profile__Overview__1c74b1ca.md,I - Pleroma Archive/World/Civilizations/Galactic Federation/Overview/Faction Profile.md,New Readers Start Here/I - Pleroma Archive/World/Civilizations/Galactic Federation/Overview/Faction Profile.md,yes,.md
Heresy Classification__Doctrine__a4b6ed0d.md,I - Pleroma Archive/World/Civilizations/Galactic Federation/Doctrine/Heresy Classification.md,New Readers Start Here/I - Pleroma Archive/World/Civilizations/Galactic Federation/Doctrine/Heresy Classification.md,yes,.md
Imperial Truth.md,I - Pleroma Archive/World/Civilizations/Galactic Federation/Doctrine/Imperial Truth.md,New Readers Start Here/I - Pleroma Archive/World/Civilizations/Galactic Federation/Doctrine/Imperial Truth.md,yes,.md
Faith & Orders__Doctrine__f2945161.md,I - Pleroma Archive/World/Civilizations/Galactic Federation/Doctrine/Faith & Orders.md,New Readers Start Here/I - Pleroma Archive/World/Civilizations/Galactic Federation/Doctrine/Faith & Orders.md,yes,.md
Schools of Thought__Doctrine__552ef5c6.md,I - Pleroma Archive/World/Civilizations/Galactic Federation/Doctrine/Schools of Thought.md,New Readers Start Here/I - Pleroma Archive/World/Civilizations/Galactic Federation/Doctrine/Schools of Thought.md,yes,.md
Incident_Pack_Ypsilon_Shoals.md,I - Pleroma Archive/World/Civilizations/Harmonic Cooperative/Incidents/Incident_Pack_Ypsilon_Shoals.md,New Readers Start Here/I - Pleroma Archive/World/Civilizations/Harmonic Cooperative/Incidents/Incident_Pack_Ypsilon_Shoals.md,yes,.md
Open_Tuning_Standard_v1_3_Summary.md,I - Pleroma Archive/World/Civilizations/Harmonic Cooperative/FTL-and-Comms/Open_Tuning_Standard_v1_3_Summary.md,New Readers Start Here/I - Pleroma Archive/World/Civilizations/Harmonic Cooperative/FTL-and-Comms/Open_Tuning_Standard_v1_3_Summary.md,yes,.md
Resonant_Lattice_Field_Notes.md,I - Pleroma Archive/World/Civilizations/Harmonic Cooperative/FTL-and-Comms/Resonant_Lattice_Field_Notes.md,New Readers Start Here/I - Pleroma Archive/World/Civilizations/Harmonic Cooperative/FTL-and-Comms/Resonant_Lattice_Field_Notes.md,yes,.md
Chord_Councils_and_Conductors.md,I - Pleroma Archive/World/Civilizations/Harmonic Cooperative/Governance-and-Factions/Chord_Councils_and_Conductors.md,New Readers Start Here/I - Pleroma Archive/World/Civilizations/Harmonic Cooperative/Governance-and-Factions/Chord_Councils_and_Conductors.md,yes,.md
Faction_Cards_Harmonic.md,I - Pleroma Archive/World/Civilizations/Harmonic Cooperative/Governance-and-Factions/Faction_Cards_Harmonic.md,New Readers Start Here/I - Pleroma Archive/World/Civilizations/Harmonic Cooperative/Governance-and-Factions/Faction_Cards_Harmonic.md,yes,.md
Ypsilon_Shoals.md,I - Pleroma Archive/World/Civilizations/Harmonic Cooperative/Locations/Ypsilon_Shoals.md,New Readers Start Here/I - Pleroma Archive/World/Civilizations/Harmonic Cooperative/Locations/Ypsilon_Shoals.md,yes,.md
Chordhome_Iridesce.md,I - Pleroma Archive/World/Civilizations/Harmonic Cooperative/Locations/Chordhome_Iridesce.md,New Readers Start Here/I - Pleroma Archive/World/Civilizations/Harmonic Cooperative/Locations/Chordhome_Iridesce.md,yes,.md
Harmonic_Cooperative_One-Pager.md,I - Pleroma Archive/World/Civilizations/Harmonic Cooperative/Lore/Harmonic_Cooperative_One-Pager.md,New Readers Start Here/I - Pleroma Archive/World/Civilizations/Harmonic Cooperative/Lore/Harmonic_Cooperative_One-Pager.md,yes,.md
Harmonic_Charter_Core.md,I - Pleroma Archive/World/Civilizations/Harmonic Cooperative/Law-and-Doctrine/Harmonic_Charter_Core.md,New Readers Start Here/I - Pleroma Archive/World/Civilizations/Harmonic Cooperative/Law-and-Doctrine/Harmonic_Charter_Core.md,yes,.md
Glossary_Harmonic.md,I - Pleroma Archive/World/Civilizations/Harmonic Cooperative/Glossary/Glossary_Harmonic.md,New Readers Start Here/I - Pleroma Archive/World/Civilizations/Harmonic Cooperative/Glossary/Glossary_Harmonic.md,yes,.md
Choir_Fleet_R_Classes.md,I - Pleroma Archive/World/Civilizations/Harmonic Cooperative/Assets-and-Orders/Choir_Fleet_R_Classes.md,New Readers Start Here/I - Pleroma Archive/World/Civilizations/Harmonic Cooperative/Assets-and-Orders/Choir_Fleet_R_Classes.md,yes,.md
Ypsilon_Shoals_Open-Tuning_vs_Wayhouse_O23.md,I - Pleroma Archive/World/Civilizations/Harmonic Cooperative/Ops-Briefs/Ypsilon_Shoals_Open-Tuning_vs_Wayhouse_O23.md,New Readers Start Here/I - Pleroma Archive/World/Civilizations/Harmonic Cooperative/Ops-Briefs/Ypsilon_Shoals_Open-Tuning_vs_Wayhouse_O23.md,yes,.md
The Harmonic Courts.md,I - Pleroma Archive/World/Civilizations/Interstice City/Zones of Stability/The Harmonic Courts.md,New Readers Start Here/I - Pleroma Archive/World/Civilizations/Interstice City/Zones of Stability/The Harmonic Courts.md,yes,.md
The Fringe.md,I - Pleroma Archive/World/Civilizations/Interstice City/Zones of Stability/The Fringe.md,New Readers Start Here/I - Pleroma Archive/World/Civilizations/Interstice City/Zones of Stability/The Fringe.md,yes,.md
The Underlayers.md,I - Pleroma Archive/World/Civilizations/Interstice City/Zones of Stability/The Underlayers.md,New Readers Start Here/I - Pleroma Archive/World/Civilizations/Interstice City/Zones of Stability/The Underlayers.md,yes,.md
The Flux Bazaars.md,I - Pleroma Archive/World/Civilizations/Interstice City/Zones of Stability/The Flux Bazaars.md,New Readers Start Here/I - Pleroma Archive/World/Civilizations/Interstice City/Zones of Stability/The Flux Bazaars.md,yes,.md
The Labyrinth Zone.md,I - Pleroma Archive/World/Civilizations/Interstice City/Zones of Stability/The Labyrinth Zone.md,New Readers Start Here/I - Pleroma Archive/World/Civilizations/Interstice City/Zones of Stability/The Labyrinth Zone.md,yes,.md
The Paradox Districts.md,I - Pleroma Archive/World/Civilizations/Interstice City/Zones of Stability/The Paradox Districts.md,New Readers Start Here/I - Pleroma Archive/World/Civilizations/Interstice City/Zones of Stability/The Paradox Districts.md,yes,.md
The Anchor Wards (Stable Core).md,I - Pleroma Archive/World/Civilizations/Interstice City/Zones of Stability/The Anchor Wards (Stable Core).md,New Readers Start Here/I - Pleroma Archive/World/Civilizations/Interstice City/Zones of Stability/The Anchor Wards (Stable Core).md,yes,.md
Map of Interstice.md,I - Pleroma Archive/World/Civilizations/Interstice City/Relics/Map of Interstice.md,New Readers Start Here/I - Pleroma Archive/World/Civilizations/Interstice City/Relics/Map of Interstice.md,yes,.md
Interstice Keys.md,I - Pleroma Archive/World/Civilizations/Interstice City/Relics/Interstice Keys.md,New Readers Start Here/I - Pleroma Archive/World/Civilizations/Interstice City/Relics/Interstice Keys.md,yes,.md
Government__The Empyrearchy__c8a0c6ed.md,I - Pleroma Archive/World/Civilizations/Empyrean Continuum/The Empyrearchy/Government.md,New Readers Start Here/I - Pleroma Archive/World/Civilizations/Empyrean Continuum/The Empyrearchy/Government.md,yes,.md
Military__The Empyrearchy__f3355a5e.md,I - Pleroma Archive/World/Civilizations/Empyrean Continuum/The Empyrearchy/Military.md,New Readers Start Here/I - Pleroma Archive/World/Civilizations/Empyrean Continuum/The Empyrearchy/Military.md,yes,.md
Culture & Society__The Empyrearchy__3f94cf10.md,I - Pleroma Archive/World/Civilizations/Empyrean Continuum/The Empyrearchy/Culture & Society.md,New Readers Start Here/I - Pleroma Archive/World/Civilizations/Empyrean Continuum/The Empyrearchy/Culture & Society.md,yes,.md
Timeline__The Empyrearchy__2ee25290.md,I - Pleroma Archive/World/Civilizations/Empyrean Continuum/The Empyrearchy/Timeline.md,New Readers Start Here/I - Pleroma Archive/World/Civilizations/Empyrean Continuum/The Empyrearchy/Timeline.md,yes,.md
The Empyrearchy.md,I - Pleroma Archive/World/Civilizations/Empyrean Continuum/The Empyrearchy/The Empyrearchy.md,New Readers Start Here/I - Pleroma Archive/World/Civilizations/Empyrean Continuum/The Empyrearchy/The Empyrearchy.md,yes,.md
Core Identity.md,I - Pleroma Archive/World/Civilizations/Empyrean Continuum/The Empyrearchy/Core Identity.md,New Readers Start Here/I - Pleroma Archive/World/Civilizations/Empyrean Continuum/The Empyrearchy/Core Identity.md,yes,.md
Economy & Infrastructure__The Empyrearchy__1f7f0b44.md,I - Pleroma Archive/World/Civilizations/Empyrean Continuum/The Empyrearchy/Economy & Infrastructure.md,New Readers Start Here/I - Pleroma Archive/World/Civilizations/Empyrean Continuum/The Empyrearchy/Economy & Infrastructure.md,yes,.md
Doctrine__The Empyrearchy__2216f479.md,I - Pleroma Archive/World/Civilizations/Empyrean Continuum/The Empyrearchy/Doctrine.md,New Readers Start Here/I - Pleroma Archive/World/Civilizations/Empyrean Continuum/The Empyrearchy/Doctrine.md,yes,.md
Overview__The Empyrearchy__b379f2e1.md,I - Pleroma Archive/World/Civilizations/Empyrean Continuum/The Empyrearchy/Overview.md,New Readers Start Here/I - Pleroma Archive/World/Civilizations/Empyrean Continuum/The Empyrearchy/Overview.md,yes,.md
Orders & Commands__Military__749aab4d.md,I - Pleroma Archive/World/Civilizations/Synarchate/Military/Orders & Commands.md,New Readers Start Here/I - Pleroma Archive/World/Civilizations/Synarchate/Military/Orders & Commands.md,yes,.md
Technology__Military__e058f7f4.md,I - Pleroma Archive/World/Civilizations/Synarchate/Military/Technology.md,New Readers Start Here/I - Pleroma Archive/World/Civilizations/Synarchate/Military/Technology.md,yes,.md
Military Overview__Military__7637a935.md,I - Pleroma Archive/World/Civilizations/Synarchate/Military/Military Overview.md,New Readers Start Here/I - Pleroma Archive/World/Civilizations/Synarchate/Military/Military Overview.md,yes,.md
Technomagic__Science__53a10438.md,I - Pleroma Archive/World/Civilizations/Synarchate/Science/Technomagic.md,New Readers Start Here/I - Pleroma Archive/World/Civilizations/Synarchate/Science/Technomagic.md,yes,.md
culture.md,I - Pleroma Archive/World/Civilizations/Synarchate/Science/culture.md,New Readers Start Here/I - Pleroma Archive/World/Civilizations/Synarchate/Science/culture.md,yes,.md
Aether__Science__203c2f3d.md,I - Pleroma Archive/World/Civilizations/Synarchate/Science/Aether.md,New Readers Start Here/I - Pleroma Archive/World/Civilizations/Synarchate/Science/Aether.md,yes,.md
Frameworks__Science__c866cb04.md,I - Pleroma Archive/World/Civilizations/Synarchate/Science/Frameworks.md,New Readers Start Here/I - Pleroma Archive/World/Civilizations/Synarchate/Science/Frameworks.md,yes,.md
Political Structure__Government__ea5160dc.md,I - Pleroma Archive/World/Civilizations/Synarchate/Government/Political Structure.md,New Readers Start Here/I - Pleroma Archive/World/Civilizations/Synarchate/Government/Political Structure.md,yes,.md
Leaders__Government__284a8a26.md,I - Pleroma Archive/World/Civilizations/Synarchate/Government/Leaders.md,New Readers Start Here/I - Pleroma Archive/World/Civilizations/Synarchate/Government/Leaders.md,yes,.md
Untitled__Culture _ Society__159db726.md,I - Pleroma Archive/World/Civilizations/Synarchate/Culture & Society/Untitled.md,New Readers Start Here/I - Pleroma Archive/World/Civilizations/Synarchate/Culture & Society/Untitled.md,yes,.md
Economy Overview__Economy _ Infrastructure__ddd10612.md,I - Pleroma Archive/World/Civilizations/Synarchate/Economy & Infrastructure/Economy Overview.md,New Readers Start Here/I - Pleroma Archive/World/Civilizations/Synarchate/Economy & Infrastructure/Economy Overview.md,yes,.md
Archologies & Cities__Economy _ Infrastructure__5da99945.md,I - Pleroma Archive/World/Civilizations/Synarchate/Economy & Infrastructure/Archologies & Cities.md,New Readers Start Here/I - Pleroma Archive/World/Civilizations/Synarchate/Economy & Infrastructure/Archologies & Cities.md,yes,.md
Megastructures__Economy _ Infrastructure__f8a5374f.md,I - Pleroma Archive/World/Civilizations/Synarchate/Economy & Infrastructure/Megastructures.md,New Readers Start Here/I - Pleroma Archive/World/Civilizations/Synarchate/Economy & Infrastructure/Megastructures.md,yes,.md
Trade & Resources__Economy _ Infrastructure__19e73a9d.md,I - Pleroma Archive/World/Civilizations/Synarchate/Economy & Infrastructure/Trade & Resources.md,New Readers Start Here/I - Pleroma Archive/World/Civilizations/Synarchate/Economy & Infrastructure/Trade & Resources.md,yes,.md
Symbols & Iconography__Overview__4cefb9d6.md,I - Pleroma Archive/World/Civilizations/Synarchate/Overview/Symbols & Iconography.md,New Readers Start Here/I - Pleroma Archive/World/Civilizations/Synarchate/Overview/Symbols & Iconography.md,yes,.md
Timeline__Overview__6c1d4f37.md,I - Pleroma Archive/World/Civilizations/Synarchate/Overview/Timeline.md,New Readers Start Here/I - Pleroma Archive/World/Civilizations/Synarchate/Overview/Timeline.md,yes,.md
Untitled__Doctrine__ffcd71f5.md,I - Pleroma Archive/World/Civilizations/Synarchate/Doctrine/Untitled.md,New Readers Start Here/I - Pleroma Archive/World/Civilizations/Synarchate/Doctrine/Untitled.md,yes,.md
Incident_Pack_Gate_O19.md,I - Pleroma Archive/World/Civilizations/Athearn Empire/Incidents/Incident_Pack_Gate_O19.md,New Readers Start Here/I - Pleroma Archive/World/Civilizations/Athearn Empire/Incidents/Incident_Pack_Gate_O19.md,yes,.md
Wayhouse_O-19.md,I - Pleroma Archive/World/Civilizations/Athearn Empire/Locations/Wayhouse_O-19.md,New Readers Start Here/I - Pleroma Archive/World/Civilizations/Athearn Empire/Locations/Wayhouse_O-19.md,yes,.md
Kassandor_System.md,I - Pleroma Archive/World/Civilizations/Athearn Empire/Locations/Kassandor_System.md,New Readers Start Here/I - Pleroma Archive/World/Civilizations/Athearn Empire/Locations/Kassandor_System.md,yes,.md
Ward-Charter_Template.md,I - Pleroma Archive/World/Civilizations/Athearn Empire/Law-and-Doctrine/Ward-Charter_Template.md,New Readers Start Here/I - Pleroma Archive/World/Civilizations/Athearn Empire/Law-and-Doctrine/Ward-Charter_Template.md,yes,.md
Reason-Sheet_Template.md,I - Pleroma Archive/World/Civilizations/Athearn Empire/Law-and-Doctrine/Reason-Sheet_Template.md,New Readers Start Here/I - Pleroma Archive/World/Civilizations/Athearn Empire/Law-and-Doctrine/Reason-Sheet_Template.md,yes,.md
Dominion_Touchpoints.md,I - Pleroma Archive/World/Civilizations/Athearn Empire/Factions/Dominion_Touchpoints.md,New Readers Start Here/I - Pleroma Archive/World/Civilizations/Athearn Empire/Factions/Dominion_Touchpoints.md,yes,.md
Athearn_Faction_Cards.md,I - Pleroma Archive/World/Civilizations/Athearn Empire/Factions/Athearn_Faction_Cards.md,New Readers Start Here/I - Pleroma Archive/World/Civilizations/Athearn Empire/Factions/Athearn_Faction_Cards.md,yes,.md
Order_of_Battle_Shepherd_Legions_March.md,I - Pleroma Archive/World/Civilizations/Athearn Empire/Assets-and-Orders/Order_of_Battle_Shepherd_Legions_March.md,New Readers Start Here/I - Pleroma Archive/World/Civilizations/Athearn Empire/Assets-and-Orders/Order_of_Battle_Shepherd_Legions_March.md,yes,.md
Aletheia-March_vs_Dominion-Corridor_O-19.md,I - Pleroma Archive/World/Civilizations/Athearn Empire/Ops-Briefs/Aletheia-March_vs_Dominion-Corridor_O-19.md,New Readers Start Here/I - Pleroma Archive/World/Civilizations/Athearn Empire/Ops-Briefs/Aletheia-March_vs_Dominion-Corridor_O-19.md,yes,.md
Military__Military__6935b5cb.md,I - Pleroma Archive/World/Civilizations/Dominion/Military/Military.md,New Readers Start Here/I - Pleroma Archive/World/Civilizations/Dominion/Military/Military.md,yes,.md
SylΓÇÖCothan Enigma.md,I - Pleroma Archive/World/Civilizations/Dominion/Science/SylΓÇÖCothan Enigma.md,New Readers Start Here/I - Pleroma Archive/World/Civilizations/Dominion/Science/SylΓÇÖCothan Enigma.md,yes,.md
Cosmological Timeline Map.md,I - Pleroma Archive/World/Civilizations/Dominion/Science/Cosmological Timeline Map.md,New Readers Start Here/I - Pleroma Archive/World/Civilizations/Dominion/Science/Cosmological Timeline Map.md,yes,.md
Frameworks__Science__a4648713.md,I - Pleroma Archive/World/Civilizations/Dominion/Science/Frameworks.md,New Readers Start Here/I - Pleroma Archive/World/Civilizations/Dominion/Science/Frameworks.md,yes,.md
Dual Government Model.md,I - Pleroma Archive/World/Civilizations/Dominion/Government/Dual Government Model.md,New Readers Start Here/I - Pleroma Archive/World/Civilizations/Dominion/Government/Dual Government Model.md,yes,.md
Government Hierarchy.md,I - Pleroma Archive/World/Civilizations/Dominion/Government/Government Hierarchy.md,New Readers Start Here/I - Pleroma Archive/World/Civilizations/Dominion/Government/Government Hierarchy.md,yes,.md
Political Structure__Government__18b997ba.md,I - Pleroma Archive/World/Civilizations/Dominion/Government/Political Structure.md,New Readers Start Here/I - Pleroma Archive/World/Civilizations/Dominion/Government/Political Structure.md,yes,.md
The Accord.md,I - Pleroma Archive/World/Civilizations/Dominion/Government/The Accord.md,New Readers Start Here/I - Pleroma Archive/World/Civilizations/Dominion/Government/The Accord.md,yes,.md
Dominion Institutions.md,I - Pleroma Archive/World/Civilizations/Dominion/Government/Dominion Institutions.md,New Readers Start Here/I - Pleroma Archive/World/Civilizations/Dominion/Government/Dominion Institutions.md,yes,.md
Language & Alphabet.md,I - Pleroma Archive/World/Civilizations/Dominion/Culture & Society/Language & Alphabet.md,New Readers Start Here/I - Pleroma Archive/World/Civilizations/Dominion/Culture & Society/Language & Alphabet.md,yes,.md
Customs & Festivals.md,I - Pleroma Archive/World/Civilizations/Dominion/Culture & Society/Customs & Festivals.md,New Readers Start Here/I - Pleroma Archive/World/Civilizations/Dominion/Culture & Society/Customs & Festivals.md,yes,.md
Honor System.md,I - Pleroma Archive/World/Civilizations/Dominion/Culture & Society/Honor System.md,New Readers Start Here/I - Pleroma Archive/World/Civilizations/Dominion/Culture & Society/Honor System.md,yes,.md
Social Structure.md,I - Pleroma Archive/World/Civilizations/Dominion/Culture & Society/Social Structure.md,New Readers Start Here/I - Pleroma Archive/World/Civilizations/Dominion/Culture & Society/Social Structure.md,yes,.md
Daily Life__Culture _ Society__8bb56d3c.md,I - Pleroma Archive/World/Civilizations/Dominion/Culture & Society/Daily Life.md,New Readers Start Here/I - Pleroma Archive/World/Civilizations/Dominion/Culture & Society/Daily Life.md,yes,.md
Coliseums.md,I - Pleroma Archive/World/Civilizations/Dominion/Culture & Society/Coliseums.md,New Readers Start Here/I - Pleroma Archive/World/Civilizations/Dominion/Culture & Society/Coliseums.md,yes,.md
Subcultures & Dissent.md,I - Pleroma Archive/World/Civilizations/Dominion/Culture & Society/Subcultures & Dissent.md,New Readers Start Here/I - Pleroma Archive/World/Civilizations/Dominion/Culture & Society/Subcultures & Dissent.md,yes,.md
Arts & Expression.md,I - Pleroma Archive/World/Civilizations/Dominion/Culture & Society/Arts & Expression.md,New Readers Start Here/I - Pleroma Archive/World/Civilizations/Dominion/Culture & Society/Arts & Expression.md,yes,.md
Hall of Service__Culture _ Society__7144e506.md,I - Pleroma Archive/World/Civilizations/Dominion/Culture & Society/Hall of Service.md,New Readers Start Here/I - Pleroma Archive/World/Civilizations/Dominion/Culture & Society/Hall of Service.md,yes,.md
Ritual Calendar of Continuity.md,I - Pleroma Archive/World/Civilizations/Dominion/Culture & Society/Ritual Calendar of Continuity.md,New Readers Start Here/I - Pleroma Archive/World/Civilizations/Dominion/Culture & Society/Ritual Calendar of Continuity.md,yes,.md
Social Cohesion & Control.md,I - Pleroma Archive/World/Civilizations/Dominion/Culture & Society/Social Cohesion & Control.md,New Readers Start Here/I - Pleroma Archive/World/Civilizations/Dominion/Culture & Society/Social Cohesion & Control.md,yes,.md
Librarium of Final Acts.md,I - Pleroma Archive/World/Civilizations/Dominion/Locations/Librarium of Final Acts.md,New Readers Start Here/I - Pleroma Archive/World/Civilizations/Dominion/Locations/Librarium of Final Acts.md,yes,.md
Aurora Station.md,I - Pleroma Archive/World/Civilizations/Dominion/Locations/Aurora Station.md,New Readers Start Here/I - Pleroma Archive/World/Civilizations/Dominion/Locations/Aurora Station.md,yes,.md
Pharos Ultima.md,I - Pleroma Archive/World/Civilizations/Dominion/Locations/Pharos Ultima.md,New Readers Start Here/I - Pleroma Archive/World/Civilizations/Dominion/Locations/Pharos Ultima.md,yes,.md
New Harmina.md,I - Pleroma Archive/World/Civilizations/Dominion/Locations/New Harmina.md,New Readers Start Here/I - Pleroma Archive/World/Civilizations/Dominion/Locations/New Harmina.md,yes,.md
Hall of Service__Locations__2ace8c02.md,I - Pleroma Archive/World/Civilizations/Dominion/Locations/Hall of Service.md,New Readers Start Here/I - Pleroma Archive/World/Civilizations/Dominion/Locations/Hall of Service.md,yes,.md
The Ferox Palace.md,I - Pleroma Archive/World/Civilizations/Dominion/Locations/The Ferox Palace.md,New Readers Start Here/I - Pleroma Archive/World/Civilizations/Dominion/Locations/The Ferox Palace.md,yes,.md
Velorum R-9.md,I - Pleroma Archive/World/Civilizations/Dominion/Locations/Velorum R-9.md,New Readers Start Here/I - Pleroma Archive/World/Civilizations/Dominion/Locations/Velorum R-9.md,yes,.md
Energy Systems.md,I - Pleroma Archive/World/Civilizations/Dominion/Economy & Infrastructure/Energy Systems.md,New Readers Start Here/I - Pleroma Archive/World/Civilizations/Dominion/Economy & Infrastructure/Energy Systems.md,yes,.md
Three Great Circulations.md,I - Pleroma Archive/World/Civilizations/Dominion/Economy & Infrastructure/Three Great Circulations.md,New Readers Start Here/I - Pleroma Archive/World/Civilizations/Dominion/Economy & Infrastructure/Three Great Circulations.md,yes,.md
Spacecial Architecture.md,I - Pleroma Archive/World/Civilizations/Dominion/Economy & Infrastructure/Spacecial Architecture.md,New Readers Start Here/I - Pleroma Archive/World/Civilizations/Dominion/Economy & Infrastructure/Spacecial Architecture.md,yes,.md
Economy Overview__Economy _ Infrastructure__a968d8fe.md,I - Pleroma Archive/World/Civilizations/Dominion/Economy & Infrastructure/Economy Overview.md,New Readers Start Here/I - Pleroma Archive/World/Civilizations/Dominion/Economy & Infrastructure/Economy Overview.md,yes,.md
Industrial Systems.md,I - Pleroma Archive/World/Civilizations/Dominion/Economy & Infrastructure/Industrial Systems.md,New Readers Start Here/I - Pleroma Archive/World/Civilizations/Dominion/Economy & Infrastructure/Industrial Systems.md,yes,.md
Transportation & Transit.md,I - Pleroma Archive/World/Civilizations/Dominion/Economy & Infrastructure/Transportation & Transit.md,New Readers Start Here/I - Pleroma Archive/World/Civilizations/Dominion/Economy & Infrastructure/Transportation & Transit.md,yes,.md
Communications & Networks.md,I - Pleroma Archive/World/Civilizations/Dominion/Economy & Infrastructure/Communications & Networks.md,New Readers Start Here/I - Pleroma Archive/World/Civilizations/Dominion/Economy & Infrastructure/Communications & Networks.md,yes,.md
Archologies & Cities__Economy _ Infrastructure__83597c54.md,I - Pleroma Archive/World/Civilizations/Dominion/Economy & Infrastructure/Archologies & Cities.md,New Readers Start Here/I - Pleroma Archive/World/Civilizations/Dominion/Economy & Infrastructure/Archologies & Cities.md,yes,.md
Civic Infrastructure.md,I - Pleroma Archive/World/Civilizations/Dominion/Economy & Infrastructure/Civic Infrastructure.md,New Readers Start Here/I - Pleroma Archive/World/Civilizations/Dominion/Economy & Infrastructure/Civic Infrastructure.md,yes,.md
Military Infrastructure.md,I - Pleroma Archive/World/Civilizations/Dominion/Economy & Infrastructure/Military Infrastructure.md,New Readers Start Here/I - Pleroma Archive/World/Civilizations/Dominion/Economy & Infrastructure/Military Infrastructure.md,yes,.md
Infrastructure & Control.md,I - Pleroma Archive/World/Civilizations/Dominion/Economy & Infrastructure/Infrastructure & Control.md,New Readers Start Here/I - Pleroma Archive/World/Civilizations/Dominion/Economy & Infrastructure/Infrastructure & Control.md,yes,.md
Votum Manus ΓÇô The Vowhand__Relics__0d619adb.md,I - Pleroma Archive/World/Civilizations/Dominion/Relics/Votum Manus ΓÇô The Vowhand.md,New Readers Start Here/I - Pleroma Archive/World/Civilizations/Dominion/Relics/Votum Manus ΓÇô The Vowhand.md,yes,.md
Clavis Mortem ΓÇô The Deathkey Gauntlet__Relics__fb20215c.md,I - Pleroma Archive/World/Civilizations/Dominion/Relics/Clavis Mortem ΓÇô The Deathkey Gauntlet.md,New Readers Start Here/I - Pleroma Archive/World/Civilizations/Dominion/Relics/Clavis Mortem ΓÇô The Deathkey Gauntlet.md,yes,.md
Caelestis Spiculum ΓÇô The Celestial Fang__Relics__e140a30b.md,I - Pleroma Archive/World/Civilizations/Dominion/Relics/Caelestis Spiculum ΓÇô The Celestial Fang.md,New Readers Start Here/I - Pleroma Archive/World/Civilizations/Dominion/Relics/Caelestis Spiculum ΓÇô The Celestial Fang.md,yes,.md
"Tessarion, the Final Ice__Relics__ed94b3fc.md","I - Pleroma Archive/World/Civilizations/Dominion/Relics/Tessarion, the Final Ice.md","New Readers Start Here/I - Pleroma Archive/World/Civilizations/Dominion/Relics/Tessarion, the Final Ice.md",yes,.md
"Ignivar, the Crucible Lance__Relics__10e885a0.md","I - Pleroma Archive/World/Civilizations/Dominion/Relics/Ignivar, the Crucible Lance.md","New Readers Start Here/I - Pleroma Archive/World/Civilizations/Dominion/Relics/Ignivar, the Crucible Lance.md",yes,.md
Vox Ultima ΓÇô Final Voice of the Empress__Relics__ce152537.md,I - Pleroma Archive/World/Civilizations/Dominion/Relics/Vox Ultima ΓÇô Final Voice of the Empress.md,New Readers Start Here/I - Pleroma Archive/World/Civilizations/Dominion/Relics/Vox Ultima ΓÇô Final Voice of the Empress.md,yes,.md
Vigil Ecclesia ΓÇô The Churchwatch Carbine__Relics__85ebd070.md,I - Pleroma Archive/World/Civilizations/Dominion/Relics/Vigil Ecclesia ΓÇô The Churchwatch Carbine.md,New Readers Start Here/I - Pleroma Archive/World/Civilizations/Dominion/Relics/Vigil Ecclesia ΓÇô The Churchwatch Carbine.md,yes,.md
Chalice of Silence__Relics__1dea1693.md,I - Pleroma Archive/World/Civilizations/Dominion/Relics/Chalice of Silence.md,New Readers Start Here/I - Pleroma Archive/World/Civilizations/Dominion/Relics/Chalice of Silence.md,yes,.md
Thronebreaker__Relics__486a0aa7.md,I - Pleroma Archive/World/Civilizations/Dominion/Relics/Thronebreaker.md,New Readers Start Here/I - Pleroma Archive/World/Civilizations/Dominion/Relics/Thronebreaker.md,yes,.md
Sanction Redeemer__Relics__04d88ad7.md,I - Pleroma Archive/World/Civilizations/Dominion/Relics/Sanction Redeemer.md,New Readers Start Here/I - Pleroma Archive/World/Civilizations/Dominion/Relics/Sanction Redeemer.md,yes,.md
"Myriath, the Choir of Blades__Relics__a6c079a2.md","I - Pleroma Archive/World/Civilizations/Dominion/Relics/Myriath, the Choir of Blades.md","New Readers Start Here/I - Pleroma Archive/World/Civilizations/Dominion/Relics/Myriath, the Choir of Blades.md",yes,.md
Veritus Rex ΓÇô Crown of Judgment__Relics__c1747745.md,I - Pleroma Archive/World/Civilizations/Dominion/Relics/Veritus Rex ΓÇô Crown of Judgment.md,New Readers Start Here/I - Pleroma Archive/World/Civilizations/Dominion/Relics/Veritus Rex ΓÇô Crown of Judgment.md,yes,.md
Absolution Engine__Relics__9ce9af50.md,I - Pleroma Archive/World/Civilizations/Dominion/Relics/Absolution Engine.md,New Readers Start Here/I - Pleroma Archive/World/Civilizations/Dominion/Relics/Absolution Engine.md,yes,.md
Feralis Machina ΓÇô The Wild Law__Relics__a2a13d1d.md,I - Pleroma Archive/World/Civilizations/Dominion/Relics/Feralis Machina ΓÇô The Wild Law.md,New Readers Start Here/I - Pleroma Archive/World/Civilizations/Dominion/Relics/Feralis Machina ΓÇô The Wild Law.md,yes,.md
The Anastael__Relics__d9b9baba.md,I - Pleroma Archive/World/Civilizations/Dominion/Relics/The Anastael.md,New Readers Start Here/I - Pleroma Archive/World/Civilizations/Dominion/Relics/The Anastael.md,yes,.md
Lex Mechanis ΓÇô The Lawbringer Rotary Cannon__Relics__8ac04408.md,I - Pleroma Archive/World/Civilizations/Dominion/Relics/Lex Mechanis ΓÇô The Lawbringer Rotary Cannon.md,New Readers Start Here/I - Pleroma Archive/World/Civilizations/Dominion/Relics/Lex Mechanis ΓÇô The Lawbringer Rotary Cannon.md,yes,.md
Manus Solis ΓÇô The Sunhand__Relics__3f10548e.md,I - Pleroma Archive/World/Civilizations/Dominion/Relics/Manus Solis ΓÇô The Sunhand.md,New Readers Start Here/I - Pleroma Archive/World/Civilizations/Dominion/Relics/Manus Solis ΓÇô The Sunhand.md,yes,.md
Spatha Celestis ΓÇô The Celestial Bladegun__Relics__ee4a915c.md,I - Pleroma Archive/World/Civilizations/Dominion/Relics/Spatha Celestis ΓÇô The Celestial Bladegun.md,New Readers Start Here/I - Pleroma Archive/World/Civilizations/Dominion/Relics/Spatha Celestis ΓÇô The Celestial Bladegun.md,yes,.md
Penance Aeternum ΓÇô The Eternal Rebuke__Relics__363c7fe3.md,I - Pleroma Archive/World/Civilizations/Dominion/Relics/Penance Aeternum ΓÇô The Eternal Rebuke.md,New Readers Start Here/I - Pleroma Archive/World/Civilizations/Dominion/Relics/Penance Aeternum ΓÇô The Eternal Rebuke.md,yes,.md
"Veilward, the Folded Bulwark__Relics__564751f7.md","I - Pleroma Archive/World/Civilizations/Dominion/Relics/Veilward, the Folded Bulwark.md","New Readers Start Here/I - Pleroma Archive/World/Civilizations/Dominion/Relics/Veilward, the Folded Bulwark.md",yes,.md
Lex Ardent ΓÇô The Law Incarnate__Relics__b43f70d3.md,I - Pleroma Archive/World/Civilizations/Dominion/Relics/Lex Ardent ΓÇô The Law Incarnate.md,New Readers Start Here/I - Pleroma Archive/World/Civilizations/Dominion/Relics/Lex Ardent ΓÇô The Law Incarnate.md,yes,.md
StarMasters Cloak.md,I - Pleroma Archive/World/Civilizations/Dominion/Relics/StarMasters Cloak.md,New Readers Start Here/I - Pleroma Archive/World/Civilizations/Dominion/Relics/StarMasters Cloak.md,yes,.md
"Mortanus, Voice of Ending__Relics__689b3462.md","I - Pleroma Archive/World/Civilizations/Dominion/Relics/Mortanus, Voice of Ending.md","New Readers Start Here/I - Pleroma Archive/World/Civilizations/Dominion/Relics/Mortanus, Voice of Ending.md",yes,.md
Judicari Clavis ΓÇô Twin Gauntlets of Final Judgement__Relics__8e4e21b8.md,I - Pleroma Archive/World/Civilizations/Dominion/Relics/Judicari Clavis ΓÇô Twin Gauntlets of Final Judgement.md,New Readers Start Here/I - Pleroma Archive/World/Civilizations/Dominion/Relics/Judicari Clavis ΓÇô Twin Gauntlets of Final Judgement.md,yes,.md
Symbols & Iconography__Overview__321353a5.md,I - Pleroma Archive/World/Civilizations/Dominion/Overview/Symbols & Iconography.md,New Readers Start Here/I - Pleroma Archive/World/Civilizations/Dominion/Overview/Symbols & Iconography.md,yes,.md
Dominion Overview - Canon Spine.md,I - Pleroma Archive/World/Civilizations/Dominion/Overview/Dominion Overview - Canon Spine.md,New Readers Start Here/I - Pleroma Archive/World/Civilizations/Dominion/Overview/Dominion Overview - Canon Spine.md,yes,.md
Dominion Vault Cleanup Audit.md,I - Pleroma Archive/World/Civilizations/Dominion/Overview/Dominion Vault Cleanup Audit.md,New Readers Start Here/I - Pleroma Archive/World/Civilizations/Dominion/Overview/Dominion Vault Cleanup Audit.md,yes,.md
The Dominion as Survival State.md,I - Pleroma Archive/World/Civilizations/Dominion/Overview/The Dominion as Survival State.md,New Readers Start Here/I - Pleroma Archive/World/Civilizations/Dominion/Overview/The Dominion as Survival State.md,yes,.md
The Greater Attractor.md,I - Pleroma Archive/World/Civilizations/Dominion/Doctrine/The Greater Attractor.md,New Readers Start Here/I - Pleroma Archive/World/Civilizations/Dominion/Doctrine/The Greater Attractor.md,yes,.md
Legionary Doctrine.md,I - Pleroma Archive/World/Civilizations/Dominion/Doctrine/Legionary Doctrine.md,New Readers Start Here/I - Pleroma Archive/World/Civilizations/Dominion/Doctrine/Legionary Doctrine.md,yes,.md
SylΓÇÖCothan Doctrine.md,I - Pleroma Archive/World/Civilizations/Dominion/Doctrine/SylΓÇÖCothan Doctrine.md,New Readers Start Here/I - Pleroma Archive/World/Civilizations/Dominion/Doctrine/SylΓÇÖCothan Doctrine.md,yes,.md
Continuity Code.md,I - Pleroma Archive/World/Civilizations/Dominion/Doctrine/Continuity Code.md,New Readers Start Here/I - Pleroma Archive/World/Civilizations/Dominion/Doctrine/Continuity Code.md,yes,.md
Civic Doctrine.md,I - Pleroma Archive/World/Civilizations/Dominion/Doctrine/Civic Doctrine.md,New Readers Start Here/I - Pleroma Archive/World/Civilizations/Dominion/Doctrine/Civic Doctrine.md,yes,.md
Political Doctrine.md,I - Pleroma Archive/World/Civilizations/Dominion/Doctrine/Political Doctrine.md,New Readers Start Here/I - Pleroma Archive/World/Civilizations/Dominion/Doctrine/Political Doctrine.md,yes,.md
Naval Doctrine.md,I - Pleroma Archive/World/Civilizations/Dominion/Doctrine/Naval Doctrine.md,New Readers Start Here/I - Pleroma Archive/World/Civilizations/Dominion/Doctrine/Naval Doctrine.md,yes,.md
Military Doctrine.md,I - Pleroma Archive/World/Civilizations/Dominion/Doctrine/Military Doctrine.md,New Readers Start Here/I - Pleroma Archive/World/Civilizations/Dominion/Doctrine/Military Doctrine.md,yes,.md
Expansion Doctrine.md,I - Pleroma Archive/World/Civilizations/Dominion/Doctrine/Expansion Doctrine.md,New Readers Start Here/I - Pleroma Archive/World/Civilizations/Dominion/Doctrine/Expansion Doctrine.md,yes,.md
Religious & Ideological Doctrine.md,I - Pleroma Archive/World/Civilizations/Dominion/Doctrine/Religious & Ideological Doctrine.md,New Readers Start Here/I - Pleroma Archive/World/Civilizations/Dominion/Doctrine/Religious & Ideological Doctrine.md,yes,.md
Intelligence & Infernariate Doctrine.md,I - Pleroma Archive/World/Civilizations/Dominion/Doctrine/Intelligence & Infernariate Doctrine.md,New Readers Start Here/I - Pleroma Archive/World/Civilizations/Dominion/Doctrine/Intelligence & Infernariate Doctrine.md,yes,.md
Military__Military__bf208025.md,I - Pleroma Archive/World/Civilizations/Attea Matil/Military/Military.md,New Readers Start Here/I - Pleroma Archive/World/Civilizations/Attea Matil/Military/Military.md,yes,.md
Untitled__Military__89b7956a.md,I - Pleroma Archive/World/Civilizations/Attea Matil/Military/Untitled.md,New Readers Start Here/I - Pleroma Archive/World/Civilizations/Attea Matil/Military/Untitled.md,yes,.md
Government__Government__b92d2681.md,I - Pleroma Archive/World/Civilizations/Attea Matil/Government/Government.md,New Readers Start Here/I - Pleroma Archive/World/Civilizations/Attea Matil/Government/Government.md,yes,.md
Untitled__Government__e04b5306.md,I - Pleroma Archive/World/Civilizations/Attea Matil/Government/Untitled.md,New Readers Start Here/I - Pleroma Archive/World/Civilizations/Attea Matil/Government/Untitled.md,yes,.md
Identity__Culture _ Society__8ca07ac4.md,I - Pleroma Archive/World/Civilizations/Attea Matil/Culture & Society/Identity.md,New Readers Start Here/I - Pleroma Archive/World/Civilizations/Attea Matil/Culture & Society/Identity.md,yes,.md
Continuity Economics.md,I - Pleroma Archive/World/Civilizations/Attea Matil/Economy & Infrastructure/Continuity Economics.md,New Readers Start Here/I - Pleroma Archive/World/Civilizations/Attea Matil/Economy & Infrastructure/Continuity Economics.md,yes,.md
Untitled__Overview__cf181e8c.md,I - Pleroma Archive/World/Civilizations/Attea Matil/Overview/Untitled.md,New Readers Start Here/I - Pleroma Archive/World/Civilizations/Attea Matil/Overview/Untitled.md,yes,.md
Overview__Overview__47be0ccb.md,I - Pleroma Archive/World/Civilizations/Attea Matil/Overview/Overview.md,New Readers Start Here/I - Pleroma Archive/World/Civilizations/Attea Matil/Overview/Overview.md,yes,.md
Continuity.md,I - Pleroma Archive/World/Civilizations/Attea Matil/Doctrine/Continuity.md,New Readers Start Here/I - Pleroma Archive/World/Civilizations/Attea Matil/Doctrine/Continuity.md,yes,.md
C-Vac Plague.md,I - Pleroma Archive/World/Flora & Fauna/Entities/Chthonovermis/C-Vac Plague.md,New Readers Start Here/I - Pleroma Archive/World/Flora & Fauna/Entities/Chthonovermis/C-Vac Plague.md,yes,.md
Chthonovermis.md,I - Pleroma Archive/World/Flora & Fauna/Entities/Chthonovermis/Chthonovermis.md,New Readers Start Here/I - Pleroma Archive/World/Flora & Fauna/Entities/Chthonovermis/Chthonovermis.md,yes,.md
Maris Teth ΓÇô Smuggler & Cargo Rerouter.md,II - Companion Narratives/Syl'Cothan Dominion/4 - Equilion Union/Book I (HubFall)/Characters/Colonist Civilian Network (Peripheral Influencers)/Maris Teth ΓÇô Smuggler & Cargo Rerouter.md,New Readers Start Here/II - Companion Narratives/Syl'Cothan Dominion/4 - Equilion Union/Book I (HubFall)/Characters/Colonist Civilian Network (Peripheral Influencers)/Maris Teth ΓÇô Smuggler & Cargo Rerouter.md,yes,.md
Kaleem Dirwan ΓÇô Civilian Spokesperson.md,II - Companion Narratives/Syl'Cothan Dominion/4 - Equilion Union/Book I (HubFall)/Characters/Colonist Civilian Network (Peripheral Influencers)/Kaleem Dirwan ΓÇô Civilian Spokesperson.md,New Readers Start Here/II - Companion Narratives/Syl'Cothan Dominion/4 - Equilion Union/Book I (HubFall)/Characters/Colonist Civilian Network (Peripheral Influencers)/Kaleem Dirwan ΓÇô Civilian Spokesperson.md,yes,.md
Tarek Ambar ΓÇô Geothermal Surveyor & Resource Analyst.md,II - Companion Narratives/Syl'Cothan Dominion/4 - Equilion Union/Book I (HubFall)/Characters/The Ark Crew (Deep Colonist Science Vessel)/Tarek Ambar ΓÇô Geothermal Surveyor & Resource Analyst.md,New Readers Start Here/II - Companion Narratives/Syl'Cothan Dominion/4 - Equilion Union/Book I (HubFall)/Characters/The Ark Crew (Deep Colonist Science Vessel)/Tarek Ambar ΓÇô Geothermal Surveyor & Resource Analyst.md,yes,.md
Elias Teresh ΓÇô Cognitive Systems Analyst & Psych Officer.md,II - Companion Narratives/Syl'Cothan Dominion/4 - Equilion Union/Book I (HubFall)/Characters/The Ark Crew (Deep Colonist Science Vessel)/Elias Teresh ΓÇô Cognitive Systems Analyst & Psych Officer.md,New Readers Start Here/II - Companion Narratives/Syl'Cothan Dominion/4 - Equilion Union/Book I (HubFall)/Characters/The Ark Crew (Deep Colonist Science Vessel)/Elias Teresh ΓÇô Cognitive Systems Analyst & Psych Officer.md,yes,.md
Jun-Sil Varrin ΓÇô Ex-Cybernetics Researcher.md,II - Companion Narratives/Syl'Cothan Dominion/4 - Equilion Union/Book I (HubFall)/Characters/The Ark Crew (Deep Colonist Science Vessel)/Jun-Sil Varrin ΓÇô Ex-Cybernetics Researcher.md,New Readers Start Here/II - Companion Narratives/Syl'Cothan Dominion/4 - Equilion Union/Book I (HubFall)/Characters/The Ark Crew (Deep Colonist Science Vessel)/Jun-Sil Varrin ΓÇô Ex-Cybernetics Researcher.md,yes,.md
Dr. Nyema Essai ΓÇô Relic Cryptographer & Xenoarchaeologist.md,II - Companion Narratives/Syl'Cothan Dominion/4 - Equilion Union/Book I (HubFall)/Characters/The Ark Crew (Deep Colonist Science Vessel)/Dr. Nyema Essai ΓÇô Relic Cryptographer & Xenoarchaeologist.md,New Readers Start Here/II - Companion Narratives/Syl'Cothan Dominion/4 - Equilion Union/Book I (HubFall)/Characters/The Ark Crew (Deep Colonist Science Vessel)/Dr. Nyema Essai ΓÇô Relic Cryptographer & Xenoarchaeologist.md,yes,.md
Captain Amina Corvalen ΓÇô Ark Commander.md,II - Companion Narratives/Syl'Cothan Dominion/4 - Equilion Union/Book I (HubFall)/Characters/The Ark Crew (Deep Colonist Science Vessel)/Captain Amina Corvalen ΓÇô Ark Commander.md,New Readers Start Here/II - Companion Narratives/Syl'Cothan Dominion/4 - Equilion Union/Book I (HubFall)/Characters/The Ark Crew (Deep Colonist Science Vessel)/Captain Amina Corvalen ΓÇô Ark Commander.md,yes,.md
Dr. Siena Agwe╠ü ΓÇô Chief Biologist.md,II - Companion Narratives/Syl'Cothan Dominion/4 - Equilion Union/Book I (HubFall)/Characters/Aurora Station Crew (Orbital Overwatch)/Dr. Siena Agwe╠ü ΓÇô Chief Biologist.md,New Readers Start Here/II - Companion Narratives/Syl'Cothan Dominion/4 - Equilion Union/Book I (HubFall)/Characters/Aurora Station Crew (Orbital Overwatch)/Dr. Siena Agwe╠ü ΓÇô Chief Biologist.md,yes,.md
Sergeant Khal Rami ΓÇô Transit Housing Enforcer.md,II - Companion Narratives/Syl'Cothan Dominion/4 - Equilion Union/Book I (HubFall)/Characters/Aurora Station Crew (Orbital Overwatch)/Sergeant Khal Rami ΓÇô Transit Housing Enforcer.md,New Readers Start Here/II - Companion Narratives/Syl'Cothan Dominion/4 - Equilion Union/Book I (HubFall)/Characters/Aurora Station Crew (Orbital Overwatch)/Sergeant Khal Rami ΓÇô Transit Housing Enforcer.md,yes,.md
Director Ilia Borskaia ΓÇô Station Administrator.md,II - Companion Narratives/Syl'Cothan Dominion/4 - Equilion Union/Book I (HubFall)/Characters/Aurora Station Crew (Orbital Overwatch)/Director Ilia Borskaia ΓÇô Station Administrator.md,New Readers Start Here/II - Companion Narratives/Syl'Cothan Dominion/4 - Equilion Union/Book I (HubFall)/Characters/Aurora Station Crew (Orbital Overwatch)/Director Ilia Borskaia ΓÇô Station Administrator.md,yes,.md
Lt. Commander Jalen Vos ΓÇô Head of Station Security.md,II - Companion Narratives/Syl'Cothan Dominion/4 - Equilion Union/Book I (HubFall)/Characters/Aurora Station Crew (Orbital Overwatch)/Lt. Commander Jalen Vos ΓÇô Head of Station Security.md,New Readers Start Here/II - Companion Narratives/Syl'Cothan Dominion/4 - Equilion Union/Book I (HubFall)/Characters/Aurora Station Crew (Orbital Overwatch)/Lt. Commander Jalen Vos ΓÇô Head of Station Security.md,yes,.md
Engineer Ayra Hoshino ΓÇô Chief of Maintenance & Power Systems.md,II - Companion Narratives/Syl'Cothan Dominion/4 - Equilion Union/Book I (HubFall)/Characters/Aurora Station Crew (Orbital Overwatch)/Engineer Ayra Hoshino ΓÇô Chief of Maintenance & Power Systems.md,New Readers Start Here/II - Companion Narratives/Syl'Cothan Dominion/4 - Equilion Union/Book I (HubFall)/Characters/Aurora Station Crew (Orbital Overwatch)/Engineer Ayra Hoshino ΓÇô Chief of Maintenance & Power Systems.md,yes,.md
First Contact.md,II - Companion Narratives/Syl'Cothan Dominion/Characters/Amber/Plot Outline/09_The_Black_Cells/First Contact.md,New Readers Start Here/II - Companion Narratives/Syl'Cothan Dominion/Characters/Amber/Plot Outline/09_The_Black_Cells/First Contact.md,yes,.md
09_The_Black_Cells.md,II - Companion Narratives/Syl'Cothan Dominion/Characters/Amber/Plot Outline/09_The_Black_Cells/09_The_Black_Cells.md,New Readers Start Here/II - Companion Narratives/Syl'Cothan Dominion/Characters/Amber/Plot Outline/09_The_Black_Cells/09_The_Black_Cells.md,yes,.md
Light Shock.md,II - Companion Narratives/Syl'Cothan Dominion/Characters/Amber/Plot Outline/09_The_Black_Cells/Light Shock.md,New Readers Start Here/II - Companion Narratives/Syl'Cothan Dominion/Characters/Amber/Plot Outline/09_The_Black_Cells/Light Shock.md,yes,.md
The Breach.md,II - Companion Narratives/Syl'Cothan Dominion/Characters/Amber/Plot Outline/09_The_Black_Cells/The Breach.md,New Readers Start Here/II - Companion Narratives/Syl'Cothan Dominion/Characters/Amber/Plot Outline/09_The_Black_Cells/The Breach.md,yes,.md
Transport.md,II - Companion Narratives/Syl'Cothan Dominion/Characters/Amber/Plot Outline/09_The_Black_Cells/Transport.md,New Readers Start Here/II - Companion Narratives/Syl'Cothan Dominion/Characters/Amber/Plot Outline/09_The_Black_Cells/Transport.md,yes,.md
Competence Returns.md,II - Companion Narratives/Syl'Cothan Dominion/Characters/Amber/Plot Outline/10_Shattered_Chains/Competence Returns.md,New Readers Start Here/II - Companion Narratives/Syl'Cothan Dominion/Characters/Amber/Plot Outline/10_Shattered_Chains/Competence Returns.md,yes,.md
Choice.md,II - Companion Narratives/Syl'Cothan Dominion/Characters/Amber/Plot Outline/10_Shattered_Chains/Choice.md,New Readers Start Here/II - Companion Narratives/Syl'Cothan Dominion/Characters/Amber/Plot Outline/10_Shattered_Chains/Choice.md,yes,.md
Recognition without Exposure.md,II - Companion Narratives/Syl'Cothan Dominion/Characters/Amber/Plot Outline/10_Shattered_Chains/Recognition without Exposure.md,New Readers Start Here/II - Companion Narratives/Syl'Cothan Dominion/Characters/Amber/Plot Outline/10_Shattered_Chains/Recognition without Exposure.md,yes,.md
Silence Period.md,II - Companion Narratives/Syl'Cothan Dominion/Characters/Amber/Plot Outline/10_Shattered_Chains/Silence Period.md,New Readers Start Here/II - Companion Narratives/Syl'Cothan Dominion/Characters/Amber/Plot Outline/10_Shattered_Chains/Silence Period.md,yes,.md
Public Failure.md,II - Companion Narratives/Syl'Cothan Dominion/Characters/Amber/Plot Outline/10_Shattered_Chains/Public Failure.md,New Readers Start Here/II - Companion Narratives/Syl'Cothan Dominion/Characters/Amber/Plot Outline/10_Shattered_Chains/Public Failure.md,yes,.md
Folding Wraps.md,II - Companion Narratives/Syl'Cothan Dominion/Characters/Amber/Plot Outline/10_Shattered_Chains/Folding Wraps.md,New Readers Start Here/II - Companion Narratives/Syl'Cothan Dominion/Characters/Amber/Plot Outline/10_Shattered_Chains/Folding Wraps.md,yes,.md
Night Watch.md,II - Companion Narratives/Syl'Cothan Dominion/Characters/Amber/Plot Outline/10_Shattered_Chains/Night Watch.md,New Readers Start Here/II - Companion Narratives/Syl'Cothan Dominion/Characters/Amber/Plot Outline/10_Shattered_Chains/Night Watch.md,yes,.md
Weapons Training.md,II - Companion Narratives/Syl'Cothan Dominion/Characters/Amber/Plot Outline/10_Shattered_Chains/Weapons Training.md,New Readers Start Here/II - Companion Narratives/Syl'Cothan Dominion/Characters/Amber/Plot Outline/10_Shattered_Chains/Weapons Training.md,yes,.md
Body Neutrality Doctrine (Asteroid Facilities).md,II - Companion Narratives/Syl'Cothan Dominion/Characters/Amber/Plot Outline/10_Shattered_Chains/Body Neutrality Doctrine (Asteroid Facilities).md,New Readers Start Here/II - Companion Narratives/Syl'Cothan Dominion/Characters/Amber/Plot Outline/10_Shattered_Chains/Body Neutrality Doctrine (Asteroid Facilities).md,yes,.md
10_Shattered_Chains.md,II - Companion Narratives/Syl'Cothan Dominion/Characters/Amber/Plot Outline/10_Shattered_Chains/10_Shattered_Chains.md,New Readers Start Here/II - Companion Narratives/Syl'Cothan Dominion/Characters/Amber/Plot Outline/10_Shattered_Chains/10_Shattered_Chains.md,yes,.md
Asset Decision.md,II - Companion Narratives/Syl'Cothan Dominion/Characters/Amber/Plot Outline/10_Shattered_Chains/Asset Decision.md,New Readers Start Here/II - Companion Narratives/Syl'Cothan Dominion/Characters/Amber/Plot Outline/10_Shattered_Chains/Asset Decision.md,yes,.md
Reimagined.md,II - Companion Narratives/Syl'Cothan Dominion/Characters/Amber/Plot Outline/10_Shattered_Chains/Reimagined.md,New Readers Start Here/II - Companion Narratives/Syl'Cothan Dominion/Characters/Amber/Plot Outline/10_Shattered_Chains/Reimagined.md,yes,.md
Boundary violation.md,II - Companion Narratives/Syl'Cothan Dominion/Characters/Amber/Plot Outline/10_Shattered_Chains/Boundary violation.md,New Readers Start Here/II - Companion Narratives/Syl'Cothan Dominion/Characters/Amber/Plot Outline/10_Shattered_Chains/Boundary violation.md,yes,.md
Induction.md,II - Companion Narratives/Syl'Cothan Dominion/Characters/Amber/Plot Outline/10_Shattered_Chains/Induction.md,New Readers Start Here/II - Companion Narratives/Syl'Cothan Dominion/Characters/Amber/Plot Outline/10_Shattered_Chains/Induction.md,yes,.md
Physical Collapse.md,II - Companion Narratives/Syl'Cothan Dominion/Characters/Amber/Plot Outline/10_Shattered_Chains/Physical Collapse.md,New Readers Start Here/II - Companion Narratives/Syl'Cothan Dominion/Characters/Amber/Plot Outline/10_Shattered_Chains/Physical Collapse.md,yes,.md
Medical Intake.md,II - Companion Narratives/Syl'Cothan Dominion/Characters/Amber/Plot Outline/10_Shattered_Chains/Medical Intake.md,New Readers Start Here/II - Companion Narratives/Syl'Cothan Dominion/Characters/Amber/Plot Outline/10_Shattered_Chains/Medical Intake.md,yes,.md
Zero-G Training.md,II - Companion Narratives/Syl'Cothan Dominion/Characters/Amber/Plot Outline/10_Shattered_Chains/Zero-G Training.md,New Readers Start Here/II - Companion Narratives/Syl'Cothan Dominion/Characters/Amber/Plot Outline/10_Shattered_Chains/Zero-G Training.md,yes,.md
Offer.md,II - Companion Narratives/Syl'Cothan Dominion/Characters/Amber/Plot Outline/10_Shattered_Chains/Offer.md,New Readers Start Here/II - Companion Narratives/Syl'Cothan Dominion/Characters/Amber/Plot Outline/10_Shattered_Chains/Offer.md,yes,.md
Return of Politics.md,II - Companion Narratives/Syl'Cothan Dominion/Characters/Amber/Plot Outline/10_Shattered_Chains/Return of Politics.md,New Readers Start Here/II - Companion Narratives/Syl'Cothan Dominion/Characters/Amber/Plot Outline/10_Shattered_Chains/Return of Politics.md,yes,.md
Kil'voth.md,I - Pleroma Archive/Structure/Science/Species/Dracoshia/Dracosia Aldar/Kil'voth.md,New Readers Start Here/I - Pleroma Archive/Structure/Science/Species/Dracoshia/Dracosia Aldar/Kil'voth.md,yes,.md
Sarvokth Szar'keth.md,I - Pleroma Archive/Structure/Science/Species/Dracoshia/Dracosia Aldar/Sarvokth Szar'keth.md,New Readers Start Here/I - Pleroma Archive/Structure/Science/Species/Dracoshia/Dracosia Aldar/Sarvokth Szar'keth.md,yes,.md
Dracosia Aldar.md,I - Pleroma Archive/Structure/Science/Species/Dracoshia/Dracosia Aldar/Dracosia Aldar.md,New Readers Start Here/I - Pleroma Archive/Structure/Science/Species/Dracoshia/Dracosia Aldar/Dracosia Aldar.md,yes,.md
zaen'mir.md,I - Pleroma Archive/Structure/Science/Species/Dracoshia/Dracosia Aldar/zaen'mir.md,New Readers Start Here/I - Pleroma Archive/Structure/Science/Species/Dracoshia/Dracosia Aldar/zaen'mir.md,yes,.md
Zar'kuth.md,I - Pleroma Archive/Structure/Science/Species/Dracoshia/Dracosia Aldar/Zar'kuth.md,New Readers Start Here/I - Pleroma Archive/Structure/Science/Species/Dracoshia/Dracosia Aldar/Zar'kuth.md,yes,.md
Yel'kaaz.md,I - Pleroma Archive/Structure/Science/Species/Dracoshia/Dracosia Aldar/Yel'kaaz.md,New Readers Start Here/I - Pleroma Archive/Structure/Science/Species/Dracoshia/Dracosia Aldar/Yel'kaaz.md,yes,.md
Homo rudolfensis.md,I - Pleroma Archive/Structure/Science/Species/Humanity/Hominids/Homo rudolfensis.md,New Readers Start Here/I - Pleroma Archive/Structure/Science/Species/Humanity/Hominids/Homo rudolfensis.md,yes,.md
Homo heidelbergensis.md,I - Pleroma Archive/Structure/Science/Species/Humanity/Hominids/Homo heidelbergensis.md,New Readers Start Here/I - Pleroma Archive/Structure/Science/Species/Humanity/Hominids/Homo heidelbergensis.md,yes,.md
Homo habilis.md,I - Pleroma Archive/Structure/Science/Species/Humanity/Hominids/Homo habilis.md,New Readers Start Here/I - Pleroma Archive/Structure/Science/Species/Humanity/Hominids/Homo habilis.md,yes,.md
Homo Neanderthalensis.md,I - Pleroma Archive/Structure/Science/Species/Humanity/Hominids/Homo Neanderthalensis.md,New Readers Start Here/I - Pleroma Archive/Structure/Science/Species/Humanity/Hominids/Homo Neanderthalensis.md,yes,.md
Homo erectus.md,I - Pleroma Archive/Structure/Science/Species/Humanity/Hominids/Homo erectus.md,New Readers Start Here/I - Pleroma Archive/Structure/Science/Species/Humanity/Hominids/Homo erectus.md,yes,.md
Homo floresiensis.md,I - Pleroma Archive/Structure/Science/Species/Humanity/Hominids/Homo floresiensis.md,New Readers Start Here/I - Pleroma Archive/Structure/Science/Species/Humanity/Hominids/Homo floresiensis.md,yes,.md
Model of Emergence.md,I - Pleroma Archive/Structure/Science/Species/Humanity/The First People/Model of Emergence.md,New Readers Start Here/I - Pleroma Archive/Structure/Science/Species/Humanity/The First People/Model of Emergence.md,yes,.md
The First People.md,I - Pleroma Archive/Structure/Science/Species/Humanity/The First People/The First People.md,New Readers Start Here/I - Pleroma Archive/Structure/Science/Species/Humanity/The First People/The First People.md,yes,.md
Queens.md,I - Pleroma Archive/Structure/Science/Species/Ameise/Castes/Queens.md,New Readers Start Here/I - Pleroma Archive/Structure/Science/Species/Ameise/Castes/Queens.md,yes,.md
Soldiers.md,I - Pleroma Archive/Structure/Science/Species/Ameise/Castes/Soldiers.md,New Readers Start Here/I - Pleroma Archive/Structure/Science/Species/Ameise/Castes/Soldiers.md,yes,.md
Workers.md,I - Pleroma Archive/Structure/Science/Species/Ameise/Castes/Workers.md,New Readers Start Here/I - Pleroma Archive/Structure/Science/Species/Ameise/Castes/Workers.md,yes,.md
Sentinels.md,I - Pleroma Archive/Structure/Science/Species/Ameise/Castes/Sentinels.md,New Readers Start Here/I - Pleroma Archive/Structure/Science/Species/Ameise/Castes/Sentinels.md,yes,.md
Engineers__Castes__f42abe3e.md,I - Pleroma Archive/Structure/Science/Species/Ameise/Castes/Engineers.md,New Readers Start Here/I - Pleroma Archive/Structure/Science/Species/Ameise/Castes/Engineers.md,yes,.md
Pilots__Castes__8647d4f6.md,I - Pleroma Archive/Structure/Science/Species/Ameise/Castes/Pilots.md,New Readers Start Here/I - Pleroma Archive/Structure/Science/Species/Ameise/Castes/Pilots.md,yes,.md
Brood-Tenders__Castes__90cb0ccb.md,I - Pleroma Archive/Structure/Science/Species/Ameise/Castes/Brood-Tenders.md,New Readers Start Here/I - Pleroma Archive/Structure/Science/Species/Ameise/Castes/Brood-Tenders.md,yes,.md
Ansible.md,I - Pleroma Archive/Structure/Science/Technology/FTL/Communication/Ansible.md,New Readers Start Here/I - Pleroma Archive/Structure/Science/Technology/FTL/Communication/Ansible.md,yes,.md
Odyssey Drives.md,I - Pleroma Archive/Structure/Science/Technology/FTL/Drives/Odyssey Drives.md,New Readers Start Here/I - Pleroma Archive/Structure/Science/Technology/FTL/Drives/Odyssey Drives.md,yes,.md
Warp Drives.md,I - Pleroma Archive/Structure/Science/Technology/FTL/Drives/Warp Drives.md,New Readers Start Here/I - Pleroma Archive/Structure/Science/Technology/FTL/Drives/Warp Drives.md,yes,.md
Imperial Vector Drive.md,I - Pleroma Archive/Structure/Science/Technology/FTL/Drives/Imperial Vector Drive.md,New Readers Start Here/I - Pleroma Archive/Structure/Science/Technology/FTL/Drives/Imperial Vector Drive.md,yes,.md
Disjunction Drives.md,I - Pleroma Archive/Structure/Science/Technology/FTL/Drives/Disjunction Drives.md,New Readers Start Here/I - Pleroma Archive/Structure/Science/Technology/FTL/Drives/Disjunction Drives.md,yes,.md
Diametric Drives.md,I - Pleroma Archive/Structure/Science/Technology/FTL/Drives/Diametric Drives.md,New Readers Start Here/I - Pleroma Archive/Structure/Science/Technology/FTL/Drives/Diametric Drives.md,yes,.md
Bias Drive.md,I - Pleroma Archive/Structure/Science/Technology/FTL/Drives/Bias Drive.md,New Readers Start Here/I - Pleroma Archive/Structure/Science/Technology/FTL/Drives/Bias Drive.md,yes,.md
Ultis.md,I - Pleroma Archive/Structure/Science/Physics/VFF/Ultis/Ultis.md,New Readers Start Here/I - Pleroma Archive/Structure/Science/Physics/VFF/Ultis/Ultis.md,yes,.md
The Immutable Pattern.md,I - Pleroma Archive/Structure/Science/Physics/VFF/The Immutable Pattern/The Immutable Pattern.md,New Readers Start Here/I - Pleroma Archive/Structure/Science/Physics/VFF/The Immutable Pattern/The Immutable Pattern.md,yes,.md
Primis.md,I - Pleroma Archive/Structure/Science/Physics/VFF/Primis/Primis.md,New Readers Start Here/I - Pleroma Archive/Structure/Science/Physics/VFF/Primis/Primis.md,yes,.md
Eternum Sandbox Research Installation (ESRI).md,I - Pleroma Archive/Structure/Science/Physics/Eternum/Eternum Sandbox Research Installation (ESRI)/Eternum Sandbox Research Installation (ESRI).md,New Readers Start Here/I - Pleroma Archive/Structure/Science/Physics/Eternum/Eternum Sandbox Research Installation (ESRI)/Eternum Sandbox Research Installation (ESRI).md,yes,.md
ESRI Core Departments.md,I - Pleroma Archive/Structure/Science/Physics/Eternum/Eternum Sandbox Research Installation (ESRI)/ESRI Core Departments.md,New Readers Start Here/I - Pleroma Archive/Structure/Science/Physics/Eternum/Eternum Sandbox Research Installation (ESRI)/ESRI Core Departments.md,yes,.md
Baryonic Elements.md,I - Pleroma Archive/Structure/Science/Physics/Periodic Tables/Standard Matter Table/Baryonic Elements.md,New Readers Start Here/I - Pleroma Archive/Structure/Science/Physics/Periodic Tables/Standard Matter Table/Baryonic Elements.md,yes,.md
Standard Matter Table.md,I - Pleroma Archive/Structure/Science/Physics/Periodic Tables/Standard Matter Table/Standard Matter Table.md,New Readers Start Here/I - Pleroma Archive/Structure/Science/Physics/Periodic Tables/Standard Matter Table/Standard Matter Table.md,yes,.md
Exotic Materials__Exotic Materials__6cb323c6.md,I - Pleroma Archive/Structure/Science/Physics/Periodic Tables/Exotic Materials/Exotic Materials.md,New Readers Start Here/I - Pleroma Archive/Structure/Science/Physics/Periodic Tables/Exotic Materials/Exotic Materials.md,yes,.md
Auralith.md,I - Pleroma Archive/Structure/Science/Physics/Periodic Tables/Exotic Materials/Auralith.md,New Readers Start Here/I - Pleroma Archive/Structure/Science/Physics/Periodic Tables/Exotic Materials/Auralith.md,yes,.md
Chronostone.md,I - Pleroma Archive/Structure/Science/Physics/Periodic Tables/Exotic Materials/Chronostone.md,New Readers Start Here/I - Pleroma Archive/Structure/Science/Physics/Periodic Tables/Exotic Materials/Chronostone.md,yes,.md
Dark Sector Elements.md,I - Pleroma Archive/Structure/Science/Physics/Periodic Tables/Dark Sector Table/Dark Sector Elements.md,New Readers Start Here/I - Pleroma Archive/Structure/Science/Physics/Periodic Tables/Dark Sector Table/Dark Sector Elements.md,yes,.md
Dark Sector Table.md,I - Pleroma Archive/Structure/Science/Physics/Periodic Tables/Dark Sector Table/Dark Sector Table.md,New Readers Start Here/I - Pleroma Archive/Structure/Science/Physics/Periodic Tables/Dark Sector Table/Dark Sector Table.md,yes,.md
Antimatter Elements.md,I - Pleroma Archive/Structure/Science/Physics/Periodic Tables/Antimatter Table/Antimatter Elements.md,New Readers Start Here/I - Pleroma Archive/Structure/Science/Physics/Periodic Tables/Antimatter Table/Antimatter Elements.md,yes,.md
Antimatter Table.md,I - Pleroma Archive/Structure/Science/Physics/Periodic Tables/Antimatter Table/Antimatter Table.md,New Readers Start Here/I - Pleroma Archive/Structure/Science/Physics/Periodic Tables/Antimatter Table/Antimatter Table.md,yes,.md
Wide.md,I - Pleroma Archive/Structure/Science/Cosmic Phenomenon/Stars/Binary Stars/Wide.md,New Readers Start Here/I - Pleroma Archive/Structure/Science/Cosmic Phenomenon/Stars/Binary Stars/Wide.md,yes,.md
X-Ray.md,I - Pleroma Archive/Structure/Science/Cosmic Phenomenon/Stars/Binary Stars/X-Ray.md,New Readers Start Here/I - Pleroma Archive/Structure/Science/Cosmic Phenomenon/Stars/Binary Stars/X-Ray.md,yes,.md
Pulsar.md,I - Pleroma Archive/Structure/Science/Cosmic Phenomenon/Stars/Binary Stars/Pulsar.md,New Readers Start Here/I - Pleroma Archive/Structure/Science/Cosmic Phenomenon/Stars/Binary Stars/Pulsar.md,yes,.md
Exotic Merger.md,I - Pleroma Archive/Structure/Science/Cosmic Phenomenon/Stars/Binary Stars/Exotic Merger.md,New Readers Start Here/I - Pleroma Archive/Structure/Science/Cosmic Phenomenon/Stars/Binary Stars/Exotic Merger.md,yes,.md
Close.md,I - Pleroma Archive/Structure/Science/Cosmic Phenomenon/Stars/Binary Stars/Close.md,New Readers Start Here/I - Pleroma Archive/Structure/Science/Cosmic Phenomenon/Stars/Binary Stars/Close.md,yes,.md
Quasars.md,I - Pleroma Archive/Structure/Science/Cosmic Phenomenon/Events/Quasars/Quasars.md,New Readers Start Here/I - Pleroma Archive/Structure/Science/Cosmic Phenomenon/Events/Quasars/Quasars.md,yes,.md
Black Hole Mergers.md,I - Pleroma Archive/Structure/Science/Cosmic Phenomenon/Events/Black Hole Mergers/Black Hole Mergers.md,New Readers Start Here/I - Pleroma Archive/Structure/Science/Cosmic Phenomenon/Events/Black Hole Mergers/Black Hole Mergers.md,yes,.md
Gravitational Waves.md,I - Pleroma Archive/Structure/Science/Cosmic Phenomenon/Events/Gravitational Waves/Gravitational Waves.md,New Readers Start Here/I - Pleroma Archive/Structure/Science/Cosmic Phenomenon/Events/Gravitational Waves/Gravitational Waves.md,yes,.md
Gamma Ray Bursts.md,I - Pleroma Archive/Structure/Science/Cosmic Phenomenon/Events/Gamma Ray Bursts/Gamma Ray Bursts.md,New Readers Start Here/I - Pleroma Archive/Structure/Science/Cosmic Phenomenon/Events/Gamma Ray Bursts/Gamma Ray Bursts.md,yes,.md
Aether__Aether__f28f3cf4.md,I - Pleroma Archive/Structure/Science/Cosmic Phenomenon/Events/Aether/Aether.md,New Readers Start Here/I - Pleroma Archive/Structure/Science/Cosmic Phenomenon/Events/Aether/Aether.md,yes,.md
Magnetars.md,I - Pleroma Archive/Structure/Science/Cosmic Phenomenon/Events/Magnetars/Magnetars.md,New Readers Start Here/I - Pleroma Archive/Structure/Science/Cosmic Phenomenon/Events/Magnetars/Magnetars.md,yes,.md
Axion comm nets.md,I - Pleroma Archive/Structure/Science/Cosmic Phenomenon/Objects/Neutrino/Axion comm nets.md,New Readers Start Here/I - Pleroma Archive/Structure/Science/Cosmic Phenomenon/Objects/Neutrino/Axion comm nets.md,yes,.md
Wormholes.md,I - Pleroma Archive/Structure/Science/Cosmic Phenomenon/Objects/Wormholes/Wormholes.md,New Readers Start Here/I - Pleroma Archive/Structure/Science/Cosmic Phenomenon/Objects/Wormholes/Wormholes.md,yes,.md
Artificial.md,I - Pleroma Archive/Structure/Science/Cosmic Phenomenon/Objects/Wormholes/Artificial.md,New Readers Start Here/I - Pleroma Archive/Structure/Science/Cosmic Phenomenon/Objects/Wormholes/Artificial.md,yes,.md
Natural.md,I - Pleroma Archive/Structure/Science/Cosmic Phenomenon/Objects/Wormholes/Natural.md,New Readers Start Here/I - Pleroma Archive/Structure/Science/Cosmic Phenomenon/Objects/Wormholes/Natural.md,yes,.md
Glass.md,I - Pleroma Archive/Structure/Omniversal Structure/Megaverse Types (Basins)/Desert/Subtypes/Glass.md,New Readers Start Here/I - Pleroma Archive/Structure/Omniversal Structure/Megaverse Types (Basins)/Desert/Subtypes/Glass.md,yes,.md
Oasis.md,I - Pleroma Archive/Structure/Omniversal Structure/Megaverse Types (Basins)/Desert/Subtypes/Oasis.md,New Readers Start Here/I - Pleroma Archive/Structure/Omniversal Structure/Megaverse Types (Basins)/Desert/Subtypes/Oasis.md,yes,.md
Arid.md,I - Pleroma Archive/Structure/Omniversal Structure/Megaverse Types (Basins)/Desert/Subtypes/Arid.md,New Readers Start Here/I - Pleroma Archive/Structure/Omniversal Structure/Megaverse Types (Basins)/Desert/Subtypes/Arid.md,yes,.md
Mirage.md,I - Pleroma Archive/Structure/Omniversal Structure/Megaverse Types (Basins)/Desert/Subtypes/Mirage.md,New Readers Start Here/I - Pleroma Archive/Structure/Omniversal Structure/Megaverse Types (Basins)/Desert/Subtypes/Mirage.md,yes,.md
Dune.md,I - Pleroma Archive/Structure/Omniversal Structure/Megaverse Types (Basins)/Desert/Subtypes/Dune.md,New Readers Start Here/I - Pleroma Archive/Structure/Omniversal Structure/Megaverse Types (Basins)/Desert/Subtypes/Dune.md,yes,.md
Obsidian.md,I - Pleroma Archive/Structure/Omniversal Structure/Megaverse Types (Basins)/Desert/Subtypes/Obsidian.md,New Readers Start Here/I - Pleroma Archive/Structure/Omniversal Structure/Megaverse Types (Basins)/Desert/Subtypes/Obsidian.md,yes,.md
Salt.md,I - Pleroma Archive/Structure/Omniversal Structure/Megaverse Types (Basins)/Desert/Subtypes/Salt.md,New Readers Start Here/I - Pleroma Archive/Structure/Omniversal Structure/Megaverse Types (Basins)/Desert/Subtypes/Salt.md,yes,.md
Ash.md,I - Pleroma Archive/Structure/Omniversal Structure/Megaverse Types (Basins)/Desert/Subtypes/Ash.md,New Readers Start Here/I - Pleroma Archive/Structure/Omniversal Structure/Megaverse Types (Basins)/Desert/Subtypes/Ash.md,yes,.md
Blackwater.md,I - Pleroma Archive/Structure/Omniversal Structure/Megaverse Types (Basins)/Ocean/Subtypes/Blackwater.md,New Readers Start Here/I - Pleroma Archive/Structure/Omniversal Structure/Megaverse Types (Basins)/Ocean/Subtypes/Blackwater.md,yes,.md
Pelagic.md,I - Pleroma Archive/Structure/Omniversal Structure/Megaverse Types (Basins)/Ocean/Subtypes/Pelagic.md,New Readers Start Here/I - Pleroma Archive/Structure/Omniversal Structure/Megaverse Types (Basins)/Ocean/Subtypes/Pelagic.md,yes,.md
Trench.md,I - Pleroma Archive/Structure/Omniversal Structure/Megaverse Types (Basins)/Ocean/Subtypes/Trench.md,New Readers Start Here/I - Pleroma Archive/Structure/Omniversal Structure/Megaverse Types (Basins)/Ocean/Subtypes/Trench.md,yes,.md
Maelstrom.md,I - Pleroma Archive/Structure/Omniversal Structure/Megaverse Types (Basins)/Ocean/Subtypes/Maelstrom.md,New Readers Start Here/I - Pleroma Archive/Structure/Omniversal Structure/Megaverse Types (Basins)/Ocean/Subtypes/Maelstrom.md,yes,.md
Coral.md,I - Pleroma Archive/Structure/Omniversal Structure/Megaverse Types (Basins)/Ocean/Subtypes/Coral.md,New Readers Start Here/I - Pleroma Archive/Structure/Omniversal Structure/Megaverse Types (Basins)/Ocean/Subtypes/Coral.md,yes,.md
Reef.md,I - Pleroma Archive/Structure/Omniversal Structure/Megaverse Types (Basins)/Ocean/Subtypes/Reef.md,New Readers Start Here/I - Pleroma Archive/Structure/Omniversal Structure/Megaverse Types (Basins)/Ocean/Subtypes/Reef.md,yes,.md
Abyssal.md,I - Pleroma Archive/Structure/Omniversal Structure/Megaverse Types (Basins)/Ocean/Subtypes/Abyssal.md,New Readers Start Here/I - Pleroma Archive/Structure/Omniversal Structure/Megaverse Types (Basins)/Ocean/Subtypes/Abyssal.md,yes,.md
Tidal.md,I - Pleroma Archive/Structure/Omniversal Structure/Megaverse Types (Basins)/Ocean/Subtypes/Tidal.md,New Readers Start Here/I - Pleroma Archive/Structure/Omniversal Structure/Megaverse Types (Basins)/Ocean/Subtypes/Tidal.md,yes,.md
Simulacral.md,I - Pleroma Archive/Structure/Omniversal Structure/Megaverse Types (Basins)/Synthetic/Subtypes/Simulacral.md,New Readers Start Here/I - Pleroma Archive/Structure/Omniversal Structure/Megaverse Types (Basins)/Synthetic/Subtypes/Simulacral.md,yes,.md
Machine.md,I - Pleroma Archive/Structure/Omniversal Structure/Megaverse Types (Basins)/Synthetic/Subtypes/Machine.md,New Readers Start Here/I - Pleroma Archive/Structure/Omniversal Structure/Megaverse Types (Basins)/Synthetic/Subtypes/Machine.md,yes,.md
Scripted.md,I - Pleroma Archive/Structure/Omniversal Structure/Megaverse Types (Basins)/Synthetic/Subtypes/Scripted.md,New Readers Start Here/I - Pleroma Archive/Structure/Omniversal Structure/Megaverse Types (Basins)/Synthetic/Subtypes/Scripted.md,yes,.md
Patchwork.md,I - Pleroma Archive/Structure/Omniversal Structure/Megaverse Types (Basins)/Synthetic/Subtypes/Patchwork.md,New Readers Start Here/I - Pleroma Archive/Structure/Omniversal Structure/Megaverse Types (Basins)/Synthetic/Subtypes/Patchwork.md,yes,.md
Biotech.md,I - Pleroma Archive/Structure/Omniversal Structure/Megaverse Types (Basins)/Synthetic/Subtypes/Biotech.md,New Readers Start Here/I - Pleroma Archive/Structure/Omniversal Structure/Megaverse Types (Basins)/Synthetic/Subtypes/Biotech.md,yes,.md
Circuit.md,I - Pleroma Archive/Structure/Omniversal Structure/Megaverse Types (Basins)/Synthetic/Subtypes/Circuit.md,New Readers Start Here/I - Pleroma Archive/Structure/Omniversal Structure/Megaverse Types (Basins)/Synthetic/Subtypes/Circuit.md,yes,.md
Architectonic.md,I - Pleroma Archive/Structure/Omniversal Structure/Megaverse Types (Basins)/Synthetic/Subtypes/Architectonic.md,New Readers Start Here/I - Pleroma Archive/Structure/Omniversal Structure/Megaverse Types (Basins)/Synthetic/Subtypes/Architectonic.md,yes,.md
Swarm.md,I - Pleroma Archive/Structure/Omniversal Structure/Megaverse Types (Basins)/Synthetic/Subtypes/Swarm.md,New Readers Start Here/I - Pleroma Archive/Structure/Omniversal Structure/Megaverse Types (Basins)/Synthetic/Subtypes/Swarm.md,yes,.md
Cyclone.md,I - Pleroma Archive/Structure/Omniversal Structure/Megaverse Types (Basins)/Storm/Subtypes/Cyclone.md,New Readers Start Here/I - Pleroma Archive/Structure/Omniversal Structure/Megaverse Types (Basins)/Storm/Subtypes/Cyclone.md,yes,.md
Nexus.md,I - Pleroma Archive/Structure/Omniversal Structure/Megaverse Types (Basins)/Storm/Subtypes/Nexus.md,New Readers Start Here/I - Pleroma Archive/Structure/Omniversal Structure/Megaverse Types (Basins)/Storm/Subtypes/Nexus.md,yes,.md
Lightning.md,I - Pleroma Archive/Structure/Omniversal Structure/Megaverse Types (Basins)/Storm/Subtypes/Lightning.md,New Readers Start Here/I - Pleroma Archive/Structure/Omniversal Structure/Megaverse Types (Basins)/Storm/Subtypes/Lightning.md,yes,.md
Solar.md,I - Pleroma Archive/Structure/Omniversal Structure/Megaverse Types (Basins)/Storm/Subtypes/Solar.md,New Readers Start Here/I - Pleroma Archive/Structure/Omniversal Structure/Megaverse Types (Basins)/Storm/Subtypes/Solar.md,yes,.md
Ashen.md,I - Pleroma Archive/Structure/Omniversal Structure/Megaverse Types (Basins)/Storm/Subtypes/Ashen.md,New Readers Start Here/I - Pleroma Archive/Structure/Omniversal Structure/Megaverse Types (Basins)/Storm/Subtypes/Ashen.md,yes,.md
Static.md,I - Pleroma Archive/Structure/Omniversal Structure/Megaverse Types (Basins)/Storm/Subtypes/Static.md,New Readers Start Here/I - Pleroma Archive/Structure/Omniversal Structure/Megaverse Types (Basins)/Storm/Subtypes/Static.md,yes,.md
Tempest.md,I - Pleroma Archive/Structure/Omniversal Structure/Megaverse Types (Basins)/Storm/Subtypes/Tempest.md,New Readers Start Here/I - Pleroma Archive/Structure/Omniversal Structure/Megaverse Types (Basins)/Storm/Subtypes/Tempest.md,yes,.md
Void.md,I - Pleroma Archive/Structure/Omniversal Structure/Megaverse Types (Basins)/Storm/Subtypes/Void.md,New Readers Start Here/I - Pleroma Archive/Structure/Omniversal Structure/Megaverse Types (Basins)/Storm/Subtypes/Void.md,yes,.md
Grave.md,I - Pleroma Archive/Structure/Omniversal Structure/Megaverse Types (Basins)/Stone/Subtypes/Grave.md,New Readers Start Here/I - Pleroma Archive/Structure/Omniversal Structure/Megaverse Types (Basins)/Stone/Subtypes/Grave.md,yes,.md
Monolith.md,I - Pleroma Archive/Structure/Omniversal Structure/Megaverse Types (Basins)/Stone/Subtypes/Monolith.md,New Readers Start Here/I - Pleroma Archive/Structure/Omniversal Structure/Megaverse Types (Basins)/Stone/Subtypes/Monolith.md,yes,.md
Strata.md,I - Pleroma Archive/Structure/Omniversal Structure/Megaverse Types (Basins)/Stone/Subtypes/Strata.md,New Readers Start Here/I - Pleroma Archive/Structure/Omniversal Structure/Megaverse Types (Basins)/Stone/Subtypes/Strata.md,yes,.md
Mecca.md,I - Pleroma Archive/Structure/Omniversal Structure/Megaverse Types (Basins)/Stone/Subtypes/Mecca.md,New Readers Start Here/I - Pleroma Archive/Structure/Omniversal Structure/Megaverse Types (Basins)/Stone/Subtypes/Mecca.md,yes,.md
Cavern.md,I - Pleroma Archive/Structure/Omniversal Structure/Megaverse Types (Basins)/Stone/Subtypes/Cavern.md,New Readers Start Here/I - Pleroma Archive/Structure/Omniversal Structure/Megaverse Types (Basins)/Stone/Subtypes/Cavern.md,yes,.md
Forge.md,I - Pleroma Archive/Structure/Omniversal Structure/Megaverse Types (Basins)/Stone/Subtypes/Forge.md,New Readers Start Here/I - Pleroma Archive/Structure/Omniversal Structure/Megaverse Types (Basins)/Stone/Subtypes/Forge.md,yes,.md
Thorn.md,I - Pleroma Archive/Structure/Omniversal Structure/Megaverse Types (Basins)/Forest/Subtypes/Thorn.md,New Readers Start Here/I - Pleroma Archive/Structure/Omniversal Structure/Megaverse Types (Basins)/Forest/Subtypes/Thorn.md,yes,.md
Primeval.md,I - Pleroma Archive/Structure/Omniversal Structure/Megaverse Types (Basins)/Forest/Subtypes/Primeval.md,New Readers Start Here/I - Pleroma Archive/Structure/Omniversal Structure/Megaverse Types (Basins)/Forest/Subtypes/Primeval.md,yes,.md
Bloom.md,I - Pleroma Archive/Structure/Omniversal Structure/Megaverse Types (Basins)/Forest/Subtypes/Bloom.md,New Readers Start Here/I - Pleroma Archive/Structure/Omniversal Structure/Megaverse Types (Basins)/Forest/Subtypes/Bloom.md,yes,.md
Mycelial.md,I - Pleroma Archive/Structure/Omniversal Structure/Megaverse Types (Basins)/Forest/Subtypes/Mycelial.md,New Readers Start Here/I - Pleroma Archive/Structure/Omniversal Structure/Megaverse Types (Basins)/Forest/Subtypes/Mycelial.md,yes,.md
Hive.md,I - Pleroma Archive/Structure/Omniversal Structure/Megaverse Types (Basins)/Forest/Subtypes/Hive.md,New Readers Start Here/I - Pleroma Archive/Structure/Omniversal Structure/Megaverse Types (Basins)/Forest/Subtypes/Hive.md,yes,.md
Sylvan.md,I - Pleroma Archive/Structure/Omniversal Structure/Megaverse Types (Basins)/Forest/Subtypes/Sylvan.md,New Readers Start Here/I - Pleroma Archive/Structure/Omniversal Structure/Megaverse Types (Basins)/Forest/Subtypes/Sylvan.md,yes,.md
Carnivorous.md,I - Pleroma Archive/Structure/Omniversal Structure/Megaverse Types (Basins)/Forest/Subtypes/Carnivorous.md,New Readers Start Here/I - Pleroma Archive/Structure/Omniversal Structure/Megaverse Types (Basins)/Forest/Subtypes/Carnivorous.md,yes,.md
Cathedral.md,I - Pleroma Archive/Structure/Omniversal Structure/Megaverse Types (Basins)/Forest/Subtypes/Cathedral.md,New Readers Start Here/I - Pleroma Archive/Structure/Omniversal Structure/Megaverse Types (Basins)/Forest/Subtypes/Cathedral.md,yes,.md
Concordia Master Summary.md,I - Pleroma Archive/World/Locations/Eos Multiverse/The Aphotic Zone/Concordia/Concordia Master Summary.md,New Readers Start Here/I - Pleroma Archive/World/Locations/Eos Multiverse/The Aphotic Zone/Concordia/Concordia Master Summary.md,yes,.md
Overworld.md,I - Pleroma Archive/World/Locations/Eos Multiverse/The Aphotic Zone/The Dream Cycles/Overworld.md,New Readers Start Here/I - Pleroma Archive/World/Locations/Eos Multiverse/The Aphotic Zone/The Dream Cycles/Overworld.md,yes,.md
Dreamworld.md,I - Pleroma Archive/World/Locations/Eos Multiverse/The Aphotic Zone/The Dream Cycles/Dreamworld.md,New Readers Start Here/I - Pleroma Archive/World/Locations/Eos Multiverse/The Aphotic Zone/The Dream Cycles/Dreamworld.md,yes,.md
The Dream Cycles.md,I - Pleroma Archive/World/Locations/Eos Multiverse/The Aphotic Zone/The Dream Cycles/The Dream Cycles.md,New Readers Start Here/I - Pleroma Archive/World/Locations/Eos Multiverse/The Aphotic Zone/The Dream Cycles/The Dream Cycles.md,yes,.md
The Noise Beyond.md,I - Pleroma Archive/World/Locations/Eos Multiverse/The Aphotic Zone/The Ringed Symphonies/The Noise Beyond.md,New Readers Start Here/I - Pleroma Archive/World/Locations/Eos Multiverse/The Aphotic Zone/The Ringed Symphonies/The Noise Beyond.md,yes,.md
The Starmaker.md,I - Pleroma Archive/World/Locations/Eos Multiverse/The Aphotic Zone/The Ringed Symphonies/The Starmaker.md,New Readers Start Here/I - Pleroma Archive/World/Locations/Eos Multiverse/The Aphotic Zone/The Ringed Symphonies/The Starmaker.md,yes,.md
Overview__The Ringed Symphonies__5120e5ae.md,I - Pleroma Archive/World/Locations/Eos Multiverse/The Aphotic Zone/The Ringed Symphonies/Overview.md,New Readers Start Here/I - Pleroma Archive/World/Locations/Eos Multiverse/The Aphotic Zone/The Ringed Symphonies/Overview.md,yes,.md
Volundra.md,I - Pleroma Archive/World/Locations/Eos Multiverse/The Aphotic Zone/Volundra/Volundra.md,New Readers Start Here/I - Pleroma Archive/World/Locations/Eos Multiverse/The Aphotic Zone/Volundra/Volundra.md,yes,.md
The Post-VCA Period ΓÇö ΓÇ£The Age of ReclamationΓÇ¥.md,I - Pleroma Archive/World/Locations/Eos Multiverse/The Aphotic Zone/Volundra/The Post-VCA Period ΓÇö ΓÇ£The Age of ReclamationΓÇ¥.md,New Readers Start Here/I - Pleroma Archive/World/Locations/Eos Multiverse/The Aphotic Zone/Volundra/The Post-VCA Period ΓÇö ΓÇ£The Age of ReclamationΓÇ¥.md,yes,.md
Local Cluster.md,I - Pleroma Archive/World/Locations/Eos Multiverse/The Dark Forest Zone/Local Cluster/Local Cluster.md,New Readers Start Here/I - Pleroma Archive/World/Locations/Eos Multiverse/The Dark Forest Zone/Local Cluster/Local Cluster.md,yes,.md
Tenebris Expansus.md,I - Pleroma Archive/World/Locations/Eos Multiverse/The Dark Forest Zone/Local Cluster/Tenebris Expansus.md,New Readers Start Here/I - Pleroma Archive/World/Locations/Eos Multiverse/The Dark Forest Zone/Local Cluster/Tenebris Expansus.md,yes,.md
The Confluencia.md,I - Pleroma Archive/World/Locations/Eos Multiverse/The Dark Forest Zone/Local Cluster/The Confluencia.md,New Readers Start Here/I - Pleroma Archive/World/Locations/Eos Multiverse/The Dark Forest Zone/Local Cluster/The Confluencia.md,yes,.md
Eos.md,I - Pleroma Archive/World/Locations/Eos Multiverse/The Dark Forest Zone/Local Cluster/Eos.md,New Readers Start Here/I - Pleroma Archive/World/Locations/Eos Multiverse/The Dark Forest Zone/Local Cluster/Eos.md,yes,.md
Abyssum Magnum.md,I - Pleroma Archive/World/Locations/Eos Multiverse/The Dark Forest Zone/Local Cluster/Abyssum Magnum.md,New Readers Start Here/I - Pleroma Archive/World/Locations/Eos Multiverse/The Dark Forest Zone/Local Cluster/Abyssum Magnum.md,yes,.md
Tenebris Propagans.md,I - Pleroma Archive/World/Locations/Eos Multiverse/The Dark Forest Zone/Local Cluster/Tenebris Propagans.md,New Readers Start Here/I - Pleroma Archive/World/Locations/Eos Multiverse/The Dark Forest Zone/Local Cluster/Tenebris Propagans.md,yes,.md
Tenebris Profundis.md,I - Pleroma Archive/World/Locations/Eos Multiverse/The Dark Forest Zone/Local Cluster/Tenebris Profundis.md,New Readers Start Here/I - Pleroma Archive/World/Locations/Eos Multiverse/The Dark Forest Zone/Local Cluster/Tenebris Profundis.md,yes,.md
Luctuosa Corruentia Divinitatis.md,I - Pleroma Archive/World/Locations/Eos Multiverse/The Gnostic Expanse/Custodes Demiurgi/Luctuosa Corruentia Divinitatis.md,New Readers Start Here/I - Pleroma Archive/World/Locations/Eos Multiverse/The Gnostic Expanse/Custodes Demiurgi/Luctuosa Corruentia Divinitatis.md,yes,.md
Archetypes.md,I - Pleroma Archive/World/Locations/Eos Multiverse/The Gnostic Expanse/Custodes Demiurgi/Archetypes.md,New Readers Start Here/I - Pleroma Archive/World/Locations/Eos Multiverse/The Gnostic Expanse/Custodes Demiurgi/Archetypes.md,yes,.md
Christus heterodoxus.md,I - Pleroma Archive/World/Locations/Eos Multiverse/The Gnostic Expanse/Custodes Demiurgi/Christus heterodoxus.md,New Readers Start Here/I - Pleroma Archive/World/Locations/Eos Multiverse/The Gnostic Expanse/Custodes Demiurgi/Christus heterodoxus.md,yes,.md
Primum Congressum.md,I - Pleroma Archive/World/Locations/Eos Multiverse/The Gnostic Expanse/Custodes Demiurgi/Primum Congressum.md,New Readers Start Here/I - Pleroma Archive/World/Locations/Eos Multiverse/The Gnostic Expanse/Custodes Demiurgi/Primum Congressum.md,yes,.md
Illum ortum est.md,I - Pleroma Archive/World/Locations/Eos Multiverse/The Gnostic Expanse/Custodes Demiurgi/Illum ortum est.md,New Readers Start Here/I - Pleroma Archive/World/Locations/Eos Multiverse/The Gnostic Expanse/Custodes Demiurgi/Illum ortum est.md,yes,.md
Custodes Demiurgi.md,I - Pleroma Archive/World/Locations/Eos Multiverse/The Gnostic Expanse/Custodes Demiurgi/Custodes Demiurgi.md,New Readers Start Here/I - Pleroma Archive/World/Locations/Eos Multiverse/The Gnostic Expanse/Custodes Demiurgi/Custodes Demiurgi.md,yes,.md
Alternate Magic Earth Timeline.md,I - Pleroma Archive/World/Locations/Eos Multiverse/The Gnostic Expanse/Mirror Earth (2076)/Alternate Magic Earth Timeline.md,New Readers Start Here/I - Pleroma Archive/World/Locations/Eos Multiverse/The Gnostic Expanse/Mirror Earth (2076)/Alternate Magic Earth Timeline.md,yes,.md
Relics__Mirror Earth _2076__edf54552.md,I - Pleroma Archive/World/Locations/Eos Multiverse/The Gnostic Expanse/Mirror Earth (2076)/Relics.md,New Readers Start Here/I - Pleroma Archive/World/Locations/Eos Multiverse/The Gnostic Expanse/Mirror Earth (2076)/Relics.md,yes,.md
Ring of Fire.md,I - Pleroma Archive/World/Locations/Eos Multiverse/The Gnostic Expanse/Mirror Earth (2076)/Ring of Fire.md,New Readers Start Here/I - Pleroma Archive/World/Locations/Eos Multiverse/The Gnostic Expanse/Mirror Earth (2076)/Ring of Fire.md,yes,.md
Mirror Earth (2076).md,I - Pleroma Archive/World/Locations/Eos Multiverse/The Gnostic Expanse/Mirror Earth (2076)/Mirror Earth (2076).md,New Readers Start Here/I - Pleroma Archive/World/Locations/Eos Multiverse/The Gnostic Expanse/Mirror Earth (2076)/Mirror Earth (2076).md,yes,.md
Cella Creaturae.md,I - Pleroma Archive/World/Locations/Eos Multiverse/The Gnostic Expanse/Demiurgos/Cella Creaturae.md,New Readers Start Here/I - Pleroma Archive/World/Locations/Eos Multiverse/The Gnostic Expanse/Demiurgos/Cella Creaturae.md,yes,.md
Angelus.md,I - Pleroma Archive/World/Locations/Eos Multiverse/The Gnostic Expanse/Demiurgos/Angelus.md,New Readers Start Here/I - Pleroma Archive/World/Locations/Eos Multiverse/The Gnostic Expanse/Demiurgos/Angelus.md,yes,.md
Paradoxa Omnipotentiae.md,I - Pleroma Archive/World/Locations/Eos Multiverse/The Gnostic Expanse/Demiurgos/Paradoxa Omnipotentiae.md,New Readers Start Here/I - Pleroma Archive/World/Locations/Eos Multiverse/The Gnostic Expanse/Demiurgos/Paradoxa Omnipotentiae.md,yes,.md
Demiurgos.md,I - Pleroma Archive/World/Locations/Eos Multiverse/The Gnostic Expanse/Demiurgos/Demiurgos.md,New Readers Start Here/I - Pleroma Archive/World/Locations/Eos Multiverse/The Gnostic Expanse/Demiurgos/Demiurgos.md,yes,.md
Cavalieri di Inferno.md,I - Pleroma Archive/World/Locations/Eos Multiverse/The Gnostic Expanse/Cavalieri di Inferno/Cavalieri di Inferno.md,New Readers Start Here/I - Pleroma Archive/World/Locations/Eos Multiverse/The Gnostic Expanse/Cavalieri di Inferno/Cavalieri di Inferno.md,yes,.md
Realms.md,I - Pleroma Archive/World/Locations/Oneiroverse Multiverse/Umbraxis/Realms/Realms.md,New Readers Start Here/I - Pleroma Archive/World/Locations/Oneiroverse Multiverse/Umbraxis/Realms/Realms.md,yes,.md
The Severed Legion.md,I - Pleroma Archive/World/Timeline/Alternate Timelines/Umbrae Res Impura/Military/The Severed Legion.md,New Readers Start Here/I - Pleroma Archive/World/Timeline/Alternate Timelines/Umbrae Res Impura/Military/The Severed Legion.md,yes,.md
umbrae Science.md,I - Pleroma Archive/World/Timeline/Alternate Timelines/Umbrae Res Impura/Science/umbrae Science.md,New Readers Start Here/I - Pleroma Archive/World/Timeline/Alternate Timelines/Umbrae Res Impura/Science/umbrae Science.md,yes,.md
Government__Government__1dd9e5f3.md,I - Pleroma Archive/World/Timeline/Alternate Timelines/Umbrae Res Impura/Government/Government.md,New Readers Start Here/I - Pleroma Archive/World/Timeline/Alternate Timelines/Umbrae Res Impura/Government/Government.md,yes,.md
The Spiral Court.md,I - Pleroma Archive/World/Timeline/Alternate Timelines/Umbrae Res Impura/Government/The Spiral Court.md,New Readers Start Here/I - Pleroma Archive/World/Timeline/Alternate Timelines/Umbrae Res Impura/Government/The Spiral Court.md,yes,.md
Overview__Overview__58dbcbd0.md,I - Pleroma Archive/World/Timeline/Alternate Timelines/Umbrae Res Impura/Overview/Overview.md,New Readers Start Here/I - Pleroma Archive/World/Timeline/Alternate Timelines/Umbrae Res Impura/Overview/Overview.md,yes,.md
Doctrine__Doctrine__3b5e9978.md,I - Pleroma Archive/World/Timeline/Alternate Timelines/Umbrae Res Impura/Doctrine/Doctrine.md,New Readers Start Here/I - Pleroma Archive/World/Timeline/Alternate Timelines/Umbrae Res Impura/Doctrine/Doctrine.md,yes,.md
Flesh Pits.md,I - Pleroma Archive/World/Civilizations/Domain/Military/Technology/Flesh Pits.md,New Readers Start Here/I - Pleroma Archive/World/Civilizations/Domain/Military/Technology/Flesh Pits.md,yes,.md
Biospawn Chambers.md,I - Pleroma Archive/World/Civilizations/Domain/Military/Technology/Biospawn Chambers.md,New Readers Start Here/I - Pleroma Archive/World/Civilizations/Domain/Military/Technology/Biospawn Chambers.md,yes,.md
Flesh Cores.md,I - Pleroma Archive/World/Civilizations/Domain/Military/Technology/Flesh Cores.md,New Readers Start Here/I - Pleroma Archive/World/Civilizations/Domain/Military/Technology/Flesh Cores.md,yes,.md
Technology__Technology__1e9813a0.md,I - Pleroma Archive/World/Civilizations/Domain/Military/Technology/Technology.md,New Readers Start Here/I - Pleroma Archive/World/Civilizations/Domain/Military/Technology/Technology.md,yes,.md
Womb Worlds.md,I - Pleroma Archive/World/Civilizations/Domain/Military/Star Vessels/Womb Worlds.md,New Readers Start Here/I - Pleroma Archive/World/Civilizations/Domain/Military/Star Vessels/Womb Worlds.md,yes,.md
Surrogate Worlds.md,I - Pleroma Archive/World/Civilizations/Domain/Military/Star Vessels/Surrogate Worlds.md,New Readers Start Here/I - Pleroma Archive/World/Civilizations/Domain/Military/Star Vessels/Surrogate Worlds.md,yes,.md
Domain Supernal.md,I - Pleroma Archive/World/Civilizations/Domain/Military/Star Vessels/Domain Supernal.md,New Readers Start Here/I - Pleroma Archive/World/Civilizations/Domain/Military/Star Vessels/Domain Supernal.md,yes,.md
Star Vessels.md,I - Pleroma Archive/World/Civilizations/Domain/Military/Star Vessels/Star Vessels.md,New Readers Start Here/I - Pleroma Archive/World/Civilizations/Domain/Military/Star Vessels/Star Vessels.md,yes,.md
Domain Battleships.md,I - Pleroma Archive/World/Civilizations/Domain/Military/Star Vessels/Domain Battleships.md,New Readers Start Here/I - Pleroma Archive/World/Civilizations/Domain/Military/Star Vessels/Domain Battleships.md,yes,.md
Flesh-world Craft.md,I - Pleroma Archive/World/Civilizations/Domain/Military/Star Vessels/Flesh-world Craft.md,New Readers Start Here/I - Pleroma Archive/World/Civilizations/Domain/Military/Star Vessels/Flesh-world Craft.md,yes,.md
Domain Carriers.md,I - Pleroma Archive/World/Civilizations/Domain/Military/Star Vessels/Domain Carriers.md,New Readers Start Here/I - Pleroma Archive/World/Civilizations/Domain/Military/Star Vessels/Domain Carriers.md,yes,.md
Domain Hulkers.md,I - Pleroma Archive/World/Civilizations/Domain/Military/Star Vessels/Domain Hulkers.md,New Readers Start Here/I - Pleroma Archive/World/Civilizations/Domain/Military/Star Vessels/Domain Hulkers.md,yes,.md
Domain Dreadnaughts.md,I - Pleroma Archive/World/Civilizations/Domain/Military/Star Vessels/Domain Dreadnaughts.md,New Readers Start Here/I - Pleroma Archive/World/Civilizations/Domain/Military/Star Vessels/Domain Dreadnaughts.md,yes,.md
Domain Observer.md,I - Pleroma Archive/World/Civilizations/Domain/Military/Star Vessels/Domain Observer.md,New Readers Start Here/I - Pleroma Archive/World/Civilizations/Domain/Military/Star Vessels/Domain Observer.md,yes,.md
Faction Profile__Faction Profile__f7510a24.md,I - Pleroma Archive/World/Civilizations/Domain/Overview/Faction Profile/Faction Profile.md,New Readers Start Here/I - Pleroma Archive/World/Civilizations/Domain/Overview/Faction Profile/Faction Profile.md,yes,.md
Draakhorn Zar.md,I - Pleroma Archive/World/Civilizations/Zek'razzar Veyrth/Locations/Draakhorn Zar/Draakhorn Zar.md,New Readers Start Here/I - Pleroma Archive/World/Civilizations/Zek'razzar Veyrth/Locations/Draakhorn Zar/Draakhorn Zar.md,yes,.md
Draconyx Betus.md,I - Pleroma Archive/World/Civilizations/Zek'razzar Veyrth/Locations/Draakhorn Zar/Draconyx Betus.md,New Readers Start Here/I - Pleroma Archive/World/Civilizations/Zek'razzar Veyrth/Locations/Draakhorn Zar/Draconyx Betus.md,yes,.md
"Drethakor, the Black Crucible.md","I - Pleroma Archive/World/Civilizations/Empyrean Continuum/The Empyrearchy/Empyreans/Drethakor, the Black Crucible.md","New Readers Start Here/I - Pleroma Archive/World/Civilizations/Empyrean Continuum/The Empyrearchy/Empyreans/Drethakor, the Black Crucible.md",yes,.md
"Cindralith, the Gilded Tyrant.md","I - Pleroma Archive/World/Civilizations/Empyrean Continuum/The Empyrearchy/Empyreans/Cindralith, the Gilded Tyrant.md","New Readers Start Here/I - Pleroma Archive/World/Civilizations/Empyrean Continuum/The Empyrearchy/Empyreans/Cindralith, the Gilded Tyrant.md",yes,.md
"Kaorath, the Iron Calculus.md","I - Pleroma Archive/World/Civilizations/Empyrean Continuum/The Empyrearchy/Empyreans/Kaorath, the Iron Calculus.md","New Readers Start Here/I - Pleroma Archive/World/Civilizations/Empyrean Continuum/The Empyrearchy/Empyreans/Kaorath, the Iron Calculus.md",yes,.md
"Luthienar, the Crimson Bloom.md","I - Pleroma Archive/World/Civilizations/Empyrean Continuum/The Empyrearchy/Empyreans/Luthienar, the Crimson Bloom.md","New Readers Start Here/I - Pleroma Archive/World/Civilizations/Empyrean Continuum/The Empyrearchy/Empyreans/Luthienar, the Crimson Bloom.md",yes,.md
"Ozython, the Spiral Architect.md","I - Pleroma Archive/World/Civilizations/Empyrean Continuum/The Empyrearchy/Empyreans/Ozython, the Spiral Architect.md","New Readers Start Here/I - Pleroma Archive/World/Civilizations/Empyrean Continuum/The Empyrearchy/Empyreans/Ozython, the Spiral Architect.md",yes,.md
"Vaeltharion, the Forge Eternal.md","I - Pleroma Archive/World/Civilizations/Empyrean Continuum/The Empyrearchy/Empyreans/Vaeltharion, the Forge Eternal.md","New Readers Start Here/I - Pleroma Archive/World/Civilizations/Empyrean Continuum/The Empyrearchy/Empyreans/Vaeltharion, the Forge Eternal.md",yes,.md
"Ysirael, the Thousandfold Veil.md","I - Pleroma Archive/World/Civilizations/Empyrean Continuum/The Empyrearchy/Empyreans/Ysirael, the Thousandfold Veil.md","New Readers Start Here/I - Pleroma Archive/World/Civilizations/Empyrean Continuum/The Empyrearchy/Empyreans/Ysirael, the Thousandfold Veil.md",yes,.md
"Selanith, the Tidal Crown.md","I - Pleroma Archive/World/Civilizations/Empyrean Continuum/The Empyrearchy/Empyreans/Selanith, the Tidal Crown.md","New Readers Start Here/I - Pleroma Archive/World/Civilizations/Empyrean Continuum/The Empyrearchy/Empyreans/Selanith, the Tidal Crown.md",yes,.md
"Morwenyx, the Silent Loom.md","I - Pleroma Archive/World/Civilizations/Empyrean Continuum/The Empyrearchy/Empyreans/Morwenyx, the Silent Loom.md","New Readers Start Here/I - Pleroma Archive/World/Civilizations/Empyrean Continuum/The Empyrearchy/Empyreans/Morwenyx, the Silent Loom.md",yes,.md
Orthodoxy of Accord.md,I - Pleroma Archive/World/Civilizations/Synarchate/Overview/Faction Profile/Orthodoxy of Accord.md,New Readers Start Here/I - Pleroma Archive/World/Civilizations/Synarchate/Overview/Faction Profile/Orthodoxy of Accord.md,yes,.md
The Silent Chorus.md,I - Pleroma Archive/World/Civilizations/Synarchate/Overview/Faction Profile/The Silent Chorus.md,New Readers Start Here/I - Pleroma Archive/World/Civilizations/Synarchate/Overview/Faction Profile/The Silent Chorus.md,yes,.md
Faction Profile__Faction Profile__ea0d63c8.md,I - Pleroma Archive/World/Civilizations/Synarchate/Overview/Faction Profile/Faction Profile.md,New Readers Start Here/I - Pleroma Archive/World/Civilizations/Synarchate/Overview/Faction Profile/Faction Profile.md,yes,.md
Harmonic Synthesis Movement.md,I - Pleroma Archive/World/Civilizations/Synarchate/Overview/Faction Profile/Harmonic Synthesis Movement.md,New Readers Start Here/I - Pleroma Archive/World/Civilizations/Synarchate/Overview/Faction Profile/Harmonic Synthesis Movement.md,yes,.md
Path of the Thousand Forms.md,I - Pleroma Archive/World/Civilizations/Synarchate/Overview/Faction Profile/Path of the Thousand Forms.md,New Readers Start Here/I - Pleroma Archive/World/Civilizations/Synarchate/Overview/Faction Profile/Path of the Thousand Forms.md,yes,.md
Edge of Accord.md,I - Pleroma Archive/World/Civilizations/Synarchate/Overview/Faction Profile/Edge of Accord.md,New Readers Start Here/I - Pleroma Archive/World/Civilizations/Synarchate/Overview/Faction Profile/Edge of Accord.md,yes,.md
Concordant Vanguard.md,I - Pleroma Archive/World/Civilizations/Synarchate/Overview/Faction Profile/Concordant Vanguard.md,New Readers Start Here/I - Pleroma Archive/World/Civilizations/Synarchate/Overview/Faction Profile/Concordant Vanguard.md,yes,.md
Dimensional Warships.md,I - Pleroma Archive/World/Civilizations/Dominion/Military/Military Overview/Dimensional Warships.md,New Readers Start Here/I - Pleroma Archive/World/Civilizations/Dominion/Military/Military Overview/Dimensional Warships.md,yes,.md
Invasion.md,I - Pleroma Archive/World/Civilizations/Dominion/Military/Military Overview/Invasion.md,New Readers Start Here/I - Pleroma Archive/World/Civilizations/Dominion/Military/Military Overview/Invasion.md,yes,.md
Divine Neutralization.md,I - Pleroma Archive/World/Civilizations/Dominion/Military/Military Overview/Divine Neutralization.md,New Readers Start Here/I - Pleroma Archive/World/Civilizations/Dominion/Military/Military Overview/Divine Neutralization.md,yes,.md
Military Overview__Military Overview__fbbc4cba.md,I - Pleroma Archive/World/Civilizations/Dominion/Military/Military Overview/Military Overview.md,New Readers Start Here/I - Pleroma Archive/World/Civilizations/Dominion/Military/Military Overview/Military Overview.md,yes,.md
Legion Relics-merged.md,I - Pleroma Archive/World/Civilizations/Dominion/Military/Royal Military/Legion Relics-merged.md,New Readers Start Here/I - Pleroma Archive/World/Civilizations/Dominion/Military/Royal Military/Legion Relics-merged.md,yes,.md
Mech Suits__Royal Military__3a3bf2b0.md,I - Pleroma Archive/World/Civilizations/Dominion/Military/Royal Military/Mech Suits.md,New Readers Start Here/I - Pleroma Archive/World/Civilizations/Dominion/Military/Royal Military/Mech Suits.md,yes,.md
Cohors Transgressionis.md,I - Pleroma Archive/World/Civilizations/Dominion/Military/Federal Military/Cohors Transgressionis.md,New Readers Start Here/I - Pleroma Archive/World/Civilizations/Dominion/Military/Federal Military/Cohors Transgressionis.md,yes,.md
9th Legion.md,I - Pleroma Archive/World/Civilizations/Dominion/Military/Federal Military/9th Legion.md,New Readers Start Here/I - Pleroma Archive/World/Civilizations/Dominion/Military/Federal Military/9th Legion.md,yes,.md
Phalanx Reveans.md,I - Pleroma Archive/World/Civilizations/Dominion/Military/Federal Military/Phalanx Reveans.md,New Readers Start Here/I - Pleroma Archive/World/Civilizations/Dominion/Military/Federal Military/Phalanx Reveans.md,yes,.md
Ghost Brigades.md,I - Pleroma Archive/World/Civilizations/Dominion/Military/Federal Military/Ghost Brigades.md,New Readers Start Here/I - Pleroma Archive/World/Civilizations/Dominion/Military/Federal Military/Ghost Brigades.md,yes,.md
Arms.md,I - Pleroma Archive/World/Civilizations/Dominion/Military/Federal Military/Arms.md,New Readers Start Here/I - Pleroma Archive/World/Civilizations/Dominion/Military/Federal Military/Arms.md,yes,.md
Mech Suits__Federal Military__b647f70e.md,I - Pleroma Archive/World/Civilizations/Dominion/Military/Federal Military/Mech Suits.md,New Readers Start Here/I - Pleroma Archive/World/Civilizations/Dominion/Military/Federal Military/Mech Suits.md,yes,.md
Starships.md,I - Pleroma Archive/World/Civilizations/Dominion/Military/Starships/Starships.md,New Readers Start Here/I - Pleroma Archive/World/Civilizations/Dominion/Military/Starships/Starships.md,yes,.md
Civilian & Merchant Vessels.md,I - Pleroma Archive/World/Civilizations/Dominion/Military/Starships/Civilian & Merchant Vessels.md,New Readers Start Here/I - Pleroma Archive/World/Civilizations/Dominion/Military/Starships/Civilian & Merchant Vessels.md,yes,.md
Bombardment.md,I - Pleroma Archive/World/Civilizations/Dominion/Military/Orders & Commands/Bombardment.md,New Readers Start Here/I - Pleroma Archive/World/Civilizations/Dominion/Military/Orders & Commands/Bombardment.md,yes,.md
Orders & Commands__Orders _ Commands__5fa88356.md,I - Pleroma Archive/World/Civilizations/Dominion/Military/Orders & Commands/Orders & Commands.md,New Readers Start Here/I - Pleroma Archive/World/Civilizations/Dominion/Military/Orders & Commands/Orders & Commands.md,yes,.md
Intergalactic Warfare.md,I - Pleroma Archive/World/Civilizations/Dominion/Military/Orders & Commands/Intergalactic Warfare.md,New Readers Start Here/I - Pleroma Archive/World/Civilizations/Dominion/Military/Orders & Commands/Intergalactic Warfare.md,yes,.md
The Under Population Issue.md,I - Pleroma Archive/World/Civilizations/Dominion/Government/Policies/The Under Population Issue.md,New Readers Start Here/I - Pleroma Archive/World/Civilizations/Dominion/Government/Policies/The Under Population Issue.md,yes,.md
Induced Overpopulation.md,I - Pleroma Archive/World/Civilizations/Dominion/Government/Policies/Induced Overpopulation.md,New Readers Start Here/I - Pleroma Archive/World/Civilizations/Dominion/Government/Policies/Induced Overpopulation.md,yes,.md
Policies.md,I - Pleroma Archive/World/Civilizations/Dominion/Government/Policies/Policies.md,New Readers Start Here/I - Pleroma Archive/World/Civilizations/Dominion/Government/Policies/Policies.md,yes,.md
The Family Incentive.md,I - Pleroma Archive/World/Civilizations/Dominion/Government/Policies/The Family Incentive.md,New Readers Start Here/I - Pleroma Archive/World/Civilizations/Dominion/Government/Policies/The Family Incentive.md,yes,.md
Federal Agencies.md,I - Pleroma Archive/World/Civilizations/Dominion/Government/Federal Agencies/Federal Agencies.md,New Readers Start Here/I - Pleroma Archive/World/Civilizations/Dominion/Government/Federal Agencies/Federal Agencies.md,yes,.md
National Spacecraft Security.md,I - Pleroma Archive/World/Civilizations/Dominion/Government/Federal Agencies/National Spacecraft Security.md,New Readers Start Here/I - Pleroma Archive/World/Civilizations/Dominion/Government/Federal Agencies/National Spacecraft Security.md,yes,.md
Federal Agency Oversight Board.md,I - Pleroma Archive/World/Civilizations/Dominion/Government/Federal Agencies/Federal Agency Oversight Board.md,New Readers Start Here/I - Pleroma Archive/World/Civilizations/Dominion/Government/Federal Agencies/Federal Agency Oversight Board.md,yes,.md
Family Welfare and Population Office.md,I - Pleroma Archive/World/Civilizations/Dominion/Government/Federal Agencies/Family Welfare and Population Office.md,New Readers Start Here/I - Pleroma Archive/World/Civilizations/Dominion/Government/Federal Agencies/Family Welfare and Population Office.md,yes,.md
Dominion Science & Technological Innovation Bureau.md,I - Pleroma Archive/World/Civilizations/Dominion/Government/Federal Agencies/Dominion Science & Technological Innovation Bureau.md,New Readers Start Here/I - Pleroma Archive/World/Civilizations/Dominion/Government/Federal Agencies/Dominion Science & Technological Innovation Bureau.md,yes,.md
Dominion Response Teams.md,I - Pleroma Archive/World/Civilizations/Dominion/Government/Federal Agencies/Dominion Response Teams.md,New Readers Start Here/I - Pleroma Archive/World/Civilizations/Dominion/Government/Federal Agencies/Dominion Response Teams.md,yes,.md
Dominion Office of Health.md,I - Pleroma Archive/World/Civilizations/Dominion/Government/Federal Agencies/Dominion Office of Health.md,New Readers Start Here/I - Pleroma Archive/World/Civilizations/Dominion/Government/Federal Agencies/Dominion Office of Health.md,yes,.md
Dominion Expansion & Infrastructure Authority.md,I - Pleroma Archive/World/Civilizations/Dominion/Government/Federal Agencies/Dominion Expansion & Infrastructure Authority.md,New Readers Start Here/I - Pleroma Archive/World/Civilizations/Dominion/Government/Federal Agencies/Dominion Expansion & Infrastructure Authority.md,yes,.md
Strategic Intelligence Agency.md,I - Pleroma Archive/World/Civilizations/Dominion/Government/Federal Agencies/Strategic Intelligence Agency.md,New Readers Start Here/I - Pleroma Archive/World/Civilizations/Dominion/Government/Federal Agencies/Strategic Intelligence Agency.md,yes,.md
Labor and Service Standards Commission.md,I - Pleroma Archive/World/Civilizations/Dominion/Government/Federal Agencies/Labor and Service Standards Commission.md,New Readers Start Here/I - Pleroma Archive/World/Civilizations/Dominion/Government/Federal Agencies/Labor and Service Standards Commission.md,yes,.md
Dominion Education & Integration Commission.md,I - Pleroma Archive/World/Civilizations/Dominion/Government/Federal Agencies/Dominion Education & Integration Commission.md,New Readers Start Here/I - Pleroma Archive/World/Civilizations/Dominion/Government/Federal Agencies/Dominion Education & Integration Commission.md,yes,.md
Dominion Arts Council.md,I - Pleroma Archive/World/Civilizations/Dominion/Government/Federal Agencies/Dominion Arts Council.md,New Readers Start Here/I - Pleroma Archive/World/Civilizations/Dominion/Government/Federal Agencies/Dominion Arts Council.md,yes,.md
The National Security Agency.md,I - Pleroma Archive/World/Civilizations/Dominion/Government/Federal Agencies/The National Security Agency.md,New Readers Start Here/I - Pleroma Archive/World/Civilizations/Dominion/Government/Federal Agencies/The National Security Agency.md,yes,.md
Dominion AI Accountability Council.md,I - Pleroma Archive/World/Civilizations/Dominion/Government/Federal Agencies/Dominion AI Accountability Council.md,New Readers Start Here/I - Pleroma Archive/World/Civilizations/Dominion/Government/Federal Agencies/Dominion AI Accountability Council.md,yes,.md
Resource Allocation Authority.md,I - Pleroma Archive/World/Civilizations/Dominion/Government/Federal Agencies/Resource Allocation Authority.md,New Readers Start Here/I - Pleroma Archive/World/Civilizations/Dominion/Government/Federal Agencies/Resource Allocation Authority.md,yes,.md
Food Security and Agricultural Adaptation Office.md,I - Pleroma Archive/World/Civilizations/Dominion/Government/Federal Agencies/Food Security and Agricultural Adaptation Office.md,New Readers Start Here/I - Pleroma Archive/World/Civilizations/Dominion/Government/Federal Agencies/Food Security and Agricultural Adaptation Office.md,yes,.md
National Foreign Security Council.md,I - Pleroma Archive/World/Civilizations/Dominion/Government/Federal Agencies/National Foreign Security Council.md,New Readers Start Here/I - Pleroma Archive/World/Civilizations/Dominion/Government/Federal Agencies/National Foreign Security Council.md,yes,.md
Internal Counterintelligence Bureau.md,I - Pleroma Archive/World/Civilizations/Dominion/Government/Federal Agencies/Internal Counterintelligence Bureau.md,New Readers Start Here/I - Pleroma Archive/World/Civilizations/Dominion/Government/Federal Agencies/Internal Counterintelligence Bureau.md,yes,.md
Cybernetic Compliance Protocols.md,I - Pleroma Archive/World/Civilizations/Dominion/Government/Federal Agencies/Cybernetic Compliance Protocols.md,New Readers Start Here/I - Pleroma Archive/World/Civilizations/Dominion/Government/Federal Agencies/Cybernetic Compliance Protocols.md,yes,.md
Bioethics and Human Design Board.md,I - Pleroma Archive/World/Civilizations/Dominion/Government/Federal Agencies/Bioethics and Human Design Board.md,New Readers Start Here/I - Pleroma Archive/World/Civilizations/Dominion/Government/Federal Agencies/Bioethics and Human Design Board.md,yes,.md
Office of Dimensional Containment.md,I - Pleroma Archive/World/Civilizations/Dominion/Government/Federal Agencies/Office of Dimensional Containment.md,New Readers Start Here/I - Pleroma Archive/World/Civilizations/Dominion/Government/Federal Agencies/Office of Dimensional Containment.md,yes,.md
Migration and Settlement Authority.md,I - Pleroma Archive/World/Civilizations/Dominion/Government/Federal Agencies/Migration and Settlement Authority.md,New Readers Start Here/I - Pleroma Archive/World/Civilizations/Dominion/Government/Federal Agencies/Migration and Settlement Authority.md,yes,.md
Environmental Protection Agency.md,I - Pleroma Archive/World/Civilizations/Dominion/Government/Federal Agencies/Environmental Protection Agency.md,New Readers Start Here/I - Pleroma Archive/World/Civilizations/Dominion/Government/Federal Agencies/Environmental Protection Agency.md,yes,.md
Tesseract Port Authority.md,I - Pleroma Archive/World/Civilizations/Dominion/Government/Federal Agencies/Tesseract Port Authority.md,New Readers Start Here/I - Pleroma Archive/World/Civilizations/Dominion/Government/Federal Agencies/Tesseract Port Authority.md,yes,.md
Federal Courts Administration.md,I - Pleroma Archive/World/Civilizations/Dominion/Government/Federal Agencies/Federal Courts Administration.md,New Readers Start Here/I - Pleroma Archive/World/Civilizations/Dominion/Government/Federal Agencies/Federal Courts Administration.md,yes,.md
Dominion Finance Authority.md,I - Pleroma Archive/World/Civilizations/Dominion/Government/Federal Agencies/Dominion Finance Authority.md,New Readers Start Here/I - Pleroma Archive/World/Civilizations/Dominion/Government/Federal Agencies/Dominion Finance Authority.md,yes,.md
Federal Transit and Megarail Authority.md,I - Pleroma Archive/World/Civilizations/Dominion/Government/Federal Agencies/Federal Transit and Megarail Authority.md,New Readers Start Here/I - Pleroma Archive/World/Civilizations/Dominion/Government/Federal Agencies/Federal Transit and Megarail Authority.md,yes,.md
Civil Registry and Franchise Service.md,I - Pleroma Archive/World/Civilizations/Dominion/Government/Federal Agencies/Civil Registry and Franchise Service.md,New Readers Start Here/I - Pleroma Archive/World/Civilizations/Dominion/Government/Federal Agencies/Civil Registry and Franchise Service.md,yes,.md
Division of Relic Intelligence.md,I - Pleroma Archive/World/Civilizations/Dominion/Government/Federal Agencies/Division of Relic Intelligence.md,New Readers Start Here/I - Pleroma Archive/World/Civilizations/Dominion/Government/Federal Agencies/Division of Relic Intelligence.md,yes,.md
Federal Elections and Civic Review Commission.md,I - Pleroma Archive/World/Civilizations/Dominion/Government/Federal Agencies/Federal Elections and Civic Review Commission.md,New Readers Start Here/I - Pleroma Archive/World/Civilizations/Dominion/Government/Federal Agencies/Federal Elections and Civic Review Commission.md,yes,.md
Public Works and Habitation Authority.md,I - Pleroma Archive/World/Civilizations/Dominion/Government/Federal Agencies/Public Works and Habitation Authority.md,New Readers Start Here/I - Pleroma Archive/World/Civilizations/Dominion/Government/Federal Agencies/Public Works and Habitation Authority.md,yes,.md
Terraforming Compliance Authority.md,I - Pleroma Archive/World/Civilizations/Dominion/Government/Federal Agencies/Terraforming Compliance Authority.md,New Readers Start Here/I - Pleroma Archive/World/Civilizations/Dominion/Government/Federal Agencies/Terraforming Compliance Authority.md,yes,.md
Shadow Dominion.md,I - Pleroma Archive/World/Civilizations/Dominion/Government/Shadow Dominion/Shadow Dominion.md,New Readers Start Here/I - Pleroma Archive/World/Civilizations/Dominion/Government/Shadow Dominion/Shadow Dominion.md,yes,.md
The Eternal Palace.md,I - Pleroma Archive/World/Civilizations/Dominion/Government/Royal Branch/The Eternal Palace.md,New Readers Start Here/I - Pleroma Archive/World/Civilizations/Dominion/Government/Royal Branch/The Eternal Palace.md,yes,.md
Vault Worlds.md,I - Pleroma Archive/World/Civilizations/Dominion/Government/Planet Classifications/Vault Worlds.md,New Readers Start Here/I - Pleroma Archive/World/Civilizations/Dominion/Government/Planet Classifications/Vault Worlds.md,yes,.md
Warp Worlds.md,I - Pleroma Archive/World/Civilizations/Dominion/Government/Planet Classifications/Warp Worlds.md,New Readers Start Here/I - Pleroma Archive/World/Civilizations/Dominion/Government/Planet Classifications/Warp Worlds.md,yes,.md
Oceanic Worlds.md,I - Pleroma Archive/World/Civilizations/Dominion/Government/Planet Classifications/Oceanic Worlds.md,New Readers Start Here/I - Pleroma Archive/World/Civilizations/Dominion/Government/Planet Classifications/Oceanic Worlds.md,yes,.md
Refinery-Worlds.md,I - Pleroma Archive/World/Civilizations/Dominion/Government/Planet Classifications/Refinery-Worlds.md,New Readers Start Here/I - Pleroma Archive/World/Civilizations/Dominion/Government/Planet Classifications/Refinery-Worlds.md,yes,.md
Zealot Worlds.md,I - Pleroma Archive/World/Civilizations/Dominion/Government/Planet Classifications/Zealot Worlds.md,New Readers Start Here/I - Pleroma Archive/World/Civilizations/Dominion/Government/Planet Classifications/Zealot Worlds.md,yes,.md
Library Worlds.md,I - Pleroma Archive/World/Civilizations/Dominion/Government/Planet Classifications/Library Worlds.md,New Readers Start Here/I - Pleroma Archive/World/Civilizations/Dominion/Government/Planet Classifications/Library Worlds.md,yes,.md
Hive-Worlds.md,I - Pleroma Archive/World/Civilizations/Dominion/Government/Planet Classifications/Hive-Worlds.md,New Readers Start Here/I - Pleroma Archive/World/Civilizations/Dominion/Government/Planet Classifications/Hive-Worlds.md,yes,.md
Xeno-Worlds.md,I - Pleroma Archive/World/Civilizations/Dominion/Government/Planet Classifications/Xeno-Worlds.md,New Readers Start Here/I - Pleroma Archive/World/Civilizations/Dominion/Government/Planet Classifications/Xeno-Worlds.md,yes,.md
Null Worlds.md,I - Pleroma Archive/World/Civilizations/Dominion/Government/Planet Classifications/Null Worlds.md,New Readers Start Here/I - Pleroma Archive/World/Civilizations/Dominion/Government/Planet Classifications/Null Worlds.md,yes,.md
Garden Worlds.md,I - Pleroma Archive/World/Civilizations/Dominion/Government/Planet Classifications/Garden Worlds.md,New Readers Start Here/I - Pleroma Archive/World/Civilizations/Dominion/Government/Planet Classifications/Garden Worlds.md,yes,.md
Prison-Worlds.md,I - Pleroma Archive/World/Civilizations/Dominion/Government/Planet Classifications/Prison-Worlds.md,New Readers Start Here/I - Pleroma Archive/World/Civilizations/Dominion/Government/Planet Classifications/Prison-Worlds.md,yes,.md
Ice Worlds.md,I - Pleroma Archive/World/Civilizations/Dominion/Government/Planet Classifications/Ice Worlds.md,New Readers Start Here/I - Pleroma Archive/World/Civilizations/Dominion/Government/Planet Classifications/Ice Worlds.md,yes,.md
Sanctum-Worlds.md,I - Pleroma Archive/World/Civilizations/Dominion/Government/Planet Classifications/Sanctum-Worlds.md,New Readers Start Here/I - Pleroma Archive/World/Civilizations/Dominion/Government/Planet Classifications/Sanctum-Worlds.md,yes,.md
Trade-Worlds.md,I - Pleroma Archive/World/Civilizations/Dominion/Government/Planet Classifications/Trade-Worlds.md,New Readers Start Here/I - Pleroma Archive/World/Civilizations/Dominion/Government/Planet Classifications/Trade-Worlds.md,yes,.md
Yield Worlds.md,I - Pleroma Archive/World/Civilizations/Dominion/Government/Planet Classifications/Yield Worlds.md,New Readers Start Here/I - Pleroma Archive/World/Civilizations/Dominion/Government/Planet Classifications/Yield Worlds.md,yes,.md
Forge-Worlds.md,I - Pleroma Archive/World/Civilizations/Dominion/Government/Planet Classifications/Forge-Worlds.md,New Readers Start Here/I - Pleroma Archive/World/Civilizations/Dominion/Government/Planet Classifications/Forge-Worlds.md,yes,.md
Blue Worlds.md,I - Pleroma Archive/World/Civilizations/Dominion/Government/Planet Classifications/Blue Worlds.md,New Readers Start Here/I - Pleroma Archive/World/Civilizations/Dominion/Government/Planet Classifications/Blue Worlds.md,yes,.md
Quarantine Worlds.md,I - Pleroma Archive/World/Civilizations/Dominion/Government/Planet Classifications/Quarantine Worlds.md,New Readers Start Here/I - Pleroma Archive/World/Civilizations/Dominion/Government/Planet Classifications/Quarantine Worlds.md,yes,.md
Tomb Worlds.md,I - Pleroma Archive/World/Civilizations/Dominion/Government/Planet Classifications/Tomb Worlds.md,New Readers Start Here/I - Pleroma Archive/World/Civilizations/Dominion/Government/Planet Classifications/Tomb Worlds.md,yes,.md
Core-Worlds.md,I - Pleroma Archive/World/Civilizations/Dominion/Government/Planet Classifications/Core-Worlds.md,New Readers Start Here/I - Pleroma Archive/World/Civilizations/Dominion/Government/Planet Classifications/Core-Worlds.md,yes,.md
Ecumenopolis__Planet Classifications__43b8f688.md,I - Pleroma Archive/World/Civilizations/Dominion/Government/Planet Classifications/Ecumenopolis.md,New Readers Start Here/I - Pleroma Archive/World/Civilizations/Dominion/Government/Planet Classifications/Ecumenopolis.md,yes,.md
Military-Worlds.md,I - Pleroma Archive/World/Civilizations/Dominion/Government/Planet Classifications/Military-Worlds.md,New Readers Start Here/I - Pleroma Archive/World/Civilizations/Dominion/Government/Planet Classifications/Military-Worlds.md,yes,.md
Bioforge Worlds.md,I - Pleroma Archive/World/Civilizations/Dominion/Government/Planet Classifications/Bioforge Worlds.md,New Readers Start Here/I - Pleroma Archive/World/Civilizations/Dominion/Government/Planet Classifications/Bioforge Worlds.md,yes,.md
Agri-Worlds.md,I - Pleroma Archive/World/Civilizations/Dominion/Government/Planet Classifications/Agri-Worlds.md,New Readers Start Here/I - Pleroma Archive/World/Civilizations/Dominion/Government/Planet Classifications/Agri-Worlds.md,yes,.md
The Capitol Building.md,I - Pleroma Archive/World/Civilizations/Dominion/Government/Federal Branch/The Capitol Building.md,New Readers Start Here/I - Pleroma Archive/World/Civilizations/Dominion/Government/Federal Branch/The Capitol Building.md,yes,.md
Judicial Review.md,I - Pleroma Archive/World/Civilizations/Dominion/Government/Federal Branch/Judicial Review.md,New Readers Start Here/I - Pleroma Archive/World/Civilizations/Dominion/Government/Federal Branch/Judicial Review.md,yes,.md
Lawful Federal Resistance.md,I - Pleroma Archive/World/Civilizations/Dominion/Government/Federal Branch/Lawful Federal Resistance.md,New Readers Start Here/I - Pleroma Archive/World/Civilizations/Dominion/Government/Federal Branch/Lawful Federal Resistance.md,yes,.md
Government Structure.md,I - Pleroma Archive/World/Civilizations/Dominion/Government/Federal Branch/Government Structure.md,New Readers Start Here/I - Pleroma Archive/World/Civilizations/Dominion/Government/Federal Branch/Government Structure.md,yes,.md
Simulacrine Syndrome.md,I - Pleroma Archive/World/Civilizations/Dominion/Culture & Society/Education & Knowledge/Simulacrine Syndrome.md,New Readers Start Here/I - Pleroma Archive/World/Civilizations/Dominion/Culture & Society/Education & Knowledge/Simulacrine Syndrome.md,yes,.md
Education & Knowledge.md,I - Pleroma Archive/World/Civilizations/Dominion/Culture & Society/Education & Knowledge/Education & Knowledge.md,New Readers Start Here/I - Pleroma Archive/World/Civilizations/Dominion/Culture & Society/Education & Knowledge/Education & Knowledge.md,yes,.md
VRAU (Virtual-Reality Adaptive Unit).md,I - Pleroma Archive/World/Civilizations/Dominion/Culture & Society/Education & Knowledge/VRAU (Virtual-Reality Adaptive Unit).md,New Readers Start Here/I - Pleroma Archive/World/Civilizations/Dominion/Culture & Society/Education & Knowledge/VRAU (Virtual-Reality Adaptive Unit).md,yes,.md
Dominion Religious Factions.md,I - Pleroma Archive/World/Civilizations/Dominion/Culture & Society/Philosophy & Ideology/Dominion Religious Factions.md,New Readers Start Here/I - Pleroma Archive/World/Civilizations/Dominion/Culture & Society/Philosophy & Ideology/Dominion Religious Factions.md,yes,.md
Philosophy & Ideology.md,I - Pleroma Archive/World/Civilizations/Dominion/Culture & Society/Philosophy & Ideology/Philosophy & Ideology.md,New Readers Start Here/I - Pleroma Archive/World/Civilizations/Dominion/Culture & Society/Philosophy & Ideology/Philosophy & Ideology.md,yes,.md
Supervolcano Regions.md,I - Pleroma Archive/World/Civilizations/Dominion/Locations/Harmina/Supervolcano Regions.md,New Readers Start Here/I - Pleroma Archive/World/Civilizations/Dominion/Locations/Harmina/Supervolcano Regions.md,yes,.md
Harmina.md,I - Pleroma Archive/World/Civilizations/Dominion/Locations/Harmina/Harmina.md,New Readers Start Here/I - Pleroma Archive/World/Civilizations/Dominion/Locations/Harmina/Harmina.md,yes,.md
The First City (New Aurora).md,I - Pleroma Archive/World/Civilizations/Dominion/Locations/Harmina/The First City (New Aurora).md,New Readers Start Here/I - Pleroma Archive/World/Civilizations/Dominion/Locations/Harmina/The First City (New Aurora).md,yes,.md
The Undersea City (Endlos).md,I - Pleroma Archive/World/Civilizations/Dominion/Locations/Harmina/The Undersea City (Endlos).md,New Readers Start Here/I - Pleroma Archive/World/Civilizations/Dominion/Locations/Harmina/The Undersea City (Endlos).md,yes,.md
Colossus of Dominion.md,I - Pleroma Archive/World/Civilizations/Dominion/Locations/Harmina/Colossus of Dominion.md,New Readers Start Here/I - Pleroma Archive/World/Civilizations/Dominion/Locations/Harmina/Colossus of Dominion.md,yes,.md
Landmasses & Oceans of Harmina.md,I - Pleroma Archive/World/Civilizations/Dominion/Locations/Harmina/Landmasses & Oceans of Harmina.md,New Readers Start Here/I - Pleroma Archive/World/Civilizations/Dominion/Locations/Harmina/Landmasses & Oceans of Harmina.md,yes,.md
Akasha.md,I - Pleroma Archive/World/Civilizations/Dominion/Locations/Akasha/Akasha.md,New Readers Start Here/I - Pleroma Archive/World/Civilizations/Dominion/Locations/Akasha/Akasha.md,yes,.md
codex Akasha.md,I - Pleroma Archive/World/Civilizations/Dominion/Locations/Akasha/codex Akasha.md,New Readers Start Here/I - Pleroma Archive/World/Civilizations/Dominion/Locations/Akasha/codex Akasha.md,yes,.md
Aurath Trees.md,I - Pleroma Archive/World/Civilizations/Dominion/Locations/Akasha/Aurath Trees.md,New Readers Start Here/I - Pleroma Archive/World/Civilizations/Dominion/Locations/Akasha/Aurath Trees.md,yes,.md
Captured Rouge Planets.md,I - Pleroma Archive/World/Civilizations/Dominion/Economy & Infrastructure/Trade & Resources/Captured Rouge Planets.md,New Readers Start Here/I - Pleroma Archive/World/Civilizations/Dominion/Economy & Infrastructure/Trade & Resources/Captured Rouge Planets.md,yes,.md
Trade & Resources__Trade _ Resources__e0aa0284.md,I - Pleroma Archive/World/Civilizations/Dominion/Economy & Infrastructure/Trade & Resources/Trade & Resources.md,New Readers Start Here/I - Pleroma Archive/World/Civilizations/Dominion/Economy & Infrastructure/Trade & Resources/Trade & Resources.md,yes,.md
Veil of Silence.md,I - Pleroma Archive/World/Civilizations/Dominion/Relics/Living Saint Regalia/Veil of Silence.md,New Readers Start Here/I - Pleroma Archive/World/Civilizations/Dominion/Relics/Living Saint Regalia/Veil of Silence.md,yes,.md
Vox Celestium (The God-Voice Circuit).md,I - Pleroma Archive/World/Civilizations/Dominion/Relics/Living Saint Regalia/Vox Celestium (The God-Voice Circuit).md,New Readers Start Here/I - Pleroma Archive/World/Civilizations/Dominion/Relics/Living Saint Regalia/Vox Celestium (The God-Voice Circuit).md,yes,.md
Sanctum Pulse Engine.md,I - Pleroma Archive/World/Civilizations/Dominion/Relics/Living Saint Regalia/Sanctum Pulse Engine.md,New Readers Start Here/I - Pleroma Archive/World/Civilizations/Dominion/Relics/Living Saint Regalia/Sanctum Pulse Engine.md,yes,.md
Judicant Reliquary Lattice.md,I - Pleroma Archive/World/Civilizations/Dominion/Relics/Living Saint Regalia/Judicant Reliquary Lattice.md,New Readers Start Here/I - Pleroma Archive/World/Civilizations/Dominion/Relics/Living Saint Regalia/Judicant Reliquary Lattice.md,yes,.md
Wings of the Manifest Light.md,I - Pleroma Archive/World/Civilizations/Dominion/Relics/Living Saint Regalia/Wings of the Manifest Light.md,New Readers Start Here/I - Pleroma Archive/World/Civilizations/Dominion/Relics/Living Saint Regalia/Wings of the Manifest Light.md,yes,.md
Living Saint Regalia.md,I - Pleroma Archive/World/Civilizations/Dominion/Relics/Living Saint Regalia/Living Saint Regalia.md,New Readers Start Here/I - Pleroma Archive/World/Civilizations/Dominion/Relics/Living Saint Regalia/Living Saint Regalia.md,yes,.md
Halo-Core (Divine Presence Generator).md,I - Pleroma Archive/World/Civilizations/Dominion/Relics/Living Saint Regalia/Halo-Core (Divine Presence Generator).md,New Readers Start Here/I - Pleroma Archive/World/Civilizations/Dominion/Relics/Living Saint Regalia/Halo-Core (Divine Presence Generator).md,yes,.md
The Formlos.md,I - Pleroma Archive/World/Civilizations/Dominion/Overview/Flora&Fauna/The Formlos.md,New Readers Start Here/I - Pleroma Archive/World/Civilizations/Dominion/Overview/Flora&Fauna/The Formlos.md,yes,.md
The Lautlos.md,I - Pleroma Archive/World/Civilizations/Dominion/Overview/Flora&Fauna/The Lautlos.md,New Readers Start Here/I - Pleroma Archive/World/Civilizations/Dominion/Overview/Flora&Fauna/The Lautlos.md,yes,.md
Synthesis.md,I - Pleroma Archive/World/Civilizations/Dominion/Overview/Timeline/Synthesis.md,New Readers Start Here/I - Pleroma Archive/World/Civilizations/Dominion/Overview/Timeline/Synthesis.md,yes,.md
Ascension.md,I - Pleroma Archive/World/Civilizations/Dominion/Overview/Timeline/Ascension.md,New Readers Start Here/I - Pleroma Archive/World/Civilizations/Dominion/Overview/Timeline/Ascension.md,yes,.md
A New Galaxy.md,I - Pleroma Archive/World/Civilizations/Dominion/Overview/Timeline/A New Galaxy.md,New Readers Start Here/I - Pleroma Archive/World/Civilizations/Dominion/Overview/Timeline/A New Galaxy.md,yes,.md
Cosmogenesis.md,I - Pleroma Archive/World/Civilizations/Dominion/Overview/Timeline/Cosmogenesis.md,New Readers Start Here/I - Pleroma Archive/World/Civilizations/Dominion/Overview/Timeline/Cosmogenesis.md,yes,.md
The Dominion.md,I - Pleroma Archive/World/Civilizations/Dominion/Overview/Timeline/The Dominion.md,New Readers Start Here/I - Pleroma Archive/World/Civilizations/Dominion/Overview/Timeline/The Dominion.md,yes,.md
Divergence.md,I - Pleroma Archive/World/Civilizations/Dominion/Overview/Timeline/Divergence.md,New Readers Start Here/I - Pleroma Archive/World/Civilizations/Dominion/Overview/Timeline/Divergence.md,yes,.md
A New Arms Race.md,I - Pleroma Archive/World/Civilizations/Dominion/Overview/Timeline/A New Arms Race.md,New Readers Start Here/I - Pleroma Archive/World/Civilizations/Dominion/Overview/Timeline/A New Arms Race.md,yes,.md
Rise of Nations.md,I - Pleroma Archive/World/Civilizations/Dominion/Overview/Timeline/Rise of Nations.md,New Readers Start Here/I - Pleroma Archive/World/Civilizations/Dominion/Overview/Timeline/Rise of Nations.md,yes,.md
Crusades.md,I - Pleroma Archive/World/Civilizations/Dominion/Overview/Timeline/Crusades.md,New Readers Start Here/I - Pleroma Archive/World/Civilizations/Dominion/Overview/Timeline/Crusades.md,yes,.md
The United SylΓÇÖan State.md,I - Pleroma Archive/World/Civilizations/Dominion/Overview/Faction Profile/The United SylΓÇÖan State.md,New Readers Start Here/I - Pleroma Archive/World/Civilizations/Dominion/Overview/Faction Profile/The United SylΓÇÖan State.md,yes,.md
Faction Profile__Faction Profile__0c907ad3.md,I - Pleroma Archive/World/Civilizations/Dominion/Overview/Faction Profile/Faction Profile.md,New Readers Start Here/I - Pleroma Archive/World/Civilizations/Dominion/Overview/Faction Profile/Faction Profile.md,yes,.md
Crystal.md,I - Pleroma Archive/Structure/Omniversal Structure/Megaverse Types (Basins)/Stone/Subtypes/Crystal/Crystal.md,New Readers Start Here/I - Pleroma Archive/Structure/Omniversal Structure/Megaverse Types (Basins)/Stone/Subtypes/Crystal/Crystal.md,yes,.md
Mountain.md,I - Pleroma Archive/Structure/Omniversal Structure/Megaverse Types (Basins)/Stone/Subtypes/Mountain/Mountain.md,New Readers Start Here/I - Pleroma Archive/Structure/Omniversal Structure/Megaverse Types (Basins)/Stone/Subtypes/Mountain/Mountain.md,yes,.md
The Ethereals.md,I - Pleroma Archive/World/Locations/Eos Multiverse/The Aphotic Zone/Concordia/Concordia/The Ethereals.md,New Readers Start Here/I - Pleroma Archive/World/Locations/Eos Multiverse/The Aphotic Zone/Concordia/Concordia/The Ethereals.md,yes,.md
Concordia.canvas,I - Pleroma Archive/World/Locations/Eos Multiverse/The Aphotic Zone/Concordia/Concordia/Concordia.canvas,New Readers Start Here/I - Pleroma Archive/World/Locations/Eos Multiverse/The Aphotic Zone/Concordia/Concordia/Concordia.canvas,no,.canvas
The Beastkin.md,I - Pleroma Archive/World/Locations/Eos Multiverse/The Aphotic Zone/Concordia/Concordia/The Beastkin.md,New Readers Start Here/I - Pleroma Archive/World/Locations/Eos Multiverse/The Aphotic Zone/Concordia/Concordia/The Beastkin.md,yes,.md
Draconian.md,I - Pleroma Archive/World/Locations/Eos Multiverse/The Aphotic Zone/Concordia/Concordia/Draconian.md,New Readers Start Here/I - Pleroma Archive/World/Locations/Eos Multiverse/The Aphotic Zone/Concordia/Concordia/Draconian.md,yes,.md
Outer gods.md,I - Pleroma Archive/World/Locations/Eos Multiverse/The Aphotic Zone/Concordia/Concordia/Outer gods.md,New Readers Start Here/I - Pleroma Archive/World/Locations/Eos Multiverse/The Aphotic Zone/Concordia/Concordia/Outer gods.md,yes,.md
The Everlasting War.md,I - Pleroma Archive/World/Locations/Eos Multiverse/The Aphotic Zone/Concordia/Concordia/The Everlasting War.md,New Readers Start Here/I - Pleroma Archive/World/Locations/Eos Multiverse/The Aphotic Zone/Concordia/Concordia/The Everlasting War.md,yes,.md
The Divina.md,I - Pleroma Archive/World/Locations/Eos Multiverse/The Aphotic Zone/Concordia/Concordia/The Divina.md,New Readers Start Here/I - Pleroma Archive/World/Locations/Eos Multiverse/The Aphotic Zone/Concordia/Concordia/The Divina.md,yes,.md
Order of The Draconus.md,I - Pleroma Archive/World/Locations/Eos Multiverse/The Aphotic Zone/Concordia/Concordia/Order of The Draconus.md,New Readers Start Here/I - Pleroma Archive/World/Locations/Eos Multiverse/The Aphotic Zone/Concordia/Concordia/Order of The Draconus.md,yes,.md
The Atronachs.md,I - Pleroma Archive/World/Locations/Eos Multiverse/The Aphotic Zone/Concordia/Concordia/The Atronachs.md,New Readers Start Here/I - Pleroma Archive/World/Locations/Eos Multiverse/The Aphotic Zone/Concordia/Concordia/The Atronachs.md,yes,.md
Illumination of the World.md,I - Pleroma Archive/World/Locations/Eos Multiverse/The Aphotic Zone/Concordia/Concordia/Illumination of the World.md,New Readers Start Here/I - Pleroma Archive/World/Locations/Eos Multiverse/The Aphotic Zone/Concordia/Concordia/Illumination of the World.md,yes,.md
Draconian Knights.md,I - Pleroma Archive/World/Locations/Eos Multiverse/The Aphotic Zone/Concordia/Concordia/Draconian Knights.md,New Readers Start Here/I - Pleroma Archive/World/Locations/Eos Multiverse/The Aphotic Zone/Concordia/Concordia/Draconian Knights.md,yes,.md
World Formation.md,I - Pleroma Archive/World/Locations/Eos Multiverse/The Aphotic Zone/Concordia/Concordia/World Formation.md,New Readers Start Here/I - Pleroma Archive/World/Locations/Eos Multiverse/The Aphotic Zone/Concordia/Concordia/World Formation.md,yes,.md
Demigods.md,I - Pleroma Archive/World/Locations/Eos Multiverse/The Aphotic Zone/Concordia/Concordia/Demigods.md,New Readers Start Here/I - Pleroma Archive/World/Locations/Eos Multiverse/The Aphotic Zone/Concordia/Concordia/Demigods.md,yes,.md
Souls.md,I - Pleroma Archive/World/Locations/Eos Multiverse/The Aphotic Zone/Concordia/Concordia/Souls.md,New Readers Start Here/I - Pleroma Archive/World/Locations/Eos Multiverse/The Aphotic Zone/Concordia/Concordia/Souls.md,yes,.md
Shards.md,I - Pleroma Archive/World/Locations/Eos Multiverse/The Aphotic Zone/Concordia/Concordia/Shards.md,New Readers Start Here/I - Pleroma Archive/World/Locations/Eos Multiverse/The Aphotic Zone/Concordia/Concordia/Shards.md,yes,.md
The Draconian.md,I - Pleroma Archive/World/Locations/Eos Multiverse/The Aphotic Zone/Concordia/Concordia/The Draconian.md,New Readers Start Here/I - Pleroma Archive/World/Locations/Eos Multiverse/The Aphotic Zone/Concordia/Concordia/The Draconian.md,yes,.md
Vassal Gods.md,I - Pleroma Archive/World/Locations/Eos Multiverse/The Aphotic Zone/Concordia/Concordia/Vassal Gods.md,New Readers Start Here/I - Pleroma Archive/World/Locations/Eos Multiverse/The Aphotic Zone/Concordia/Concordia/Vassal Gods.md,yes,.md
Draconian Champion.md,I - Pleroma Archive/World/Locations/Eos Multiverse/The Aphotic Zone/Concordia/Concordia/Draconian Champion.md,New Readers Start Here/I - Pleroma Archive/World/Locations/Eos Multiverse/The Aphotic Zone/Concordia/Concordia/Draconian Champion.md,yes,.md
High priestess.md,I - Pleroma Archive/World/Locations/Eos Multiverse/The Aphotic Zone/Concordia/Concordia/High priestess.md,New Readers Start Here/I - Pleroma Archive/World/Locations/Eos Multiverse/The Aphotic Zone/Concordia/Concordia/High priestess.md,yes,.md
The Primordial.md,I - Pleroma Archive/World/Locations/Eos Multiverse/The Aphotic Zone/Concordia/Concordia/The Primordial.md,New Readers Start Here/I - Pleroma Archive/World/Locations/Eos Multiverse/The Aphotic Zone/Concordia/Concordia/The Primordial.md,yes,.md
Untime__Concordia__66c945b2.md,I - Pleroma Archive/World/Locations/Eos Multiverse/The Aphotic Zone/Concordia/Concordia/Untime.md,New Readers Start Here/I - Pleroma Archive/World/Locations/Eos Multiverse/The Aphotic Zone/Concordia/Concordia/Untime.md,yes,.md
The Holy Will.md,I - Pleroma Archive/World/Locations/Eos Multiverse/The Aphotic Zone/Concordia/Concordia/The Holy Will.md,New Readers Start Here/I - Pleroma Archive/World/Locations/Eos Multiverse/The Aphotic Zone/Concordia/Concordia/The Holy Will.md,yes,.md
Elder Dragon.md,I - Pleroma Archive/World/Locations/Eos Multiverse/The Aphotic Zone/Concordia/Concordia/Elder Dragon.md,New Readers Start Here/I - Pleroma Archive/World/Locations/Eos Multiverse/The Aphotic Zone/Concordia/Concordia/Elder Dragon.md,yes,.md
Demi-Human.md,I - Pleroma Archive/World/Locations/Eos Multiverse/The Aphotic Zone/Concordia/Concordia/Demi-Human.md,New Readers Start Here/I - Pleroma Archive/World/Locations/Eos Multiverse/The Aphotic Zone/Concordia/Concordia/Demi-Human.md,yes,.md
The Glass Sea (Plane of Reflection and Dreams).md,I - Pleroma Archive/World/Locations/Eos Multiverse/The Aphotic Zone/Concordia/Planes/The Glass Sea (Plane of Reflection and Dreams).md,New Readers Start Here/I - Pleroma Archive/World/Locations/Eos Multiverse/The Aphotic Zone/Concordia/Planes/The Glass Sea (Plane of Reflection and Dreams).md,yes,.md
The Noctis Fold (Plane of Shadow and Secrets).md,I - Pleroma Archive/World/Locations/Eos Multiverse/The Aphotic Zone/Concordia/Planes/The Noctis Fold (Plane of Shadow and Secrets).md,New Readers Start Here/I - Pleroma Archive/World/Locations/Eos Multiverse/The Aphotic Zone/Concordia/Planes/The Noctis Fold (Plane of Shadow and Secrets).md,yes,.md
The Null Continuum (Plane of Silence).md,I - Pleroma Archive/World/Locations/Eos Multiverse/The Aphotic Zone/Concordia/Planes/The Null Continuum (Plane of Silence).md,New Readers Start Here/I - Pleroma Archive/World/Locations/Eos Multiverse/The Aphotic Zone/Concordia/Planes/The Null Continuum (Plane of Silence).md,yes,.md
The Chorus (Plane of Resonance and Story).md,I - Pleroma Archive/World/Locations/Eos Multiverse/The Aphotic Zone/Concordia/Planes/The Chorus (Plane of Resonance and Story).md,New Readers Start Here/I - Pleroma Archive/World/Locations/Eos Multiverse/The Aphotic Zone/Concordia/Planes/The Chorus (Plane of Resonance and Story).md,yes,.md
The Verdant Coil (Plane of Endless Growth).md,I - Pleroma Archive/World/Locations/Eos Multiverse/The Aphotic Zone/Concordia/Planes/The Verdant Coil (Plane of Endless Growth).md,New Readers Start Here/I - Pleroma Archive/World/Locations/Eos Multiverse/The Aphotic Zone/Concordia/Planes/The Verdant Coil (Plane of Endless Growth).md,yes,.md
The Crucible (Plane of Fire and Fury).md,I - Pleroma Archive/World/Locations/Eos Multiverse/The Aphotic Zone/Concordia/Planes/The Crucible (Plane of Fire and Fury).md,New Readers Start Here/I - Pleroma Archive/World/Locations/Eos Multiverse/The Aphotic Zone/Concordia/Planes/The Crucible (Plane of Fire and Fury).md,yes,.md
The Pharos (Plane of Pure Light).md,I - Pleroma Archive/World/Locations/Eos Multiverse/The Aphotic Zone/Concordia/Planes/The Pharos (Plane of Pure Light).md,New Readers Start Here/I - Pleroma Archive/World/Locations/Eos Multiverse/The Aphotic Zone/Concordia/Planes/The Pharos (Plane of Pure Light).md,yes,.md
The Maw (Plane of Entropy).md,I - Pleroma Archive/World/Locations/Eos Multiverse/The Aphotic Zone/Concordia/Planes/The Maw (Plane of Entropy).md,New Readers Start Here/I - Pleroma Archive/World/Locations/Eos Multiverse/The Aphotic Zone/Concordia/Planes/The Maw (Plane of Entropy).md,yes,.md
Corinthius.md,I - Pleroma Archive/World/Locations/Eos Multiverse/The Aphotic Zone/The Oasis Verse/Demigods/Corinthius.md,New Readers Start Here/I - Pleroma Archive/World/Locations/Eos Multiverse/The Aphotic Zone/The Oasis Verse/Demigods/Corinthius.md,yes,.md
Man.md,I - Pleroma Archive/World/Locations/Eos Multiverse/The Aphotic Zone/The Oasis Verse/Races/Man.md,New Readers Start Here/I - Pleroma Archive/World/Locations/Eos Multiverse/The Aphotic Zone/The Oasis Verse/Races/Man.md,yes,.md
The Enthralling God of Creation.md,I - Pleroma Archive/World/Locations/Eos Multiverse/The Aphotic Zone/The Oasis Verse/Gods/The Enthralling God of Creation.md,New Readers Start Here/I - Pleroma Archive/World/Locations/Eos Multiverse/The Aphotic Zone/The Oasis Verse/Gods/The Enthralling God of Creation.md,yes,.md
Roezong the Embraced God of the Void.md,I - Pleroma Archive/World/Locations/Eos Multiverse/The Aphotic Zone/The Oasis Verse/Gods/Roezong the Embraced God of the Void.md,New Readers Start Here/I - Pleroma Archive/World/Locations/Eos Multiverse/The Aphotic Zone/The Oasis Verse/Gods/Roezong the Embraced God of the Void.md,yes,.md
The Gate Guardian.md,I - Pleroma Archive/World/Locations/Eos Multiverse/The Aphotic Zone/The Oasis Verse/Gods/The Gate Guardian.md,New Readers Start Here/I - Pleroma Archive/World/Locations/Eos Multiverse/The Aphotic Zone/The Oasis Verse/Gods/The Gate Guardian.md,yes,.md
Palimos the Predator God of War.md,I - Pleroma Archive/World/Locations/Eos Multiverse/The Aphotic Zone/The Oasis Verse/Gods/Palimos the Predator God of War.md,New Readers Start Here/I - Pleroma Archive/World/Locations/Eos Multiverse/The Aphotic Zone/The Oasis Verse/Gods/Palimos the Predator God of War.md,yes,.md
Nelosha the Fertility God of Life.md,I - Pleroma Archive/World/Locations/Eos Multiverse/The Aphotic Zone/The Oasis Verse/Gods/Nelosha the Fertility God of Life.md,New Readers Start Here/I - Pleroma Archive/World/Locations/Eos Multiverse/The Aphotic Zone/The Oasis Verse/Gods/Nelosha the Fertility God of Life.md,yes,.md
Uasora the Petrified God of Light.md,I - Pleroma Archive/World/Locations/Eos Multiverse/The Aphotic Zone/The Oasis Verse/Gods/Uasora the Petrified God of Light.md,New Readers Start Here/I - Pleroma Archive/World/Locations/Eos Multiverse/The Aphotic Zone/The Oasis Verse/Gods/Uasora the Petrified God of Light.md,yes,.md
Aerouantis the Dragon God of Time.md,I - Pleroma Archive/World/Locations/Eos Multiverse/The Aphotic Zone/The Oasis Verse/Gods/Aerouantis the Dragon God of Time.md,New Readers Start Here/I - Pleroma Archive/World/Locations/Eos Multiverse/The Aphotic Zone/The Oasis Verse/Gods/Aerouantis the Dragon God of Time.md,yes,.md
Hk'ashaybm magik.md,I - Pleroma Archive/World/Locations/Eos Multiverse/The Aphotic Zone/The Dream Cycles/Magic/Hk'ashaybm magik.md,New Readers Start Here/I - Pleroma Archive/World/Locations/Eos Multiverse/The Aphotic Zone/The Dream Cycles/Magic/Hk'ashaybm magik.md,yes,.md
Imperium blood magic.md,I - Pleroma Archive/World/Locations/Eos Multiverse/The Aphotic Zone/The Dream Cycles/Magic/Imperium blood magic.md,New Readers Start Here/I - Pleroma Archive/World/Locations/Eos Multiverse/The Aphotic Zone/The Dream Cycles/Magic/Imperium blood magic.md,yes,.md
EhnΓÇÖgiran magick.md,I - Pleroma Archive/World/Locations/Eos Multiverse/The Aphotic Zone/The Dream Cycles/Magic/EhnΓÇÖgiran magick.md,New Readers Start Here/I - Pleroma Archive/World/Locations/Eos Multiverse/The Aphotic Zone/The Dream Cycles/Magic/EhnΓÇÖgiran magick.md,yes,.md
Hkashay.md,I - Pleroma Archive/World/Locations/Eos Multiverse/The Aphotic Zone/The Dream Cycles/Races/Hkashay.md,New Readers Start Here/I - Pleroma Archive/World/Locations/Eos Multiverse/The Aphotic Zone/The Dream Cycles/Races/Hkashay.md,yes,.md
Paptist.md,I - Pleroma Archive/World/Locations/Eos Multiverse/The Aphotic Zone/The Dream Cycles/Races/Paptist.md,New Readers Start Here/I - Pleroma Archive/World/Locations/Eos Multiverse/The Aphotic Zone/The Dream Cycles/Races/Paptist.md,yes,.md
Wylandian.md,I - Pleroma Archive/World/Locations/Eos Multiverse/The Aphotic Zone/The Dream Cycles/Races/Wylandian.md,New Readers Start Here/I - Pleroma Archive/World/Locations/Eos Multiverse/The Aphotic Zone/The Dream Cycles/Races/Wylandian.md,yes,.md
EhnΓÇÖgiran.md,I - Pleroma Archive/World/Locations/Eos Multiverse/The Aphotic Zone/The Dream Cycles/Races/EhnΓÇÖgiran.md,New Readers Start Here/I - Pleroma Archive/World/Locations/Eos Multiverse/The Aphotic Zone/The Dream Cycles/Races/EhnΓÇÖgiran.md,yes,.md
Ilumavian.md,I - Pleroma Archive/World/Locations/Eos Multiverse/The Aphotic Zone/The Dream Cycles/Races/Ilumavian.md,New Readers Start Here/I - Pleroma Archive/World/Locations/Eos Multiverse/The Aphotic Zone/The Dream Cycles/Races/Ilumavian.md,yes,.md
Voltosh.md,I - Pleroma Archive/World/Locations/Eos Multiverse/The Aphotic Zone/The Dream Cycles/Races/Voltosh.md,New Readers Start Here/I - Pleroma Archive/World/Locations/Eos Multiverse/The Aphotic Zone/The Dream Cycles/Races/Voltosh.md,yes,.md
Fahila.md,I - Pleroma Archive/World/Locations/Eos Multiverse/The Aphotic Zone/Manaverse/Celestial/Fahila.md,New Readers Start Here/I - Pleroma Archive/World/Locations/Eos Multiverse/The Aphotic Zone/Manaverse/Celestial/Fahila.md,yes,.md
Edda fairy.md,I - Pleroma Archive/World/Locations/Eos Multiverse/The Aphotic Zone/Manaverse/Creatures/Edda fairy.md,New Readers Start Here/I - Pleroma Archive/World/Locations/Eos Multiverse/The Aphotic Zone/Manaverse/Creatures/Edda fairy.md,yes,.md
Fahi forest guardian.md,I - Pleroma Archive/World/Locations/Eos Multiverse/The Aphotic Zone/Manaverse/Creatures/Fahi forest guardian.md,New Readers Start Here/I - Pleroma Archive/World/Locations/Eos Multiverse/The Aphotic Zone/Manaverse/Creatures/Fahi forest guardian.md,yes,.md
Valantish.md,I - Pleroma Archive/World/Locations/Eos Multiverse/The Aphotic Zone/Manaverse/Creatures/Valantish.md,New Readers Start Here/I - Pleroma Archive/World/Locations/Eos Multiverse/The Aphotic Zone/Manaverse/Creatures/Valantish.md,yes,.md
Pusi I'a.md,I - Pleroma Archive/World/Locations/Eos Multiverse/The Aphotic Zone/Manaverse/Creatures/Pusi I'a.md,New Readers Start Here/I - Pleroma Archive/World/Locations/Eos Multiverse/The Aphotic Zone/Manaverse/Creatures/Pusi I'a.md,yes,.md
Papa Afi (The volcanic serpent).md,I - Pleroma Archive/World/Locations/Eos Multiverse/The Aphotic Zone/Manaverse/Deep Ones/Papa Afi (The volcanic serpent).md,New Readers Start Here/I - Pleroma Archive/World/Locations/Eos Multiverse/The Aphotic Zone/Manaverse/Deep Ones/Papa Afi (The volcanic serpent).md,yes,.md
Vili Va'a.md,I - Pleroma Archive/World/Locations/Eos Multiverse/The Aphotic Zone/Manaverse/Deep Ones/Vili Va'a.md,New Readers Start Here/I - Pleroma Archive/World/Locations/Eos Multiverse/The Aphotic Zone/Manaverse/Deep Ones/Vili Va'a.md,yes,.md
Manatu (King of the deep ones).md,I - Pleroma Archive/World/Locations/Eos Multiverse/The Aphotic Zone/Manaverse/Deep Ones/Manatu (King of the deep ones).md,New Readers Start Here/I - Pleroma Archive/World/Locations/Eos Multiverse/The Aphotic Zone/Manaverse/Deep Ones/Manatu (King of the deep ones).md,yes,.md
Fahi forest.md,I - Pleroma Archive/World/Locations/Eos Multiverse/The Aphotic Zone/Manaverse/Locations/Fahi forest.md,New Readers Start Here/I - Pleroma Archive/World/Locations/Eos Multiverse/The Aphotic Zone/Manaverse/Locations/Fahi forest.md,yes,.md
Grand Keep of Kraston.md,I - Pleroma Archive/World/Locations/Eos Multiverse/The Aphotic Zone/Manaverse/Locations/Grand Keep of Kraston.md,New Readers Start Here/I - Pleroma Archive/World/Locations/Eos Multiverse/The Aphotic Zone/Manaverse/Locations/Grand Keep of Kraston.md,yes,.md
Old Temples of the Ralthuraira.md,I - Pleroma Archive/World/Locations/Eos Multiverse/The Aphotic Zone/Manaverse/Locations/Old Temples of the Ralthuraira.md,New Readers Start Here/I - Pleroma Archive/World/Locations/Eos Multiverse/The Aphotic Zone/Manaverse/Locations/Old Temples of the Ralthuraira.md,yes,.md
Mana.md,I - Pleroma Archive/World/Locations/Eos Multiverse/The Aphotic Zone/Manaverse/Magic/Mana.md,New Readers Start Here/I - Pleroma Archive/World/Locations/Eos Multiverse/The Aphotic Zone/Manaverse/Magic/Mana.md,yes,.md
Manaflux.md,I - Pleroma Archive/World/Locations/Eos Multiverse/The Aphotic Zone/Manaverse/Magic/Manaflux.md,New Readers Start Here/I - Pleroma Archive/World/Locations/Eos Multiverse/The Aphotic Zone/Manaverse/Magic/Manaflux.md,yes,.md
Vai Tagato.md,I - Pleroma Archive/World/Locations/Eos Multiverse/The Aphotic Zone/Manaverse/Races/Vai Tagato.md,New Readers Start Here/I - Pleroma Archive/World/Locations/Eos Multiverse/The Aphotic Zone/Manaverse/Races/Vai Tagato.md,yes,.md
Ralthura'ira.md,I - Pleroma Archive/World/Locations/Eos Multiverse/The Aphotic Zone/Manaverse/Races/Ralthura'ira.md,New Readers Start Here/I - Pleroma Archive/World/Locations/Eos Multiverse/The Aphotic Zone/Manaverse/Races/Ralthura'ira.md,yes,.md
FahiΓÇÖan.md,I - Pleroma Archive/World/Locations/Eos Multiverse/The Aphotic Zone/Manaverse/Races/FahiΓÇÖan.md,New Readers Start Here/I - Pleroma Archive/World/Locations/Eos Multiverse/The Aphotic Zone/Manaverse/Races/FahiΓÇÖan.md,yes,.md
Dracosnia.md,I - Pleroma Archive/World/Locations/Eos Multiverse/The Aphotic Zone/Manaverse/Races/Dracosnia.md,New Readers Start Here/I - Pleroma Archive/World/Locations/Eos Multiverse/The Aphotic Zone/Manaverse/Races/Dracosnia.md,yes,.md
Demon.md,I - Pleroma Archive/World/Locations/Eos Multiverse/The Aphotic Zone/Manaverse/Races/Demon.md,New Readers Start Here/I - Pleroma Archive/World/Locations/Eos Multiverse/The Aphotic Zone/Manaverse/Races/Demon.md,yes,.md
Angel.md,I - Pleroma Archive/World/Locations/Eos Multiverse/The Aphotic Zone/Manaverse/Races/Angel.md,New Readers Start Here/I - Pleroma Archive/World/Locations/Eos Multiverse/The Aphotic Zone/Manaverse/Races/Angel.md,yes,.md
Kraton.md,I - Pleroma Archive/World/Locations/Eos Multiverse/The Aphotic Zone/Manaverse/Races/Kraton.md,New Readers Start Here/I - Pleroma Archive/World/Locations/Eos Multiverse/The Aphotic Zone/Manaverse/Races/Kraton.md,yes,.md
Harmonic Rune System.md,I - Pleroma Archive/World/Locations/Eos Multiverse/The Aphotic Zone/The Ringed Symphonies/Magick/Harmonic Rune System.md,New Readers Start Here/I - Pleroma Archive/World/Locations/Eos Multiverse/The Aphotic Zone/The Ringed Symphonies/Magick/Harmonic Rune System.md,yes,.md
Law of the One Conductor.md,I - Pleroma Archive/World/Locations/Eos Multiverse/The Aphotic Zone/The Ringed Symphonies/Magick/Law of the One Conductor.md,New Readers Start Here/I - Pleroma Archive/World/Locations/Eos Multiverse/The Aphotic Zone/The Ringed Symphonies/Magick/Law of the One Conductor.md,yes,.md
Law of Fuel.md,I - Pleroma Archive/World/Locations/Eos Multiverse/The Aphotic Zone/The Ringed Symphonies/Magick/Law of Fuel.md,New Readers Start Here/I - Pleroma Archive/World/Locations/Eos Multiverse/The Aphotic Zone/The Ringed Symphonies/Magick/Law of Fuel.md,yes,.md
Genesis.md,I - Pleroma Archive/World/Locations/Eos Multiverse/The Aphotic Zone/The Ringed Symphonies/The Nine Rings/Genesis.md,New Readers Start Here/I - Pleroma Archive/World/Locations/Eos Multiverse/The Aphotic Zone/The Ringed Symphonies/The Nine Rings/Genesis.md,yes,.md
Kemet.md,I - Pleroma Archive/World/Locations/Eos Multiverse/The Aphotic Zone/The Ringed Symphonies/The Nine Rings/Kemet.md,New Readers Start Here/I - Pleroma Archive/World/Locations/Eos Multiverse/The Aphotic Zone/The Ringed Symphonies/The Nine Rings/Kemet.md,yes,.md
Ginnungagap.md,I - Pleroma Archive/World/Locations/Eos Multiverse/The Aphotic Zone/The Ringed Symphonies/The Nine Rings/Ginnungagap.md,New Readers Start Here/I - Pleroma Archive/World/Locations/Eos Multiverse/The Aphotic Zone/The Ringed Symphonies/The Nine Rings/Ginnungagap.md,yes,.md
Tla╠älo╠äca╠än.md,I - Pleroma Archive/World/Locations/Eos Multiverse/The Aphotic Zone/The Ringed Symphonies/The Nine Rings/Tla╠älo╠äca╠än.md,New Readers Start Here/I - Pleroma Archive/World/Locations/Eos Multiverse/The Aphotic Zone/The Ringed Symphonies/The Nine Rings/Tla╠älo╠äca╠än.md,yes,.md
Qin.md,I - Pleroma Archive/World/Locations/Eos Multiverse/The Aphotic Zone/The Ringed Symphonies/The Nine Rings/Qin.md,New Readers Start Here/I - Pleroma Archive/World/Locations/Eos Multiverse/The Aphotic Zone/The Ringed Symphonies/The Nine Rings/Qin.md,yes,.md
Hawaiki.md,I - Pleroma Archive/World/Locations/Eos Multiverse/The Aphotic Zone/The Ringed Symphonies/The Nine Rings/Hawaiki.md,New Readers Start Here/I - Pleroma Archive/World/Locations/Eos Multiverse/The Aphotic Zone/The Ringed Symphonies/The Nine Rings/Hawaiki.md,yes,.md
Inti.md,I - Pleroma Archive/World/Locations/Eos Multiverse/The Aphotic Zone/The Ringed Symphonies/The Nine Rings/Inti.md,New Readers Start Here/I - Pleroma Archive/World/Locations/Eos Multiverse/The Aphotic Zone/The Ringed Symphonies/The Nine Rings/Inti.md,yes,.md
Annwn.md,I - Pleroma Archive/World/Locations/Eos Multiverse/The Aphotic Zone/The Ringed Symphonies/The Nine Rings/Annwn.md,New Readers Start Here/I - Pleroma Archive/World/Locations/Eos Multiverse/The Aphotic Zone/The Ringed Symphonies/The Nine Rings/Annwn.md,yes,.md
The Nine Rings.md,I - Pleroma Archive/World/Locations/Eos Multiverse/The Aphotic Zone/The Ringed Symphonies/The Nine Rings/The Nine Rings.md,New Readers Start Here/I - Pleroma Archive/World/Locations/Eos Multiverse/The Aphotic Zone/The Ringed Symphonies/The Nine Rings/The Nine Rings.md,yes,.md
Gaia.md,I - Pleroma Archive/World/Locations/Eos Multiverse/The Aphotic Zone/The Ringed Symphonies/The Nine Rings/Gaia.md,New Readers Start Here/I - Pleroma Archive/World/Locations/Eos Multiverse/The Aphotic Zone/The Ringed Symphonies/The Nine Rings/Gaia.md,yes,.md
Non Space.md,I - Pleroma Archive/World/Locations/Eos Multiverse/The Dark Forest Zone/Local Cluster/Verse Composition/Non Space.md,New Readers Start Here/I - Pleroma Archive/World/Locations/Eos Multiverse/The Dark Forest Zone/Local Cluster/Verse Composition/Non Space.md,yes,.md
Subverse.md,I - Pleroma Archive/World/Locations/Eos Multiverse/The Dark Forest Zone/Local Cluster/Verse Composition/Subverse.md,New Readers Start Here/I - Pleroma Archive/World/Locations/Eos Multiverse/The Dark Forest Zone/Local Cluster/Verse Composition/Subverse.md,yes,.md
Verse Composition.md,I - Pleroma Archive/World/Locations/Eos Multiverse/The Dark Forest Zone/Local Cluster/Verse Composition/Verse Composition.md,New Readers Start Here/I - Pleroma Archive/World/Locations/Eos Multiverse/The Dark Forest Zone/Local Cluster/Verse Composition/Verse Composition.md,yes,.md
Verse.md,I - Pleroma Archive/World/Locations/Eos Multiverse/The Dark Forest Zone/Local Cluster/Verse Composition/Verse.md,New Readers Start Here/I - Pleroma Archive/World/Locations/Eos Multiverse/The Dark Forest Zone/Local Cluster/Verse Composition/Verse.md,yes,.md
Lacuna Major & Minor.md,I - Pleroma Archive/World/Locations/Eos Multiverse/The Dark Forest Zone/Local Cluster/Verse Composition/Lacuna Major & Minor.md,New Readers Start Here/I - Pleroma Archive/World/Locations/Eos Multiverse/The Dark Forest Zone/Local Cluster/Verse Composition/Lacuna Major & Minor.md,yes,.md
Causal Membrane.md,I - Pleroma Archive/World/Locations/Eos Multiverse/The Dark Forest Zone/Local Cluster/Verse Composition/Causal Membrane.md,New Readers Start Here/I - Pleroma Archive/World/Locations/Eos Multiverse/The Dark Forest Zone/Local Cluster/Verse Composition/Causal Membrane.md,yes,.md
The Hollow Reach.md,I - Pleroma Archive/World/Locations/Eos Multiverse/The Dark Forest Zone/Local Cluster/Verse Composition/The Hollow Reach.md,New Readers Start Here/I - Pleroma Archive/World/Locations/Eos Multiverse/The Dark Forest Zone/Local Cluster/Verse Composition/The Hollow Reach.md,yes,.md
Frayzone.md,I - Pleroma Archive/World/Locations/Eos Multiverse/The Dark Forest Zone/Local Cluster/Verse Composition/Frayzone.md,New Readers Start Here/I - Pleroma Archive/World/Locations/Eos Multiverse/The Dark Forest Zone/Local Cluster/Verse Composition/Frayzone.md,yes,.md
Interstitial Space.md,I - Pleroma Archive/World/Locations/Eos Multiverse/The Dark Forest Zone/Local Cluster/Verse Composition/Interstitial Space.md,New Readers Start Here/I - Pleroma Archive/World/Locations/Eos Multiverse/The Dark Forest Zone/Local Cluster/Verse Composition/Interstitial Space.md,yes,.md
The Void.md,I - Pleroma Archive/World/Locations/Eos Multiverse/The Dark Forest Zone/Local Cluster/Verse Composition/The Void.md,New Readers Start Here/I - Pleroma Archive/World/Locations/Eos Multiverse/The Dark Forest Zone/Local Cluster/Verse Composition/The Void.md,yes,.md
Strange Matter Thieves.md,I - Pleroma Archive/World/Locations/Eos Multiverse/The Dark Forest Zone/Local Cluster/Verse Composition/Strange Matter Thieves.md,New Readers Start Here/I - Pleroma Archive/World/Locations/Eos Multiverse/The Dark Forest Zone/Local Cluster/Verse Composition/Strange Matter Thieves.md,yes,.md
Mercy Horizon.md,I - Pleroma Archive/World/Locations/Eos Multiverse/The Dark Forest Zone/Local Cluster/Totum/Mercy Horizon.md,New Readers Start Here/I - Pleroma Archive/World/Locations/Eos Multiverse/The Dark Forest Zone/Local Cluster/Totum/Mercy Horizon.md,yes,.md
Dark Eternities.md,I - Pleroma Archive/World/Locations/Eos Multiverse/The Dark Forest Zone/Local Cluster/Totum/Dark Eternities.md,New Readers Start Here/I - Pleroma Archive/World/Locations/Eos Multiverse/The Dark Forest Zone/Local Cluster/Totum/Dark Eternities.md,yes,.md
Light Eternities.md,I - Pleroma Archive/World/Locations/Eos Multiverse/The Dark Forest Zone/Local Cluster/Totum/Light Eternities.md,New Readers Start Here/I - Pleroma Archive/World/Locations/Eos Multiverse/The Dark Forest Zone/Local Cluster/Totum/Light Eternities.md,yes,.md
Dominion Structure.canvas,I - Pleroma Archive/World/Locations/Eos Multiverse/The Dark Forest Zone/Local Cluster/Totum/Dominion Structure.canvas,New Readers Start Here/I - Pleroma Archive/World/Locations/Eos Multiverse/The Dark Forest Zone/Local Cluster/Totum/Dominion Structure.canvas,no,.canvas
Totum.md,I - Pleroma Archive/World/Locations/Eos Multiverse/The Dark Forest Zone/Local Cluster/Totum/Totum.md,New Readers Start Here/I - Pleroma Archive/World/Locations/Eos Multiverse/The Dark Forest Zone/Local Cluster/Totum/Totum.md,yes,.md
Verse Collisions.md,I - Pleroma Archive/World/Locations/Eos Multiverse/The Dark Forest Zone/Local Cluster/Totum/Verse Collisions.md,New Readers Start Here/I - Pleroma Archive/World/Locations/Eos Multiverse/The Dark Forest Zone/Local Cluster/Totum/Verse Collisions.md,yes,.md
Abyssus Inferus.md,I - Pleroma Archive/World/Locations/Eos Multiverse/The Dark Forest Zone/Local Cluster/Totum/Abyssus Inferus.md,New Readers Start Here/I - Pleroma Archive/World/Locations/Eos Multiverse/The Dark Forest Zone/Local Cluster/Totum/Abyssus Inferus.md,yes,.md
Unreality.md,I - Pleroma Archive/World/Locations/Eos Multiverse/The Dark Forest Zone/Local Cluster/Unreality/Unreality.md,New Readers Start Here/I - Pleroma Archive/World/Locations/Eos Multiverse/The Dark Forest Zone/Local Cluster/Unreality/Unreality.md,yes,.md
Confluencia Drift.md,I - Pleroma Archive/World/Locations/Eos Multiverse/The Dark Forest Zone/Local Cluster/Unreality/Confluencia Drift.md,New Readers Start Here/I - Pleroma Archive/World/Locations/Eos Multiverse/The Dark Forest Zone/Local Cluster/Unreality/Confluencia Drift.md,yes,.md
Untethered Deep.md,I - Pleroma Archive/World/Locations/Eos Multiverse/The Dark Forest Zone/Local Cluster/Unreality/Untethered Deep.md,New Readers Start Here/I - Pleroma Archive/World/Locations/Eos Multiverse/The Dark Forest Zone/Local Cluster/Unreality/Untethered Deep.md,yes,.md
Sanctified Web.md,I - Pleroma Archive/World/Locations/Eos Multiverse/The Dark Forest Zone/Local Cluster/Unreality/Sanctified Web.md,New Readers Start Here/I - Pleroma Archive/World/Locations/Eos Multiverse/The Dark Forest Zone/Local Cluster/Unreality/Sanctified Web.md,yes,.md
Radiant Expanse.md,I - Pleroma Archive/World/Locations/Eos Multiverse/The Dark Forest Zone/Local Cluster/Unreality/Radiant Expanse.md,New Readers Start Here/I - Pleroma Archive/World/Locations/Eos Multiverse/The Dark Forest Zone/Local Cluster/Unreality/Radiant Expanse.md,yes,.md
lord Martyrs.md,I - Pleroma Archive/World/Locations/Eos Multiverse/The Gnostic Expanse/Mirror Earth (2076)/Martyrforge/lord Martyrs.md,New Readers Start Here/I - Pleroma Archive/World/Locations/Eos Multiverse/The Gnostic Expanse/Mirror Earth (2076)/Martyrforge/lord Martyrs.md,yes,.md
Martyrforge.md,I - Pleroma Archive/World/Locations/Eos Multiverse/The Gnostic Expanse/Mirror Earth (2076)/Martyrforge/Martyrforge.md,New Readers Start Here/I - Pleroma Archive/World/Locations/Eos Multiverse/The Gnostic Expanse/Mirror Earth (2076)/Martyrforge/Martyrforge.md,yes,.md
CIVITAS PECCATI.md,I - Pleroma Archive/World/Locations/Eos Multiverse/The Gnostic Expanse/Mirror Earth (2076)/City States/CIVITAS PECCATI.md,New Readers Start Here/I - Pleroma Archive/World/Locations/Eos Multiverse/The Gnostic Expanse/Mirror Earth (2076)/City States/CIVITAS PECCATI.md,yes,.md
CATENA SILENTIUM.md,I - Pleroma Archive/World/Locations/Eos Multiverse/The Gnostic Expanse/Mirror Earth (2076)/City States/CATENA SILENTIUM.md,New Readers Start Here/I - Pleroma Archive/World/Locations/Eos Multiverse/The Gnostic Expanse/Mirror Earth (2076)/City States/CATENA SILENTIUM.md,yes,.md
PYROCLASTICA.md,I - Pleroma Archive/World/Locations/Eos Multiverse/The Gnostic Expanse/Mirror Earth (2076)/City States/PYROCLASTICA.md,New Readers Start Here/I - Pleroma Archive/World/Locations/Eos Multiverse/The Gnostic Expanse/Mirror Earth (2076)/City States/PYROCLASTICA.md,yes,.md
CainΓÇÖs Shadow.md,I - Pleroma Archive/World/Locations/Eos Multiverse/The Gnostic Expanse/Mirror Earth (2076)/Vampires/CainΓÇÖs Shadow.md,New Readers Start Here/I - Pleroma Archive/World/Locations/Eos Multiverse/The Gnostic Expanse/Mirror Earth (2076)/Vampires/CainΓÇÖs Shadow.md,yes,.md
Hunger.md,I - Pleroma Archive/World/Locations/Eos Multiverse/The Gnostic Expanse/Demiurgos/The Archontes/Hunger.md,New Readers Start Here/I - Pleroma Archive/World/Locations/Eos Multiverse/The Gnostic Expanse/Demiurgos/The Archontes/Hunger.md,yes,.md
Pain.md,I - Pleroma Archive/World/Locations/Eos Multiverse/The Gnostic Expanse/Demiurgos/The Archontes/Pain.md,New Readers Start Here/I - Pleroma Archive/World/Locations/Eos Multiverse/The Gnostic Expanse/Demiurgos/The Archontes/Pain.md,yes,.md
Chains.md,I - Pleroma Archive/World/Locations/Eos Multiverse/The Gnostic Expanse/Demiurgos/The Archontes/Chains.md,New Readers Start Here/I - Pleroma Archive/World/Locations/Eos Multiverse/The Gnostic Expanse/Demiurgos/The Archontes/Chains.md,yes,.md
Sin.md,I - Pleroma Archive/World/Locations/Eos Multiverse/The Gnostic Expanse/Demiurgos/The Archontes/Sin.md,New Readers Start Here/I - Pleroma Archive/World/Locations/Eos Multiverse/The Gnostic Expanse/Demiurgos/The Archontes/Sin.md,yes,.md
Dominion__The Archontes__3d1bbe49.md,I - Pleroma Archive/World/Locations/Eos Multiverse/The Gnostic Expanse/Demiurgos/The Archontes/Dominion.md,New Readers Start Here/I - Pleroma Archive/World/Locations/Eos Multiverse/The Gnostic Expanse/Demiurgos/The Archontes/Dominion.md,yes,.md
Fire.md,I - Pleroma Archive/World/Locations/Eos Multiverse/The Gnostic Expanse/Demiurgos/The Archontes/Fire.md,New Readers Start Here/I - Pleroma Archive/World/Locations/Eos Multiverse/The Gnostic Expanse/Demiurgos/The Archontes/Fire.md,yes,.md
law.md,I - Pleroma Archive/World/Locations/Eos Multiverse/The Gnostic Expanse/Demiurgos/The Archontes/law.md,New Readers Start Here/I - Pleroma Archive/World/Locations/Eos Multiverse/The Gnostic Expanse/Demiurgos/The Archontes/law.md,yes,.md
Silence.md,I - Pleroma Archive/World/Locations/Eos Multiverse/The Gnostic Expanse/Demiurgos/The Archontes/Silence.md,New Readers Start Here/I - Pleroma Archive/World/Locations/Eos Multiverse/The Gnostic Expanse/Demiurgos/The Archontes/Silence.md,yes,.md
Betrayal.md,I - Pleroma Archive/World/Locations/Eos Multiverse/The Gnostic Expanse/Demiurgos/The Archontes/Betrayal.md,New Readers Start Here/I - Pleroma Archive/World/Locations/Eos Multiverse/The Gnostic Expanse/Demiurgos/The Archontes/Betrayal.md,yes,.md
Fortresses of Sin.md,I - Pleroma Archive/World/Locations/Eos Multiverse/The Gnostic Expanse/Cavalieri di Inferno/Fortresses of Sin/Fortresses of Sin.md,New Readers Start Here/I - Pleroma Archive/World/Locations/Eos Multiverse/The Gnostic Expanse/Cavalieri di Inferno/Fortresses of Sin/Fortresses of Sin.md,yes,.md
Fortress of Betrayal.md,I - Pleroma Archive/World/Locations/Eos Multiverse/The Gnostic Expanse/Cavalieri di Inferno/Fortresses of Sin/Fortress of Betrayal.md,New Readers Start Here/I - Pleroma Archive/World/Locations/Eos Multiverse/The Gnostic Expanse/Cavalieri di Inferno/Fortresses of Sin/Fortress of Betrayal.md,yes,.md
Fortress of Despair.md,I - Pleroma Archive/World/Locations/Eos Multiverse/The Gnostic Expanse/Cavalieri di Inferno/Fortresses of Sin/Fortress of Despair.md,New Readers Start Here/I - Pleroma Archive/World/Locations/Eos Multiverse/The Gnostic Expanse/Cavalieri di Inferno/Fortresses of Sin/Fortress of Despair.md,yes,.md
Fortress of Silence.md,I - Pleroma Archive/World/Locations/Eos Multiverse/The Gnostic Expanse/Cavalieri di Inferno/Fortresses of Sin/Fortress of Silence.md,New Readers Start Here/I - Pleroma Archive/World/Locations/Eos Multiverse/The Gnostic Expanse/Cavalieri di Inferno/Fortresses of Sin/Fortress of Silence.md,yes,.md
Fortress of Fire.md,I - Pleroma Archive/World/Locations/Eos Multiverse/The Gnostic Expanse/Cavalieri di Inferno/Fortresses of Sin/Fortress of Fire.md,New Readers Start Here/I - Pleroma Archive/World/Locations/Eos Multiverse/The Gnostic Expanse/Cavalieri di Inferno/Fortresses of Sin/Fortress of Fire.md,yes,.md
Fortress of Dominion.md,I - Pleroma Archive/World/Locations/Eos Multiverse/The Gnostic Expanse/Cavalieri di Inferno/Fortresses of Sin/Fortress of Dominion.md,New Readers Start Here/I - Pleroma Archive/World/Locations/Eos Multiverse/The Gnostic Expanse/Cavalieri di Inferno/Fortresses of Sin/Fortress of Dominion.md,yes,.md
Fortress of Sin.md,I - Pleroma Archive/World/Locations/Eos Multiverse/The Gnostic Expanse/Cavalieri di Inferno/Fortresses of Sin/Fortress of Sin.md,New Readers Start Here/I - Pleroma Archive/World/Locations/Eos Multiverse/The Gnostic Expanse/Cavalieri di Inferno/Fortresses of Sin/Fortress of Sin.md,yes,.md
Fortress of Pain.md,I - Pleroma Archive/World/Locations/Eos Multiverse/The Gnostic Expanse/Cavalieri di Inferno/Fortresses of Sin/Fortress of Pain.md,New Readers Start Here/I - Pleroma Archive/World/Locations/Eos Multiverse/The Gnostic Expanse/Cavalieri di Inferno/Fortresses of Sin/Fortress of Pain.md,yes,.md
Fortress of Chains.md,I - Pleroma Archive/World/Locations/Eos Multiverse/The Gnostic Expanse/Cavalieri di Inferno/Fortresses of Sin/Fortress of Chains.md,New Readers Start Here/I - Pleroma Archive/World/Locations/Eos Multiverse/The Gnostic Expanse/Cavalieri di Inferno/Fortresses of Sin/Fortress of Chains.md,yes,.md
Fortress of Hunger.md,I - Pleroma Archive/World/Locations/Eos Multiverse/The Gnostic Expanse/Cavalieri di Inferno/Fortresses of Sin/Fortress of Hunger.md,New Readers Start Here/I - Pleroma Archive/World/Locations/Eos Multiverse/The Gnostic Expanse/Cavalieri di Inferno/Fortresses of Sin/Fortress of Hunger.md,yes,.md
THE FRACTURE FIELDS.md,I - Pleroma Archive/World/Timeline/Alternate Timelines/Umbrae Res Impura/Structure/Locations/THE FRACTURE FIELDS.md,New Readers Start Here/I - Pleroma Archive/World/Timeline/Alternate Timelines/Umbrae Res Impura/Structure/Locations/THE FRACTURE FIELDS.md,yes,.md
THE MEMORY GRAVE.md,I - Pleroma Archive/World/Timeline/Alternate Timelines/Umbrae Res Impura/Structure/Locations/THE MEMORY GRAVE.md,New Readers Start Here/I - Pleroma Archive/World/Timeline/Alternate Timelines/Umbrae Res Impura/Structure/Locations/THE MEMORY GRAVE.md,yes,.md
THE OUTER NULL ZONES.md,I - Pleroma Archive/World/Timeline/Alternate Timelines/Umbrae Res Impura/Structure/Locations/THE OUTER NULL ZONES.md,New Readers Start Here/I - Pleroma Archive/World/Timeline/Alternate Timelines/Umbrae Res Impura/Structure/Locations/THE OUTER NULL ZONES.md,yes,.md
THE CONCORDANCE RINGS.md,I - Pleroma Archive/World/Timeline/Alternate Timelines/Umbrae Res Impura/Structure/Locations/THE CONCORDANCE RINGS.md,New Readers Start Here/I - Pleroma Archive/World/Timeline/Alternate Timelines/Umbrae Res Impura/Structure/Locations/THE CONCORDANCE RINGS.md,yes,.md
Center.md,I - Pleroma Archive/World/Timeline/Alternate Timelines/Umbrae Res Impura/Structure/Realms/Center.md,New Readers Start Here/I - Pleroma Archive/World/Timeline/Alternate Timelines/Umbrae Res Impura/Structure/Realms/Center.md,yes,.md
Border.md,I - Pleroma Archive/World/Timeline/Alternate Timelines/Umbrae Res Impura/Structure/Realms/Border.md,New Readers Start Here/I - Pleroma Archive/World/Timeline/Alternate Timelines/Umbrae Res Impura/Structure/Realms/Border.md,yes,.md
Adjacent.md,I - Pleroma Archive/World/Timeline/Alternate Timelines/Umbrae Res Impura/Structure/Realms/Adjacent.md,New Readers Start Here/I - Pleroma Archive/World/Timeline/Alternate Timelines/Umbrae Res Impura/Structure/Realms/Adjacent.md,yes,.md
Grace.md,I - Pleroma Archive/World/Timeline/Alternate Timelines/Umbrae Res Impura/Structure/Seasons/Grace.md,New Readers Start Here/I - Pleroma Archive/World/Timeline/Alternate Timelines/Umbrae Res Impura/Structure/Seasons/Grace.md,yes,.md
Doubt.md,I - Pleroma Archive/World/Timeline/Alternate Timelines/Umbrae Res Impura/Structure/Seasons/Doubt.md,New Readers Start Here/I - Pleroma Archive/World/Timeline/Alternate Timelines/Umbrae Res Impura/Structure/Seasons/Doubt.md,yes,.md
Seasons.md,I - Pleroma Archive/World/Timeline/Alternate Timelines/Umbrae Res Impura/Structure/Seasons/Seasons.md,New Readers Start Here/I - Pleroma Archive/World/Timeline/Alternate Timelines/Umbrae Res Impura/Structure/Seasons/Seasons.md,yes,.md
Mourning.md,I - Pleroma Archive/World/Timeline/Alternate Timelines/Umbrae Res Impura/Structure/Seasons/Mourning.md,New Readers Start Here/I - Pleroma Archive/World/Timeline/Alternate Timelines/Umbrae Res Impura/Structure/Seasons/Mourning.md,yes,.md
Wrath.md,I - Pleroma Archive/World/Timeline/Alternate Timelines/Umbrae Res Impura/Structure/Seasons/Wrath.md,New Readers Start Here/I - Pleroma Archive/World/Timeline/Alternate Timelines/Umbrae Res Impura/Structure/Seasons/Wrath.md,yes,.md
Atham.md,I - Pleroma Archive/World/Timeline/Alternate Timelines/Umbrae Res Impura/World/Characters/Atham.md,New Readers Start Here/I - Pleroma Archive/World/Timeline/Alternate Timelines/Umbrae Res Impura/World/Characters/Atham.md,yes,.md
MohaΓÇÖs Progenies.md,I - Pleroma Archive/World/Civilizations/Domain/Overview/Faction Profile/Shaki Moha/MohaΓÇÖs Progenies.md,New Readers Start Here/I - Pleroma Archive/World/Civilizations/Domain/Overview/Faction Profile/Shaki Moha/MohaΓÇÖs Progenies.md,yes,.md
The Bastion Collapse.md,I - Pleroma Archive/World/Civilizations/Domain/Overview/Faction Profile/Shaki Moha/The Bastion Collapse.md,New Readers Start Here/I - Pleroma Archive/World/Civilizations/Domain/Overview/Faction Profile/Shaki Moha/The Bastion Collapse.md,yes,.md
Commander Virek Avasar.md,I - Pleroma Archive/World/Civilizations/Domain/Overview/Faction Profile/Shaki Moha/Commander Virek Avasar.md,New Readers Start Here/I - Pleroma Archive/World/Civilizations/Domain/Overview/Faction Profile/Shaki Moha/Commander Virek Avasar.md,yes,.md
Delphinites.md,I - Pleroma Archive/World/Civilizations/Domain/Overview/Faction Profile/Shaki Moha/Delphinites.md,New Readers Start Here/I - Pleroma Archive/World/Civilizations/Domain/Overview/Faction Profile/Shaki Moha/Delphinites.md,yes,.md
Cognivores.md,I - Pleroma Archive/World/Civilizations/Domain/Overview/Faction Profile/Shaki Moha/Cognivores.md,New Readers Start Here/I - Pleroma Archive/World/Civilizations/Domain/Overview/Faction Profile/Shaki Moha/Cognivores.md,yes,.md
Axiomancers.md,I - Pleroma Archive/World/Civilizations/Domain/Overview/Faction Profile/Shaki Moha/Axiomancers.md,New Readers Start Here/I - Pleroma Archive/World/Civilizations/Domain/Overview/Faction Profile/Shaki Moha/Axiomancers.md,yes,.md
Sibilant Eidolons.md,I - Pleroma Archive/World/Civilizations/Domain/Overview/Faction Profile/Shaki Moha/Sibilant Eidolons.md,New Readers Start Here/I - Pleroma Archive/World/Civilizations/Domain/Overview/Faction Profile/Shaki Moha/Sibilant Eidolons.md,yes,.md
Shaki Moha.md,I - Pleroma Archive/World/Civilizations/Domain/Overview/Faction Profile/Shaki Moha/Shaki Moha.md,New Readers Start Here/I - Pleroma Archive/World/Civilizations/Domain/Overview/Faction Profile/Shaki Moha/Shaki Moha.md,yes,.md
Prime Kharon Emerges.md,I - Pleroma Archive/World/Civilizations/Domain/Overview/Faction Profile/Prime Kharon Emerges/Prime Kharon Emerges.md,New Readers Start Here/I - Pleroma Archive/World/Civilizations/Domain/Overview/Faction Profile/Prime Kharon Emerges/Prime Kharon Emerges.md,yes,.md
Chariot Mass.md,I - Pleroma Archive/World/Civilizations/Domain/Overview/Faction Profile/Prime Kharon Emerges/Chariot Mass.md,New Readers Start Here/I - Pleroma Archive/World/Civilizations/Domain/Overview/Faction Profile/Prime Kharon Emerges/Chariot Mass.md,yes,.md
Executor Synapse.md,I - Pleroma Archive/World/Civilizations/Domain/Overview/Faction Profile/Prime Kharon Emerges/Executor Synapse.md,New Readers Start Here/I - Pleroma Archive/World/Civilizations/Domain/Overview/Faction Profile/Prime Kharon Emerges/Executor Synapse.md,yes,.md
Gravemauls.md,I - Pleroma Archive/World/Civilizations/Domain/Overview/Faction Profile/Prime Kharon Emerges/Gravemauls.md,New Readers Start Here/I - Pleroma Archive/World/Civilizations/Domain/Overview/Faction Profile/Prime Kharon Emerges/Gravemauls.md,yes,.md
Shatterkin.md,I - Pleroma Archive/World/Civilizations/Domain/Overview/Faction Profile/Prime Kharon Emerges/Shatterkin.md,New Readers Start Here/I - Pleroma Archive/World/Civilizations/Domain/Overview/Faction Profile/Prime Kharon Emerges/Shatterkin.md,yes,.md
Oblivion Thorns.md,I - Pleroma Archive/World/Civilizations/Domain/Overview/Faction Profile/Prime Kharon Emerges/Oblivion Thorns.md,New Readers Start Here/I - Pleroma Archive/World/Civilizations/Domain/Overview/Faction Profile/Prime Kharon Emerges/Oblivion Thorns.md,yes,.md
Prime Lunaris.md,I - Pleroma Archive/World/Civilizations/Domain/Overview/Faction Profile/Prime Lunaris/Prime Lunaris.md,New Readers Start Here/I - Pleroma Archive/World/Civilizations/Domain/Overview/Faction Profile/Prime Lunaris/Prime Lunaris.md,yes,.md
Untitled__Prime Lunaris__241649a6.md,I - Pleroma Archive/World/Civilizations/Domain/Overview/Faction Profile/Prime Lunaris/Untitled.md,New Readers Start Here/I - Pleroma Archive/World/Civilizations/Domain/Overview/Faction Profile/Prime Lunaris/Untitled.md,yes,.md
C.L Turrets.md,I - Pleroma Archive/World/Civilizations/Dominion/Military/Military Overview/Weapon Platforms/C.L Turrets.md,New Readers Start Here/I - Pleroma Archive/World/Civilizations/Dominion/Military/Military Overview/Weapon Platforms/C.L Turrets.md,yes,.md
D.L Turrets.md,I - Pleroma Archive/World/Civilizations/Dominion/Military/Military Overview/Weapon Platforms/D.L Turrets.md,New Readers Start Here/I - Pleroma Archive/World/Civilizations/Dominion/Military/Military Overview/Weapon Platforms/D.L Turrets.md,yes,.md
H.O.P Turret.md,I - Pleroma Archive/World/Civilizations/Dominion/Military/Military Overview/Weapon Platforms/H.O.P Turret.md,New Readers Start Here/I - Pleroma Archive/World/Civilizations/Dominion/Military/Military Overview/Weapon Platforms/H.O.P Turret.md,yes,.md
L.O.P Turret.md,I - Pleroma Archive/World/Civilizations/Dominion/Military/Military Overview/Weapon Platforms/L.O.P Turret.md,New Readers Start Here/I - Pleroma Archive/World/Civilizations/Dominion/Military/Military Overview/Weapon Platforms/L.O.P Turret.md,yes,.md
Muon Beam Emitter.md,I - Pleroma Archive/World/Civilizations/Dominion/Military/Military Overview/Weapon Platforms/Muon Beam Emitter.md,New Readers Start Here/I - Pleroma Archive/World/Civilizations/Dominion/Military/Military Overview/Weapon Platforms/Muon Beam Emitter.md,yes,.md
M.L Turrets.md,I - Pleroma Archive/World/Civilizations/Dominion/Military/Military Overview/Weapon Platforms/M.L Turrets.md,New Readers Start Here/I - Pleroma Archive/World/Civilizations/Dominion/Military/Military Overview/Weapon Platforms/M.L Turrets.md,yes,.md
S.L Turrets.md,I - Pleroma Archive/World/Civilizations/Dominion/Military/Military Overview/Weapon Platforms/S.L Turrets.md,New Readers Start Here/I - Pleroma Archive/World/Civilizations/Dominion/Military/Military Overview/Weapon Platforms/S.L Turrets.md,yes,.md
Black Hole Bomb.md,I - Pleroma Archive/World/Civilizations/Dominion/Military/Military Overview/W.M.D's/Black Hole Bomb.md,New Readers Start Here/I - Pleroma Archive/World/Civilizations/Dominion/Military/Military Overview/W.M.D's/Black Hole Bomb.md,yes,.md
Advanced Synthetics.md,I - Pleroma Archive/World/Civilizations/Dominion/Military/Military Overview/Warforms/Advanced Synthetics.md,New Readers Start Here/I - Pleroma Archive/World/Civilizations/Dominion/Military/Military Overview/Warforms/Advanced Synthetics.md,yes,.md
Heavy Mech Soldiers.md,I - Pleroma Archive/World/Civilizations/Dominion/Military/Military Overview/Warforms/Heavy Mech Soldiers.md,New Readers Start Here/I - Pleroma Archive/World/Civilizations/Dominion/Military/Military Overview/Warforms/Heavy Mech Soldiers.md,yes,.md
Shadow Synths.md,I - Pleroma Archive/World/Civilizations/Dominion/Military/Military Overview/Warforms/Shadow Synths.md,New Readers Start Here/I - Pleroma Archive/World/Civilizations/Dominion/Military/Military Overview/Warforms/Shadow Synths.md,yes,.md
Sniper Drone.md,I - Pleroma Archive/World/Civilizations/Dominion/Military/Military Overview/Warforms/Sniper Drone.md,New Readers Start Here/I - Pleroma Archive/World/Civilizations/Dominion/Military/Military Overview/Warforms/Sniper Drone.md,yes,.md
Heavy Drone.md,I - Pleroma Archive/World/Civilizations/Dominion/Military/Military Overview/Warforms/Heavy Drone.md,New Readers Start Here/I - Pleroma Archive/World/Civilizations/Dominion/Military/Military Overview/Warforms/Heavy Drone.md,yes,.md
Walker Drones.md,I - Pleroma Archive/World/Civilizations/Dominion/Military/Military Overview/Warforms/Walker Drones.md,New Readers Start Here/I - Pleroma Archive/World/Civilizations/Dominion/Military/Military Overview/Warforms/Walker Drones.md,yes,.md
Lacerta Drones.md,I - Pleroma Archive/World/Civilizations/Dominion/Military/Military Overview/Warforms/Lacerta Drones.md,New Readers Start Here/I - Pleroma Archive/World/Civilizations/Dominion/Military/Military Overview/Warforms/Lacerta Drones.md,yes,.md
Tribus.md,I - Pleroma Archive/World/Civilizations/Dominion/Military/Military Overview/Warforms/Tribus.md,New Readers Start Here/I - Pleroma Archive/World/Civilizations/Dominion/Military/Military Overview/Warforms/Tribus.md,yes,.md
Romanov.md,I - Pleroma Archive/World/Civilizations/Dominion/Military/Military Overview/Warforms/Romanov.md,New Readers Start Here/I - Pleroma Archive/World/Civilizations/Dominion/Military/Military Overview/Warforms/Romanov.md,yes,.md
Polizist.md,I - Pleroma Archive/World/Civilizations/Dominion/Military/Military Overview/Warforms/Polizist.md,New Readers Start Here/I - Pleroma Archive/World/Civilizations/Dominion/Military/Military Overview/Warforms/Polizist.md,yes,.md
Locus.md,I - Pleroma Archive/World/Civilizations/Dominion/Military/Military Overview/Warforms/Locus.md,New Readers Start Here/I - Pleroma Archive/World/Civilizations/Dominion/Military/Military Overview/Warforms/Locus.md,yes,.md
Synth Guards.md,I - Pleroma Archive/World/Civilizations/Dominion/Military/Military Overview/Warforms/Synth Guards.md,New Readers Start Here/I - Pleroma Archive/World/Civilizations/Dominion/Military/Military Overview/Warforms/Synth Guards.md,yes,.md
Aufseher.md,I - Pleroma Archive/World/Civilizations/Dominion/Military/Military Overview/Warforms/Aufseher.md,New Readers Start Here/I - Pleroma Archive/World/Civilizations/Dominion/Military/Military Overview/Warforms/Aufseher.md,yes,.md
The Hunter__Warforms__940f677f.md,I - Pleroma Archive/World/Civilizations/Dominion/Military/Military Overview/Warforms/The Hunter.md,New Readers Start Here/I - Pleroma Archive/World/Civilizations/Dominion/Military/Military Overview/Warforms/The Hunter.md,yes,.md
Scout Drone.md,I - Pleroma Archive/World/Civilizations/Dominion/Military/Military Overview/Warforms/Scout Drone.md,New Readers Start Here/I - Pleroma Archive/World/Civilizations/Dominion/Military/Military Overview/Warforms/Scout Drone.md,yes,.md
The Pursuer.md,I - Pleroma Archive/World/Civilizations/Dominion/Military/Military Overview/Warforms/The Pursuer.md,New Readers Start Here/I - Pleroma Archive/World/Civilizations/Dominion/Military/Military Overview/Warforms/The Pursuer.md,yes,.md
Ira.md,I - Pleroma Archive/World/Civilizations/Dominion/Military/Military Overview/Warforms/Ira.md,New Readers Start Here/I - Pleroma Archive/World/Civilizations/Dominion/Military/Military Overview/Warforms/Ira.md,yes,.md
Armored Heli-Drones.md,I - Pleroma Archive/World/Civilizations/Dominion/Military/Military Overview/Warforms/Armored Heli-Drones.md,New Readers Start Here/I - Pleroma Archive/World/Civilizations/Dominion/Military/Military Overview/Warforms/Armored Heli-Drones.md,yes,.md
Dominion Judicator- The Apex Enforcer of Law.md,I - Pleroma Archive/World/Civilizations/Dominion/Military/Military Overview/Warforms/Dominion Judicator- The Apex Enforcer of Law.md,New Readers Start Here/I - Pleroma Archive/World/Civilizations/Dominion/Military/Military Overview/Warforms/Dominion Judicator- The Apex Enforcer of Law.md,yes,.md
Sparring Synths.md,I - Pleroma Archive/World/Civilizations/Dominion/Military/Military Overview/Warforms/Sparring Synths.md,New Readers Start Here/I - Pleroma Archive/World/Civilizations/Dominion/Military/Military Overview/Warforms/Sparring Synths.md,yes,.md
The Me╠Çya Zis.md,I - Pleroma Archive/World/Civilizations/Dominion/Military/Military Overview/Warforms/The Me╠Çya Zis.md,New Readers Start Here/I - Pleroma Archive/World/Civilizations/Dominion/Military/Military Overview/Warforms/The Me╠Çya Zis.md,yes,.md
Armored Transport.md,I - Pleroma Archive/World/Civilizations/Dominion/Military/Military Overview/Warforms/Armored Transport.md,New Readers Start Here/I - Pleroma Archive/World/Civilizations/Dominion/Military/Military Overview/Warforms/Armored Transport.md,yes,.md
Gunner Drone.md,I - Pleroma Archive/World/Civilizations/Dominion/Military/Military Overview/Warforms/Gunner Drone.md,New Readers Start Here/I - Pleroma Archive/World/Civilizations/Dominion/Military/Military Overview/Warforms/Gunner Drone.md,yes,.md
Primeira.md,I - Pleroma Archive/World/Civilizations/Dominion/Military/Military Overview/Warforms/Primeira.md,New Readers Start Here/I - Pleroma Archive/World/Civilizations/Dominion/Military/Military Overview/Warforms/Primeira.md,yes,.md
The OverseerΓÇÖs.md,I - Pleroma Archive/World/Civilizations/Dominion/Military/Military Overview/Warforms/The OverseerΓÇÖs.md,New Readers Start Here/I - Pleroma Archive/World/Civilizations/Dominion/Military/Military Overview/Warforms/The OverseerΓÇÖs.md,yes,.md
Daemons.md,I - Pleroma Archive/World/Civilizations/Dominion/Military/Military Overview/Warforms/Daemons.md,New Readers Start Here/I - Pleroma Archive/World/Civilizations/Dominion/Military/Military Overview/Warforms/Daemons.md,yes,.md
Heavy Tripod Drone.md,I - Pleroma Archive/World/Civilizations/Dominion/Military/Military Overview/Warforms/Heavy Tripod Drone.md,New Readers Start Here/I - Pleroma Archive/World/Civilizations/Dominion/Military/Military Overview/Warforms/Heavy Tripod Drone.md,yes,.md
Scout Mechs.md,I - Pleroma Archive/World/Civilizations/Dominion/Military/Military Overview/Warforms/Scout Mechs.md,New Readers Start Here/I - Pleroma Archive/World/Civilizations/Dominion/Military/Military Overview/Warforms/Scout Mechs.md,yes,.md
Light Mech Soldiers.md,I - Pleroma Archive/World/Civilizations/Dominion/Military/Military Overview/Warforms/Light Mech Soldiers.md,New Readers Start Here/I - Pleroma Archive/World/Civilizations/Dominion/Military/Military Overview/Warforms/Light Mech Soldiers.md,yes,.md
Standard Kinetic sidearms.md,I - Pleroma Archive/World/Civilizations/Dominion/Military/Military Overview/Arms/Standard Kinetic sidearms.md,New Readers Start Here/I - Pleroma Archive/World/Civilizations/Dominion/Military/Military Overview/Arms/Standard Kinetic sidearms.md,yes,.md
Standard Grenades.md,I - Pleroma Archive/World/Civilizations/Dominion/Military/Military Overview/Arms/Standard Grenades.md,New Readers Start Here/I - Pleroma Archive/World/Civilizations/Dominion/Military/Military Overview/Arms/Standard Grenades.md,yes,.md
Combat Swords.md,I - Pleroma Archive/World/Civilizations/Dominion/Military/Military Overview/Arms/Combat Swords.md,New Readers Start Here/I - Pleroma Archive/World/Civilizations/Dominion/Military/Military Overview/Arms/Combat Swords.md,yes,.md
Standard Laser Rifles.md,I - Pleroma Archive/World/Civilizations/Dominion/Military/Military Overview/Arms/Standard Laser Rifles.md,New Readers Start Here/I - Pleroma Archive/World/Civilizations/Dominion/Military/Military Overview/Arms/Standard Laser Rifles.md,yes,.md
Standard Kinetic Rifles.md,I - Pleroma Archive/World/Civilizations/Dominion/Military/Military Overview/Arms/Standard Kinetic Rifles.md,New Readers Start Here/I - Pleroma Archive/World/Civilizations/Dominion/Military/Military Overview/Arms/Standard Kinetic Rifles.md,yes,.md
Stick Grenades.md,I - Pleroma Archive/World/Civilizations/Dominion/Military/Military Overview/Arms/Stick Grenades.md,New Readers Start Here/I - Pleroma Archive/World/Civilizations/Dominion/Military/Military Overview/Arms/Stick Grenades.md,yes,.md
Combat Knives.md,I - Pleroma Archive/World/Civilizations/Dominion/Military/Military Overview/Arms/Combat Knives.md,New Readers Start Here/I - Pleroma Archive/World/Civilizations/Dominion/Military/Military Overview/Arms/Combat Knives.md,yes,.md
The paralyzer.md,I - Pleroma Archive/World/Civilizations/Dominion/Military/Military Overview/Arms/The paralyzer.md,New Readers Start Here/I - Pleroma Archive/World/Civilizations/Dominion/Military/Military Overview/Arms/The paralyzer.md,yes,.md
Directed Energy Weapons.md,I - Pleroma Archive/World/Civilizations/Dominion/Military/Military Overview/Arms/Directed Energy Weapons.md,New Readers Start Here/I - Pleroma Archive/World/Civilizations/Dominion/Military/Military Overview/Arms/Directed Energy Weapons.md,yes,.md
Standard Laser sidearms.md,I - Pleroma Archive/World/Civilizations/Dominion/Military/Military Overview/Arms/Standard Laser sidearms.md,New Readers Start Here/I - Pleroma Archive/World/Civilizations/Dominion/Military/Military Overview/Arms/Standard Laser sidearms.md,yes,.md
Votum Manus ΓÇô The Vowhand__Legion Relics__7179a4e7.md,I - Pleroma Archive/World/Civilizations/Dominion/Military/Royal Military/Legion Relics/Votum Manus ΓÇô The Vowhand.md,New Readers Start Here/I - Pleroma Archive/World/Civilizations/Dominion/Military/Royal Military/Legion Relics/Votum Manus ΓÇô The Vowhand.md,yes,.md
Clavis Mortem ΓÇô The Deathkey Gauntlet__Legion Relics__812551d8.md,I - Pleroma Archive/World/Civilizations/Dominion/Military/Royal Military/Legion Relics/Clavis Mortem ΓÇô The Deathkey Gauntlet.md,New Readers Start Here/I - Pleroma Archive/World/Civilizations/Dominion/Military/Royal Military/Legion Relics/Clavis Mortem ΓÇô The Deathkey Gauntlet.md,yes,.md
Caelestis Spiculum ΓÇô The Celestial Fang__Legion Relics__ede14d81.md,I - Pleroma Archive/World/Civilizations/Dominion/Military/Royal Military/Legion Relics/Caelestis Spiculum ΓÇô The Celestial Fang.md,New Readers Start Here/I - Pleroma Archive/World/Civilizations/Dominion/Military/Royal Military/Legion Relics/Caelestis Spiculum ΓÇô The Celestial Fang.md,yes,.md
"Tessarion, the Final Ice__Legion Relics__3bf407f9.md","I - Pleroma Archive/World/Civilizations/Dominion/Military/Royal Military/Legion Relics/Tessarion, the Final Ice.md","New Readers Start Here/I - Pleroma Archive/World/Civilizations/Dominion/Military/Royal Military/Legion Relics/Tessarion, the Final Ice.md",yes,.md
"Ignivar, the Crucible Lance__Legion Relics__ca3a9423.md","I - Pleroma Archive/World/Civilizations/Dominion/Military/Royal Military/Legion Relics/Ignivar, the Crucible Lance.md","New Readers Start Here/I - Pleroma Archive/World/Civilizations/Dominion/Military/Royal Military/Legion Relics/Ignivar, the Crucible Lance.md",yes,.md
Vox Ultima ΓÇô Final Voice of the Empress__Legion Relics__804b28b8.md,I - Pleroma Archive/World/Civilizations/Dominion/Military/Royal Military/Legion Relics/Vox Ultima ΓÇô Final Voice of the Empress.md,New Readers Start Here/I - Pleroma Archive/World/Civilizations/Dominion/Military/Royal Military/Legion Relics/Vox Ultima ΓÇô Final Voice of the Empress.md,yes,.md
Vigil Ecclesia ΓÇô The Churchwatch Carbine__Legion Relics__db4b7c5a.md,I - Pleroma Archive/World/Civilizations/Dominion/Military/Royal Military/Legion Relics/Vigil Ecclesia ΓÇô The Churchwatch Carbine.md,New Readers Start Here/I - Pleroma Archive/World/Civilizations/Dominion/Military/Royal Military/Legion Relics/Vigil Ecclesia ΓÇô The Churchwatch Carbine.md,yes,.md
Chalice of Silence__Legion Relics__21ea1260.md,I - Pleroma Archive/World/Civilizations/Dominion/Military/Royal Military/Legion Relics/Chalice of Silence.md,New Readers Start Here/I - Pleroma Archive/World/Civilizations/Dominion/Military/Royal Military/Legion Relics/Chalice of Silence.md,yes,.md
Thronebreaker__Legion Relics__fb0262fe.md,I - Pleroma Archive/World/Civilizations/Dominion/Military/Royal Military/Legion Relics/Thronebreaker.md,New Readers Start Here/I - Pleroma Archive/World/Civilizations/Dominion/Military/Royal Military/Legion Relics/Thronebreaker.md,yes,.md
Sanction Redeemer__Legion Relics__034ea1df.md,I - Pleroma Archive/World/Civilizations/Dominion/Military/Royal Military/Legion Relics/Sanction Redeemer.md,New Readers Start Here/I - Pleroma Archive/World/Civilizations/Dominion/Military/Royal Military/Legion Relics/Sanction Redeemer.md,yes,.md
"Myriath, the Choir of Blades__Legion Relics__1afaddd8.md","I - Pleroma Archive/World/Civilizations/Dominion/Military/Royal Military/Legion Relics/Myriath, the Choir of Blades.md","New Readers Start Here/I - Pleroma Archive/World/Civilizations/Dominion/Military/Royal Military/Legion Relics/Myriath, the Choir of Blades.md",yes,.md
Veritus Rex ΓÇô Crown of Judgment__Legion Relics__4a0fcc8e.md,I - Pleroma Archive/World/Civilizations/Dominion/Military/Royal Military/Legion Relics/Veritus Rex ΓÇô Crown of Judgment.md,New Readers Start Here/I - Pleroma Archive/World/Civilizations/Dominion/Military/Royal Military/Legion Relics/Veritus Rex ΓÇô Crown of Judgment.md,yes,.md
Absolution Engine__Legion Relics__2b926a37.md,I - Pleroma Archive/World/Civilizations/Dominion/Military/Royal Military/Legion Relics/Absolution Engine.md,New Readers Start Here/I - Pleroma Archive/World/Civilizations/Dominion/Military/Royal Military/Legion Relics/Absolution Engine.md,yes,.md
Feralis Machina ΓÇô The Wild Law__Legion Relics__14fef46a.md,I - Pleroma Archive/World/Civilizations/Dominion/Military/Royal Military/Legion Relics/Feralis Machina ΓÇô The Wild Law.md,New Readers Start Here/I - Pleroma Archive/World/Civilizations/Dominion/Military/Royal Military/Legion Relics/Feralis Machina ΓÇô The Wild Law.md,yes,.md
Sarcophagus Engine.md,I - Pleroma Archive/World/Civilizations/Dominion/Military/Royal Military/Legion Relics/Sarcophagus Engine.md,New Readers Start Here/I - Pleroma Archive/World/Civilizations/Dominion/Military/Royal Military/Legion Relics/Sarcophagus Engine.md,yes,.md
The Anastael__Legion Relics__d6920ef5.md,I - Pleroma Archive/World/Civilizations/Dominion/Military/Royal Military/Legion Relics/The Anastael.md,New Readers Start Here/I - Pleroma Archive/World/Civilizations/Dominion/Military/Royal Military/Legion Relics/The Anastael.md,yes,.md
Lex Mechanis ΓÇô The Lawbringer Rotary Cannon__Legion Relics__afd6cab4.md,I - Pleroma Archive/World/Civilizations/Dominion/Military/Royal Military/Legion Relics/Lex Mechanis ΓÇô The Lawbringer Rotary Cannon.md,New Readers Start Here/I - Pleroma Archive/World/Civilizations/Dominion/Military/Royal Military/Legion Relics/Lex Mechanis ΓÇô The Lawbringer Rotary Cannon.md,yes,.md
Manus Solis ΓÇô The Sunhand__Legion Relics__b74322b3.md,I - Pleroma Archive/World/Civilizations/Dominion/Military/Royal Military/Legion Relics/Manus Solis ΓÇô The Sunhand.md,New Readers Start Here/I - Pleroma Archive/World/Civilizations/Dominion/Military/Royal Military/Legion Relics/Manus Solis ΓÇô The Sunhand.md,yes,.md
Spatha Celestis ΓÇô The Celestial Bladegun__Legion Relics__92c4a348.md,I - Pleroma Archive/World/Civilizations/Dominion/Military/Royal Military/Legion Relics/Spatha Celestis ΓÇô The Celestial Bladegun.md,New Readers Start Here/I - Pleroma Archive/World/Civilizations/Dominion/Military/Royal Military/Legion Relics/Spatha Celestis ΓÇô The Celestial Bladegun.md,yes,.md
Penance Aeternum ΓÇô The Eternal Rebuke__Legion Relics__c8a79023.md,I - Pleroma Archive/World/Civilizations/Dominion/Military/Royal Military/Legion Relics/Penance Aeternum ΓÇô The Eternal Rebuke.md,New Readers Start Here/I - Pleroma Archive/World/Civilizations/Dominion/Military/Royal Military/Legion Relics/Penance Aeternum ΓÇô The Eternal Rebuke.md,yes,.md
"Veilward, the Folded Bulwark__Legion Relics__89dfe866.md","I - Pleroma Archive/World/Civilizations/Dominion/Military/Royal Military/Legion Relics/Veilward, the Folded Bulwark.md","New Readers Start Here/I - Pleroma Archive/World/Civilizations/Dominion/Military/Royal Military/Legion Relics/Veilward, the Folded Bulwark.md",yes,.md
Lex Ardent ΓÇô The Law Incarnate__Legion Relics__a12d487e.md,I - Pleroma Archive/World/Civilizations/Dominion/Military/Royal Military/Legion Relics/Lex Ardent ΓÇô The Law Incarnate.md,New Readers Start Here/I - Pleroma Archive/World/Civilizations/Dominion/Military/Royal Military/Legion Relics/Lex Ardent ΓÇô The Law Incarnate.md,yes,.md
"Mortanus, Voice of Ending__Legion Relics__52b9cd7b.md","I - Pleroma Archive/World/Civilizations/Dominion/Military/Royal Military/Legion Relics/Mortanus, Voice of Ending.md","New Readers Start Here/I - Pleroma Archive/World/Civilizations/Dominion/Military/Royal Military/Legion Relics/Mortanus, Voice of Ending.md",yes,.md
Judicari Clavis ΓÇô Twin Gauntlets of Final Judgement__Legion Relics__f14ba5d3.md,I - Pleroma Archive/World/Civilizations/Dominion/Military/Royal Military/Legion Relics/Judicari Clavis ΓÇô Twin Gauntlets of Final Judgement.md,New Readers Start Here/I - Pleroma Archive/World/Civilizations/Dominion/Military/Royal Military/Legion Relics/Judicari Clavis ΓÇô Twin Gauntlets of Final Judgement.md,yes,.md
Legions__Legions__79396aea.md,I - Pleroma Archive/World/Civilizations/Dominion/Military/Royal Military/Legions/Legions.md,New Readers Start Here/I - Pleroma Archive/World/Civilizations/Dominion/Military/Royal Military/Legions/Legions.md,yes,.md
Apex Class.md,I - Pleroma Archive/World/Civilizations/Dominion/Military/Starships/Military/Apex Class.md,New Readers Start Here/I - Pleroma Archive/World/Civilizations/Dominion/Military/Starships/Military/Apex Class.md,yes,.md
Escort Class.md,I - Pleroma Archive/World/Civilizations/Dominion/Military/Starships/Military/Escort Class.md,New Readers Start Here/I - Pleroma Archive/World/Civilizations/Dominion/Military/Starships/Military/Escort Class.md,yes,.md
Line Class.md,I - Pleroma Archive/World/Civilizations/Dominion/Military/Starships/Military/Line Class.md,New Readers Start Here/I - Pleroma Archive/World/Civilizations/Dominion/Military/Starships/Military/Line Class.md,yes,.md
Capital Class.md,I - Pleroma Archive/World/Civilizations/Dominion/Military/Starships/Military/Capital Class.md,New Readers Start Here/I - Pleroma Archive/World/Civilizations/Dominion/Military/Starships/Military/Capital Class.md,yes,.md
Specialized Vessels.md,I - Pleroma Archive/World/Civilizations/Dominion/Military/Starships/Military/Specialized Vessels.md,New Readers Start Here/I - Pleroma Archive/World/Civilizations/Dominion/Military/Starships/Military/Specialized Vessels.md,yes,.md
Inquisition.md,I - Pleroma Archive/World/Civilizations/Dominion/Government/Royal Branch/Inquisition/Inquisition.md,New Readers Start Here/I - Pleroma Archive/World/Civilizations/Dominion/Government/Royal Branch/Inquisition/Inquisition.md,yes,.md
Integrity Corps Guardrails.md,I - Pleroma Archive/World/Civilizations/Dominion/Government/Royal Branch/Inquisition/Integrity Corps Guardrails.md,New Readers Start Here/I - Pleroma Archive/World/Civilizations/Dominion/Government/Royal Branch/Inquisition/Integrity Corps Guardrails.md,yes,.md
Design Packet.md,I - Pleroma Archive/World/Civilizations/Dominion/Government/Royal Branch/Inquisition/Design Packet.md,New Readers Start Here/I - Pleroma Archive/World/Civilizations/Dominion/Government/Royal Branch/Inquisition/Design Packet.md,yes,.md
Royal Arcane Institute.md,I - Pleroma Archive/World/Civilizations/Dominion/Government/Royal Branch/Royal Arcane Institute/Royal Arcane Institute.md,New Readers Start Here/I - Pleroma Archive/World/Civilizations/Dominion/Government/Royal Branch/Royal Arcane Institute/Royal Arcane Institute.md,yes,.md
House Atlovaia.md,I - Pleroma Archive/World/Civilizations/Dominion/Government/Royal Branch/Houses/House Atlovaia.md,New Readers Start Here/I - Pleroma Archive/World/Civilizations/Dominion/Government/Royal Branch/Houses/House Atlovaia.md,yes,.md
House Estelia.md,I - Pleroma Archive/World/Civilizations/Dominion/Government/Royal Branch/Houses/House Estelia.md,New Readers Start Here/I - Pleroma Archive/World/Civilizations/Dominion/Government/Royal Branch/Houses/House Estelia.md,yes,.md
House Equilion.md,I - Pleroma Archive/World/Civilizations/Dominion/Government/Royal Branch/Houses/House Equilion.md,New Readers Start Here/I - Pleroma Archive/World/Civilizations/Dominion/Government/Royal Branch/Houses/House Equilion.md,yes,.md
House Freestack.md,I - Pleroma Archive/World/Civilizations/Dominion/Government/Royal Branch/Houses/House Freestack.md,New Readers Start Here/I - Pleroma Archive/World/Civilizations/Dominion/Government/Royal Branch/Houses/House Freestack.md,yes,.md
House Ormova.md,I - Pleroma Archive/World/Civilizations/Dominion/Government/Royal Branch/Houses/House Ormova.md,New Readers Start Here/I - Pleroma Archive/World/Civilizations/Dominion/Government/Royal Branch/Houses/House Ormova.md,yes,.md
House Toldax.md,I - Pleroma Archive/World/Civilizations/Dominion/Government/Royal Branch/Houses/House Toldax.md,New Readers Start Here/I - Pleroma Archive/World/Civilizations/Dominion/Government/Royal Branch/Houses/House Toldax.md,yes,.md
House Orbital.md,I - Pleroma Archive/World/Civilizations/Dominion/Government/Royal Branch/Houses/House Orbital.md,New Readers Start Here/I - Pleroma Archive/World/Civilizations/Dominion/Government/Royal Branch/Houses/House Orbital.md,yes,.md
Voice of the Throne.md,I - Pleroma Archive/World/Civilizations/Dominion/Government/Royal Branch/Leaders/Voice of the Throne.md,New Readers Start Here/I - Pleroma Archive/World/Civilizations/Dominion/Government/Royal Branch/Leaders/Voice of the Throne.md,yes,.md
God Empress.md,I - Pleroma Archive/World/Civilizations/Dominion/Government/Royal Branch/Leaders/God Empress.md,New Readers Start Here/I - Pleroma Archive/World/Civilizations/Dominion/Government/Royal Branch/Leaders/God Empress.md,yes,.md
Shield of Continuity.md,I - Pleroma Archive/World/Civilizations/Dominion/Government/Royal Branch/Leaders/Shield of Continuity.md,New Readers Start Here/I - Pleroma Archive/World/Civilizations/Dominion/Government/Royal Branch/Leaders/Shield of Continuity.md,yes,.md
Celestial Empress.md,I - Pleroma Archive/World/Civilizations/Dominion/Government/Royal Branch/Leaders/Celestial Empress.md,New Readers Start Here/I - Pleroma Archive/World/Civilizations/Dominion/Government/Royal Branch/Leaders/Celestial Empress.md,yes,.md
Leaders__Leaders__0e0d3fa4.md,I - Pleroma Archive/World/Civilizations/Dominion/Government/Royal Branch/Leaders/Leaders.md,New Readers Start Here/I - Pleroma Archive/World/Civilizations/Dominion/Government/Royal Branch/Leaders/Leaders.md,yes,.md
Bill of Rights.md,I - Pleroma Archive/World/Civilizations/Dominion/Government/Federal Branch/Rights/Bill of Rights.md,New Readers Start Here/I - Pleroma Archive/World/Civilizations/Dominion/Government/Federal Branch/Rights/Bill of Rights.md,yes,.md
Rights.md,I - Pleroma Archive/World/Civilizations/Dominion/Government/Federal Branch/Rights/Rights.md,New Readers Start Here/I - Pleroma Archive/World/Civilizations/Dominion/Government/Federal Branch/Rights/Rights.md,yes,.md
Continuity Forum.md,I - Pleroma Archive/World/Civilizations/Dominion/Government/Federal Branch/Parties/Continuity Forum.md,New Readers Start Here/I - Pleroma Archive/World/Civilizations/Dominion/Government/Federal Branch/Parties/Continuity Forum.md,yes,.md
Absolutists.md,I - Pleroma Archive/World/Civilizations/Dominion/Government/Federal Branch/Parties/Absolutists.md,New Readers Start Here/I - Pleroma Archive/World/Civilizations/Dominion/Government/Federal Branch/Parties/Absolutists.md,yes,.md
Merit Vanguard.md,I - Pleroma Archive/World/Civilizations/Dominion/Government/Federal Branch/Parties/Merit Vanguard.md,New Readers Start Here/I - Pleroma Archive/World/Civilizations/Dominion/Government/Federal Branch/Parties/Merit Vanguard.md,yes,.md
Sovereignty Bloc.md,I - Pleroma Archive/World/Civilizations/Dominion/Government/Federal Branch/Parties/Sovereignty Bloc.md,New Readers Start Here/I - Pleroma Archive/World/Civilizations/Dominion/Government/Federal Branch/Parties/Sovereignty Bloc.md,yes,.md
Visionary Accord.md,I - Pleroma Archive/World/Civilizations/Dominion/Government/Federal Branch/Parties/Visionary Accord.md,New Readers Start Here/I - Pleroma Archive/World/Civilizations/Dominion/Government/Federal Branch/Parties/Visionary Accord.md,yes,.md
Ascensionists.md,I - Pleroma Archive/World/Civilizations/Dominion/Government/Federal Branch/Parties/Ascensionists.md,New Readers Start Here/I - Pleroma Archive/World/Civilizations/Dominion/Government/Federal Branch/Parties/Ascensionists.md,yes,.md
Auroi.md,I - Pleroma Archive/World/Civilizations/Dominion/Culture & Society/Philosophy & Ideology/Auroi/Auroi.md,New Readers Start Here/I - Pleroma Archive/World/Civilizations/Dominion/Culture & Society/Philosophy & Ideology/Auroi/Auroi.md,yes,.md
Creation Process.md,I - Pleroma Archive/World/Civilizations/Dominion/Culture & Society/Philosophy & Ideology/Auroi/Creation Process.md,New Readers Start Here/I - Pleroma Archive/World/Civilizations/Dominion/Culture & Society/Philosophy & Ideology/Auroi/Creation Process.md,yes,.md
Auroi Ark.md,I - Pleroma Archive/World/Civilizations/Dominion/Culture & Society/Philosophy & Ideology/Auroi/Auroi Ark.md,New Readers Start Here/I - Pleroma Archive/World/Civilizations/Dominion/Culture & Society/Philosophy & Ideology/Auroi/Auroi Ark.md,yes,.md
Native Life.md,I - Pleroma Archive/World/Civilizations/Dominion/Locations/Harmina/Native Life/Native Life.md,New Readers Start Here/I - Pleroma Archive/World/Civilizations/Dominion/Locations/Harmina/Native Life/Native Life.md,yes,.md
Quiescence.md,I - Pleroma Archive/World/Civilizations/Dominion/Locations/Akasha/Cities/Quiescence.md,New Readers Start Here/I - Pleroma Archive/World/Civilizations/Dominion/Locations/Akasha/Cities/Quiescence.md,yes,.md
The Equilion Union.md,I - Pleroma Archive/World/Civilizations/Dominion/Overview/Faction Profile/The Equilion Union/The Equilion Union.md,New Readers Start Here/I - Pleroma Archive/World/Civilizations/Dominion/Overview/Faction Profile/The Equilion Union/The Equilion Union.md,yes,.md
E.U.F.md,I - Pleroma Archive/World/Civilizations/Dominion/Overview/Faction Profile/The Equilion Union/E.U.F.md,New Readers Start Here/I - Pleroma Archive/World/Civilizations/Dominion/Overview/Faction Profile/The Equilion Union/E.U.F.md,yes,.md
Equilion Praetorians.md,I - Pleroma Archive/World/Civilizations/Dominion/Overview/Faction Profile/The Equilion Union/Equilion Praetorians.md,New Readers Start Here/I - Pleroma Archive/World/Civilizations/Dominion/Overview/Faction Profile/The Equilion Union/Equilion Praetorians.md,yes,.md
Remainers.md,I - Pleroma Archive/World/Civilizations/Dominion/Overview/Faction Profile/The Equilion Union/Remainers.md,New Readers Start Here/I - Pleroma Archive/World/Civilizations/Dominion/Overview/Faction Profile/The Equilion Union/Remainers.md,yes,.md
The First Congress.md,I - Pleroma Archive/World/Civilizations/Dominion/Overview/Faction Profile/The Equilion Union/The First Congress.md,New Readers Start Here/I - Pleroma Archive/World/Civilizations/Dominion/Overview/Faction Profile/The Equilion Union/The First Congress.md,yes,.md
Atlovaia Exarchate.md,I - Pleroma Archive/World/Civilizations/Dominion/Overview/Faction Profile/Atlovaia Exarchate/Atlovaia Exarchate.md,New Readers Start Here/I - Pleroma Archive/World/Civilizations/Dominion/Overview/Faction Profile/Atlovaia Exarchate/Atlovaia Exarchate.md,yes,.md
Toldax Ascent.md,I - Pleroma Archive/World/Civilizations/Dominion/Overview/Faction Profile/Toldax Ascent/Toldax Ascent.md,New Readers Start Here/I - Pleroma Archive/World/Civilizations/Dominion/Overview/Faction Profile/Toldax Ascent/Toldax Ascent.md,yes,.md
Untitled__Toldax Ascent__dd6330e0.md,I - Pleroma Archive/World/Civilizations/Dominion/Overview/Faction Profile/Toldax Ascent/Untitled.md,New Readers Start Here/I - Pleroma Archive/World/Civilizations/Dominion/Overview/Faction Profile/Toldax Ascent/Untitled.md,yes,.md
Commonwealth of States.md,I - Pleroma Archive/World/Civilizations/Dominion/Overview/Faction Profile/Commonwealth of States/Commonwealth of States.md,New Readers Start Here/I - Pleroma Archive/World/Civilizations/Dominion/Overview/Faction Profile/Commonwealth of States/Commonwealth of States.md,yes,.md
Ormova Replika.md,I - Pleroma Archive/World/Civilizations/Dominion/Overview/Faction Profile/Ormova Replika/Ormova Replika.md,New Readers Start Here/I - Pleroma Archive/World/Civilizations/Dominion/Overview/Faction Profile/Ormova Replika/Ormova Replika.md,yes,.md
Estelia Scriptorium.md,I - Pleroma Archive/World/Civilizations/Dominion/Overview/Faction Profile/Estelia Scriptorium/Estelia Scriptorium.md,New Readers Start Here/I - Pleroma Archive/World/Civilizations/Dominion/Overview/Faction Profile/Estelia Scriptorium/Estelia Scriptorium.md,yes,.md
Coalition of Orbital States.md,I - Pleroma Archive/World/Civilizations/Dominion/Overview/Faction Profile/Coalition of Orbital States/Coalition of Orbital States.md,New Readers Start Here/I - Pleroma Archive/World/Civilizations/Dominion/Overview/Faction Profile/Coalition of Orbital States/Coalition of Orbital States.md,yes,.md
FreeStack Socialist Republics.md,I - Pleroma Archive/World/Civilizations/Dominion/Overview/Faction Profile/FreeStack Socialist Republics/FreeStack Socialist Republics.md,New Readers Start Here/I - Pleroma Archive/World/Civilizations/Dominion/Overview/Faction Profile/FreeStack Socialist Republics/FreeStack Socialist Republics.md,yes,.md
Equilon States.md,I - Pleroma Archive/World/Civilizations/Dominion/Overview/Faction Profile/Equilon States/Equilon States.md,New Readers Start Here/I - Pleroma Archive/World/Civilizations/Dominion/Overview/Faction Profile/Equilon States/Equilon States.md,yes,.md
Arcane Intelligence.md,I - Pleroma Archive/World/Locations/Eos Multiverse/The Aphotic Zone/Concordia/Concordia/MagickTech/Arcane Intelligence.md,New Readers Start Here/I - Pleroma Archive/World/Locations/Eos Multiverse/The Aphotic Zone/Concordia/Concordia/MagickTech/Arcane Intelligence.md,yes,.md
BioOrganic_Tech.md,I - Pleroma Archive/World/Locations/Eos Multiverse/The Aphotic Zone/Concordia/Concordia/MagickTech/BioOrganic_Tech.md,New Readers Start Here/I - Pleroma Archive/World/Locations/Eos Multiverse/The Aphotic Zone/Concordia/Concordia/MagickTech/BioOrganic_Tech.md,yes,.md
Exotic_Materials.md,I - Pleroma Archive/World/Locations/Eos Multiverse/The Aphotic Zone/Concordia/Concordia/MagickTech/Exotic_Materials.md,New Readers Start Here/I - Pleroma Archive/World/Locations/Eos Multiverse/The Aphotic Zone/Concordia/Concordia/MagickTech/Exotic_Materials.md,yes,.md
Coin Economy.md,I - Pleroma Archive/World/Locations/Eos Multiverse/The Aphotic Zone/Concordia/Concordia/Economy/Coin Economy.md,New Readers Start Here/I - Pleroma Archive/World/Locations/Eos Multiverse/The Aphotic Zone/Concordia/Concordia/Economy/Coin Economy.md,yes,.md
Favor Economy.md,I - Pleroma Archive/World/Locations/Eos Multiverse/The Aphotic Zone/Concordia/Concordia/Economy/Favor Economy.md,New Readers Start Here/I - Pleroma Archive/World/Locations/Eos Multiverse/The Aphotic Zone/Concordia/Concordia/Economy/Favor Economy.md,yes,.md
Resources_and_Trade.md,I - Pleroma Archive/World/Locations/Eos Multiverse/The Aphotic Zone/Concordia/Concordia/Economy/Resources_and_Trade.md,New Readers Start Here/I - Pleroma Archive/World/Locations/Eos Multiverse/The Aphotic Zone/Concordia/Concordia/Economy/Resources_and_Trade.md,yes,.md
Tier_System.md,I - Pleroma Archive/World/Locations/Eos Multiverse/The Aphotic Zone/Concordia/Concordia/Magick/Tier_System.md,New Readers Start Here/I - Pleroma Archive/World/Locations/Eos Multiverse/The Aphotic Zone/Concordia/Concordia/Magick/Tier_System.md,yes,.md
Rituals_and_Study.md,I - Pleroma Archive/World/Locations/Eos Multiverse/The Aphotic Zone/Concordia/Concordia/Magick/Rituals_and_Study.md,New Readers Start Here/I - Pleroma Archive/World/Locations/Eos Multiverse/The Aphotic Zone/Concordia/Concordia/Magick/Rituals_and_Study.md,yes,.md
Sample_Contracts.md,I - Pleroma Archive/World/Locations/Eos Multiverse/The Aphotic Zone/Concordia/Concordia/Socities/Sample_Contracts.md,New Readers Start Here/I - Pleroma Archive/World/Locations/Eos Multiverse/The Aphotic Zone/Concordia/Concordia/Socities/Sample_Contracts.md,yes,.md
Contract_Board_Template.md,I - Pleroma Archive/World/Locations/Eos Multiverse/The Aphotic Zone/Concordia/Concordia/Socities/Contract_Board_Template.md,New Readers Start Here/I - Pleroma Archive/World/Locations/Eos Multiverse/The Aphotic Zone/Concordia/Concordia/Socities/Contract_Board_Template.md,yes,.md
Abyssal_Ghosts.md,I - Pleroma Archive/World/Locations/Eos Multiverse/The Aphotic Zone/Concordia/Concordia/Creatures/Abyssal_Ghosts.md,New Readers Start Here/I - Pleroma Archive/World/Locations/Eos Multiverse/The Aphotic Zone/Concordia/Concordia/Creatures/Abyssal_Ghosts.md,yes,.md
Yondor_Undead.md,I - Pleroma Archive/World/Locations/Eos Multiverse/The Aphotic Zone/Concordia/Concordia/Creatures/Yondor_Undead.md,New Readers Start Here/I - Pleroma Archive/World/Locations/Eos Multiverse/The Aphotic Zone/Concordia/Concordia/Creatures/Yondor_Undead.md,yes,.md
Tier_Scaling.md,I - Pleroma Archive/World/Locations/Eos Multiverse/The Aphotic Zone/Concordia/Concordia/Misc/Tier_Scaling.md,New Readers Start Here/I - Pleroma Archive/World/Locations/Eos Multiverse/The Aphotic Zone/Concordia/Concordia/Misc/Tier_Scaling.md,yes,.md
Materials_and_Acoustics.md,I - Pleroma Archive/World/Locations/Eos Multiverse/The Aphotic Zone/Concordia/Concordia/Architectural/Materials_and_Acoustics.md,New Readers Start Here/I - Pleroma Archive/World/Locations/Eos Multiverse/The Aphotic Zone/Concordia/Concordia/Architectural/Materials_and_Acoustics.md,yes,.md
Styles.md,I - Pleroma Archive/World/Locations/Eos Multiverse/The Aphotic Zone/Concordia/Concordia/Architectural/Styles.md,New Readers Start Here/I - Pleroma Archive/World/Locations/Eos Multiverse/The Aphotic Zone/Concordia/Concordia/Architectural/Styles.md,yes,.md
Daily_Life.md,I - Pleroma Archive/World/Locations/Eos Multiverse/The Aphotic Zone/Concordia/Concordia/Life/Daily_Life.md,New Readers Start Here/I - Pleroma Archive/World/Locations/Eos Multiverse/The Aphotic Zone/Concordia/Concordia/Life/Daily_Life.md,yes,.md
Ranham_Megacity.md,I - Pleroma Archive/World/Locations/Eos Multiverse/The Aphotic Zone/Concordia/Concordia/Locations/Ranham_Megacity.md,New Readers Start Here/I - Pleroma Archive/World/Locations/Eos Multiverse/The Aphotic Zone/Concordia/Concordia/Locations/Ranham_Megacity.md,yes,.md
Regions.md,I - Pleroma Archive/World/Locations/Eos Multiverse/The Aphotic Zone/Concordia/Concordia/Locations/Regions.md,New Readers Start Here/I - Pleroma Archive/World/Locations/Eos Multiverse/The Aphotic Zone/Concordia/Concordia/Locations/Regions.md,yes,.md
Field_Zones.md,I - Pleroma Archive/World/Locations/Eos Multiverse/The Aphotic Zone/Concordia/Concordia/Locations/Field_Zones.md,New Readers Start Here/I - Pleroma Archive/World/Locations/Eos Multiverse/The Aphotic Zone/Concordia/Concordia/Locations/Field_Zones.md,yes,.md
Timeline_Short.md,I - Pleroma Archive/World/Locations/Eos Multiverse/The Aphotic Zone/Concordia/Concordia/Overview/Timeline_Short.md,New Readers Start Here/I - Pleroma Archive/World/Locations/Eos Multiverse/The Aphotic Zone/Concordia/Concordia/Overview/Timeline_Short.md,yes,.md
Setting_Overview.md,I - Pleroma Archive/World/Locations/Eos Multiverse/The Aphotic Zone/Concordia/Concordia/Overview/Setting_Overview.md,New Readers Start Here/I - Pleroma Archive/World/Locations/Eos Multiverse/The Aphotic Zone/Concordia/Concordia/Overview/Setting_Overview.md,yes,.md
Scholastica Thaumaturgica.md,I - Pleroma Archive/World/Locations/Eos Multiverse/The Aphotic Zone/Concordia/Concordia/Organizations/Scholastica Thaumaturgica.md,New Readers Start Here/I - Pleroma Archive/World/Locations/Eos Multiverse/The Aphotic Zone/Concordia/Concordia/Organizations/Scholastica Thaumaturgica.md,yes,.md
Adventurers_Society.md,I - Pleroma Archive/World/Locations/Eos Multiverse/The Aphotic Zone/Concordia/Concordia/Organizations/Adventurers_Society.md,New Readers Start Here/I - Pleroma Archive/World/Locations/Eos Multiverse/The Aphotic Zone/Concordia/Concordia/Organizations/Adventurers_Society.md,yes,.md
Magic_Council.md,I - Pleroma Archive/World/Locations/Eos Multiverse/The Aphotic Zone/Concordia/Concordia/Organizations/Magic_Council.md,New Readers Start Here/I - Pleroma Archive/World/Locations/Eos Multiverse/The Aphotic Zone/Concordia/Concordia/Organizations/Magic_Council.md,yes,.md
Concordia_Index.md,I - Pleroma Archive/World/Locations/Eos Multiverse/The Aphotic Zone/Concordia/Concordia/Index/Concordia_Index.md,New Readers Start Here/I - Pleroma Archive/World/Locations/Eos Multiverse/The Aphotic Zone/Concordia/Concordia/Index/Concordia_Index.md,yes,.md
Templates.md,I - Pleroma Archive/World/Locations/Eos Multiverse/The Aphotic Zone/Concordia/Concordia/Index/Templates.md,New Readers Start Here/I - Pleroma Archive/World/Locations/Eos Multiverse/The Aphotic Zone/Concordia/Concordia/Index/Templates.md,yes,.md
Glossary.md,I - Pleroma Archive/World/Locations/Eos Multiverse/The Aphotic Zone/Concordia/Concordia/Index/Glossary.md,New Readers Start Here/I - Pleroma Archive/World/Locations/Eos Multiverse/The Aphotic Zone/Concordia/Concordia/Index/Glossary.md,yes,.md
Modern Age.md,I - Pleroma Archive/World/Locations/Eos Multiverse/The Aphotic Zone/Concordia/Eras/Modern Age/Modern Age.md,New Readers Start Here/I - Pleroma Archive/World/Locations/Eos Multiverse/The Aphotic Zone/Concordia/Eras/Modern Age/Modern Age.md,yes,.md
Age of Ruin.md,I - Pleroma Archive/World/Locations/Eos Multiverse/The Aphotic Zone/Concordia/Eras/Age of Ruin/Age of Ruin.md,New Readers Start Here/I - Pleroma Archive/World/Locations/Eos Multiverse/The Aphotic Zone/Concordia/Eras/Age of Ruin/Age of Ruin.md,yes,.md
Elder Age.md,I - Pleroma Archive/World/Locations/Eos Multiverse/The Aphotic Zone/Concordia/Eras/Elder Age/Elder Age.md,New Readers Start Here/I - Pleroma Archive/World/Locations/Eos Multiverse/The Aphotic Zone/Concordia/Eras/Elder Age/Elder Age.md,yes,.md
Age of Fracture.md,I - Pleroma Archive/World/Locations/Eos Multiverse/The Aphotic Zone/Concordia/Eras/Age of Fracture/Age of Fracture.md,New Readers Start Here/I - Pleroma Archive/World/Locations/Eos Multiverse/The Aphotic Zone/Concordia/Eras/Age of Fracture/Age of Fracture.md,yes,.md
Untime__Untime__9eadef0e.md,I - Pleroma Archive/World/Locations/Eos Multiverse/The Aphotic Zone/Concordia/Eras/Untime/Untime.md,New Readers Start Here/I - Pleroma Archive/World/Locations/Eos Multiverse/The Aphotic Zone/Concordia/Eras/Untime/Untime.md,yes,.md
Age of Conquest.md,I - Pleroma Archive/World/Locations/Eos Multiverse/The Aphotic Zone/Concordia/Eras/Age of Conquest/Age of Conquest.md,New Readers Start Here/I - Pleroma Archive/World/Locations/Eos Multiverse/The Aphotic Zone/Concordia/Eras/Age of Conquest/Age of Conquest.md,yes,.md
Quantum Foam Density Troughs.md,I - Pleroma Archive/World/Locations/Eos Multiverse/The Dark Forest Zone/Local Cluster/Totum/Verse Structure/Quantum Foam Density Troughs.md,New Readers Start Here/I - Pleroma Archive/World/Locations/Eos Multiverse/The Dark Forest Zone/Local Cluster/Totum/Verse Structure/Quantum Foam Density Troughs.md,yes,.md
Great Attractor.md,I - Pleroma Archive/World/Locations/Eos Multiverse/The Dark Forest Zone/Local Cluster/Totum/Verse Structure/Great Attractor.md,New Readers Start Here/I - Pleroma Archive/World/Locations/Eos Multiverse/The Dark Forest Zone/Local Cluster/Totum/Verse Structure/Great Attractor.md,yes,.md
Large Quasar Groups.md,I - Pleroma Archive/World/Locations/Eos Multiverse/The Dark Forest Zone/Local Cluster/Totum/Verse Structure/Large Quasar Groups.md,New Readers Start Here/I - Pleroma Archive/World/Locations/Eos Multiverse/The Dark Forest Zone/Local Cluster/Totum/Verse Structure/Large Quasar Groups.md,yes,.md
Fermi Bubbles.md,I - Pleroma Archive/World/Locations/Eos Multiverse/The Dark Forest Zone/Local Cluster/Totum/Verse Structure/Fermi Bubbles.md,New Readers Start Here/I - Pleroma Archive/World/Locations/Eos Multiverse/The Dark Forest Zone/Local Cluster/Totum/Verse Structure/Fermi Bubbles.md,yes,.md
Giant Arc.md,I - Pleroma Archive/World/Locations/Eos Multiverse/The Dark Forest Zone/Local Cluster/Totum/Verse Structure/Giant Arc.md,New Readers Start Here/I - Pleroma Archive/World/Locations/Eos Multiverse/The Dark Forest Zone/Local Cluster/Totum/Verse Structure/Giant Arc.md,yes,.md
South Pole Wall.md,I - Pleroma Archive/World/Locations/Eos Multiverse/The Dark Forest Zone/Local Cluster/Totum/Verse Structure/South Pole Wall.md,New Readers Start Here/I - Pleroma Archive/World/Locations/Eos Multiverse/The Dark Forest Zone/Local Cluster/Totum/Verse Structure/South Pole Wall.md,yes,.md
Dark Flow.md,I - Pleroma Archive/World/Locations/Eos Multiverse/The Dark Forest Zone/Local Cluster/Totum/Verse Structure/Dark Flow.md,New Readers Start Here/I - Pleroma Archive/World/Locations/Eos Multiverse/The Dark Forest Zone/Local Cluster/Totum/Verse Structure/Dark Flow.md,yes,.md
Baryon Asymmetry Zones.md,I - Pleroma Archive/World/Locations/Eos Multiverse/The Dark Forest Zone/Local Cluster/Totum/Verse Structure/Baryon Asymmetry Zones.md,New Readers Start Here/I - Pleroma Archive/World/Locations/Eos Multiverse/The Dark Forest Zone/Local Cluster/Totum/Verse Structure/Baryon Asymmetry Zones.md,yes,.md
Cosmic Dimming Zones.md,I - Pleroma Archive/World/Locations/Eos Multiverse/The Dark Forest Zone/Local Cluster/Totum/Verse Structure/Cosmic Dimming Zones.md,New Readers Start Here/I - Pleroma Archive/World/Locations/Eos Multiverse/The Dark Forest Zone/Local Cluster/Totum/Verse Structure/Cosmic Dimming Zones.md,yes,.md
Dipole Repeller.md,I - Pleroma Archive/World/Locations/Eos Multiverse/The Dark Forest Zone/Local Cluster/Totum/Verse Structure/Dipole Repeller.md,New Readers Start Here/I - Pleroma Archive/World/Locations/Eos Multiverse/The Dark Forest Zone/Local Cluster/Totum/Verse Structure/Dipole Repeller.md,yes,.md
Causal Archipelagos.md,I - Pleroma Archive/World/Locations/Eos Multiverse/The Dark Forest Zone/Local Cluster/Totum/Verse Structure/Causal Archipelagos.md,New Readers Start Here/I - Pleroma Archive/World/Locations/Eos Multiverse/The Dark Forest Zone/Local Cluster/Totum/Verse Structure/Causal Archipelagos.md,yes,.md
Cold Spot Repeller.md,I - Pleroma Archive/World/Locations/Eos Multiverse/The Dark Forest Zone/Local Cluster/Totum/Verse Structure/Cold Spot Repeller.md,New Readers Start Here/I - Pleroma Archive/World/Locations/Eos Multiverse/The Dark Forest Zone/Local Cluster/Totum/Verse Structure/Cold Spot Repeller.md,yes,.md
Cosmological-Scale Structures.md,I - Pleroma Archive/World/Locations/Eos Multiverse/The Dark Forest Zone/Local Cluster/Totum/Verse Structure/Cosmological-Scale Structures.md,New Readers Start Here/I - Pleroma Archive/World/Locations/Eos Multiverse/The Dark Forest Zone/Local Cluster/Totum/Verse Structure/Cosmological-Scale Structures.md,yes,.md
Eridanus Supervoid.md,I - Pleroma Archive/World/Locations/Eos Multiverse/The Dark Forest Zone/Local Cluster/Totum/Verse Structure/Eridanus Supervoid.md,New Readers Start Here/I - Pleroma Archive/World/Locations/Eos Multiverse/The Dark Forest Zone/Local Cluster/Totum/Verse Structure/Eridanus Supervoid.md,yes,.md
Cold Spot in the CMB.md,I - Pleroma Archive/World/Locations/Eos Multiverse/The Dark Forest Zone/Local Cluster/Totum/Verse Structure/Cold Spot in the CMB.md,New Readers Start Here/I - Pleroma Archive/World/Locations/Eos Multiverse/The Dark Forest Zone/Local Cluster/Totum/Verse Structure/Cold Spot in the CMB.md,yes,.md
Causal Set Boundary Surfaces.md,I - Pleroma Archive/World/Locations/Eos Multiverse/The Dark Forest Zone/Local Cluster/Totum/Verse Structure/Causal Set Boundary Surfaces.md,New Readers Start Here/I - Pleroma Archive/World/Locations/Eos Multiverse/The Dark Forest Zone/Local Cluster/Totum/Verse Structure/Causal Set Boundary Surfaces.md,yes,.md
The Zone of Avoidance.md,I - Pleroma Archive/World/Locations/Eos Multiverse/The Dark Forest Zone/Local Cluster/Totum/Verse Structure/The Zone of Avoidance.md,New Readers Start Here/I - Pleroma Archive/World/Locations/Eos Multiverse/The Dark Forest Zone/Local Cluster/Totum/Verse Structure/The Zone of Avoidance.md,yes,.md
Anisotropies in the Cosmic Web.md,I - Pleroma Archive/World/Locations/Eos Multiverse/The Dark Forest Zone/Local Cluster/Totum/Verse Structure/Anisotropies in the Cosmic Web.md,New Readers Start Here/I - Pleroma Archive/World/Locations/Eos Multiverse/The Dark Forest Zone/Local Cluster/Totum/Verse Structure/Anisotropies in the Cosmic Web.md,yes,.md
Hubble Bubble.md,I - Pleroma Archive/World/Locations/Eos Multiverse/The Dark Forest Zone/Local Cluster/Totum/Verse Structure/Hubble Bubble.md,New Readers Start Here/I - Pleroma Archive/World/Locations/Eos Multiverse/The Dark Forest Zone/Local Cluster/Totum/Verse Structure/Hubble Bubble.md,yes,.md
Shapley Supercluster.md,I - Pleroma Archive/World/Locations/Eos Multiverse/The Dark Forest Zone/Local Cluster/Totum/Verse Structure/Shapley Supercluster.md,New Readers Start Here/I - Pleroma Archive/World/Locations/Eos Multiverse/The Dark Forest Zone/Local Cluster/Totum/Verse Structure/Shapley Supercluster.md,yes,.md
Local SuperCluster Chart.md,I - Pleroma Archive/World/Locations/Eos Multiverse/The Dark Forest Zone/Local Cluster/Totum/Cosmological Maps/Local SuperCluster Chart.md,New Readers Start Here/I - Pleroma Archive/World/Locations/Eos Multiverse/The Dark Forest Zone/Local Cluster/Totum/Cosmological Maps/Local SuperCluster Chart.md,yes,.md
Sol system chart.md,I - Pleroma Archive/World/Locations/Eos Multiverse/The Dark Forest Zone/Local Cluster/Totum/Cosmological Maps/Sol system chart.md,New Readers Start Here/I - Pleroma Archive/World/Locations/Eos Multiverse/The Dark Forest Zone/Local Cluster/Totum/Cosmological Maps/Sol system chart.md,yes,.md
Local Cluster Chart.md,I - Pleroma Archive/World/Locations/Eos Multiverse/The Dark Forest Zone/Local Cluster/Totum/Cosmological Maps/Local Cluster Chart.md,New Readers Start Here/I - Pleroma Archive/World/Locations/Eos Multiverse/The Dark Forest Zone/Local Cluster/Totum/Cosmological Maps/Local Cluster Chart.md,yes,.md
The Great Attractor.md,I - Pleroma Archive/World/Locations/Eos Multiverse/The Dark Forest Zone/Local Cluster/Totum/Cosmological Maps/The Great Attractor.md,New Readers Start Here/I - Pleroma Archive/World/Locations/Eos Multiverse/The Dark Forest Zone/Local Cluster/Totum/Cosmological Maps/The Great Attractor.md,yes,.md
Local Galaxy chart.md,I - Pleroma Archive/World/Locations/Eos Multiverse/The Dark Forest Zone/Local Cluster/Totum/Cosmological Maps/Local Galaxy chart.md,New Readers Start Here/I - Pleroma Archive/World/Locations/Eos Multiverse/The Dark Forest Zone/Local Cluster/Totum/Cosmological Maps/Local Galaxy chart.md,yes,.md
B.A.O Mapping.md,I - Pleroma Archive/World/Locations/Eos Multiverse/The Dark Forest Zone/Local Cluster/Totum/Cosmological Maps/B.A.O Mapping.md,New Readers Start Here/I - Pleroma Archive/World/Locations/Eos Multiverse/The Dark Forest Zone/Local Cluster/Totum/Cosmological Maps/B.A.O Mapping.md,yes,.md
Local Group Chart.md,I - Pleroma Archive/World/Locations/Eos Multiverse/The Dark Forest Zone/Local Cluster/Totum/Cosmological Maps/Local Group Chart.md,New Readers Start Here/I - Pleroma Archive/World/Locations/Eos Multiverse/The Dark Forest Zone/Local Cluster/Totum/Cosmological Maps/Local Group Chart.md,yes,.md
Local Cosmological Chart.md,I - Pleroma Archive/World/Locations/Eos Multiverse/The Dark Forest Zone/Local Cluster/Totum/Cosmological Maps/Local Cosmological Chart.md,New Readers Start Here/I - Pleroma Archive/World/Locations/Eos Multiverse/The Dark Forest Zone/Local Cluster/Totum/Cosmological Maps/Local Cosmological Chart.md,yes,.md
Votum Inchoatum.md,I - Pleroma Archive/World/Locations/Eos Multiverse/The Dark Forest Zone/Local Cluster/Unreality/Entities/Votum Inchoatum.md,New Readers Start Here/I - Pleroma Archive/World/Locations/Eos Multiverse/The Dark Forest Zone/Local Cluster/Unreality/Entities/Votum Inchoatum.md,yes,.md
Ophidian Vessels.md,I - Pleroma Archive/World/Locations/Eos Multiverse/The Dark Forest Zone/Local Cluster/Unreality/Entities/Ophidian Vessels.md,New Readers Start Here/I - Pleroma Archive/World/Locations/Eos Multiverse/The Dark Forest Zone/Local Cluster/Unreality/Entities/Ophidian Vessels.md,yes,.md
Entities.md,I - Pleroma Archive/World/Locations/Eos Multiverse/The Dark Forest Zone/Local Cluster/Unreality/Entities/Entities.md,New Readers Start Here/I - Pleroma Archive/World/Locations/Eos Multiverse/The Dark Forest Zone/Local Cluster/Unreality/Entities/Entities.md,yes,.md
New Urusalim.md,I - Pleroma Archive/World/Locations/Eos Multiverse/The Gnostic Expanse/Mirror Earth (2076)/City States/New Urusalim/New Urusalim.md,New Readers Start Here/I - Pleroma Archive/World/Locations/Eos Multiverse/The Gnostic Expanse/Mirror Earth (2076)/City States/New Urusalim/New Urusalim.md,yes,.md
THE UNDERCITY.md,I - Pleroma Archive/World/Locations/Eos Multiverse/The Gnostic Expanse/Mirror Earth (2076)/City States/New Urusalim/THE UNDERCITY.md,New Readers Start Here/I - Pleroma Archive/World/Locations/Eos Multiverse/The Gnostic Expanse/Mirror Earth (2076)/City States/New Urusalim/THE UNDERCITY.md,yes,.md
Submersible Carrier.md,I - Pleroma Archive/World/Civilizations/Dominion/Military/Military Overview/Vessels/Subsurface/Submersible Carrier.md,New Readers Start Here/I - Pleroma Archive/World/Civilizations/Dominion/Military/Military Overview/Vessels/Subsurface/Submersible Carrier.md,yes,.md
Deep Sea Submarine.md,I - Pleroma Archive/World/Civilizations/Dominion/Military/Military Overview/Vessels/Subsurface/Deep Sea Submarine.md,New Readers Start Here/I - Pleroma Archive/World/Civilizations/Dominion/Military/Military Overview/Vessels/Subsurface/Deep Sea Submarine.md,yes,.md
Submarine Carrier.md,I - Pleroma Archive/World/Civilizations/Dominion/Military/Military Overview/Vessels/Subsurface/Submarine Carrier.md,New Readers Start Here/I - Pleroma Archive/World/Civilizations/Dominion/Military/Military Overview/Vessels/Subsurface/Submarine Carrier.md,yes,.md
Terrestrial Carrier.md,I - Pleroma Archive/World/Civilizations/Dominion/Military/Military Overview/Vessels/Surface/Terrestrial Carrier.md,New Readers Start Here/I - Pleroma Archive/World/Civilizations/Dominion/Military/Military Overview/Vessels/Surface/Terrestrial Carrier.md,yes,.md
Corvettes.md,I - Pleroma Archive/World/Civilizations/Dominion/Military/Military Overview/Vessels/Space/Corvettes.md,New Readers Start Here/I - Pleroma Archive/World/Civilizations/Dominion/Military/Military Overview/Vessels/Space/Corvettes.md,yes,.md
Patrol Craft.md,I - Pleroma Archive/World/Civilizations/Dominion/Military/Military Overview/Vessels/Space/Patrol Craft.md,New Readers Start Here/I - Pleroma Archive/World/Civilizations/Dominion/Military/Military Overview/Vessels/Space/Patrol Craft.md,yes,.md
Destroyers.md,I - Pleroma Archive/World/Civilizations/Dominion/Military/Military Overview/Vessels/Space/Destroyers.md,New Readers Start Here/I - Pleroma Archive/World/Civilizations/Dominion/Military/Military Overview/Vessels/Space/Destroyers.md,yes,.md
Supply Ships.md,I - Pleroma Archive/World/Civilizations/Dominion/Military/Military Overview/Vessels/Space/Supply Ships.md,New Readers Start Here/I - Pleroma Archive/World/Civilizations/Dominion/Military/Military Overview/Vessels/Space/Supply Ships.md,yes,.md
World Ship__Space__aa8f711b.md,I - Pleroma Archive/World/Civilizations/Dominion/Military/Military Overview/Vessels/Space/World Ship.md,New Readers Start Here/I - Pleroma Archive/World/Civilizations/Dominion/Military/Military Overview/Vessels/Space/World Ship.md,yes,.md
Cruisers.md,I - Pleroma Archive/World/Civilizations/Dominion/Military/Military Overview/Vessels/Space/Cruisers.md,New Readers Start Here/I - Pleroma Archive/World/Civilizations/Dominion/Military/Military Overview/Vessels/Space/Cruisers.md,yes,.md
Super Carriers.md,I - Pleroma Archive/World/Civilizations/Dominion/Military/Military Overview/Vessels/Space/Super Carriers.md,New Readers Start Here/I - Pleroma Archive/World/Civilizations/Dominion/Military/Military Overview/Vessels/Space/Super Carriers.md,yes,.md
Carriers.md,I - Pleroma Archive/World/Civilizations/Dominion/Military/Military Overview/Vessels/Space/Carriers.md,New Readers Start Here/I - Pleroma Archive/World/Civilizations/Dominion/Military/Military Overview/Vessels/Space/Carriers.md,yes,.md
Dreadnoughts.md,I - Pleroma Archive/World/Civilizations/Dominion/Military/Military Overview/Vessels/Space/Dreadnoughts.md,New Readers Start Here/I - Pleroma Archive/World/Civilizations/Dominion/Military/Military Overview/Vessels/Space/Dreadnoughts.md,yes,.md
Frigates.md,I - Pleroma Archive/World/Civilizations/Dominion/Military/Military Overview/Vessels/Space/Frigates.md,New Readers Start Here/I - Pleroma Archive/World/Civilizations/Dominion/Military/Military Overview/Vessels/Space/Frigates.md,yes,.md
Battleships.md,I - Pleroma Archive/World/Civilizations/Dominion/Military/Military Overview/Vessels/Space/Battleships.md,New Readers Start Here/I - Pleroma Archive/World/Civilizations/Dominion/Military/Military Overview/Vessels/Space/Battleships.md,yes,.md
Battlecruisers.md,I - Pleroma Archive/World/Civilizations/Dominion/Military/Military Overview/Vessels/Space/Battlecruisers.md,New Readers Start Here/I - Pleroma Archive/World/Civilizations/Dominion/Military/Military Overview/Vessels/Space/Battlecruisers.md,yes,.md
Titans__Space__471a709d.md,I - Pleroma Archive/World/Civilizations/Dominion/Military/Military Overview/Vessels/Space/Titans.md,New Readers Start Here/I - Pleroma Archive/World/Civilizations/Dominion/Military/Military Overview/Vessels/Space/Titans.md,yes,.md
M.S.T.md,I - Pleroma Archive/World/Civilizations/Dominion/Military/Military Overview/Vessels/Space/M.S.T.md,New Readers Start Here/I - Pleroma Archive/World/Civilizations/Dominion/Military/Military Overview/Vessels/Space/M.S.T.md,yes,.md
No Man's Land.md,I - Pleroma Archive/World/Civilizations/Dominion/Military/Military Overview/Weapon Platforms/Citadels/No Man's Land.md,New Readers Start Here/I - Pleroma Archive/World/Civilizations/Dominion/Military/Military Overview/Weapon Platforms/Citadels/No Man's Land.md,yes,.md
Citadel Sentinels.md,I - Pleroma Archive/World/Civilizations/Dominion/Military/Military Overview/Weapon Platforms/Citadels/Citadel Sentinels.md,New Readers Start Here/I - Pleroma Archive/World/Civilizations/Dominion/Military/Military Overview/Weapon Platforms/Citadels/Citadel Sentinels.md,yes,.md
Citadels.md,I - Pleroma Archive/World/Civilizations/Dominion/Military/Military Overview/Weapon Platforms/Citadels/Citadels.md,New Readers Start Here/I - Pleroma Archive/World/Civilizations/Dominion/Military/Military Overview/Weapon Platforms/Citadels/Citadels.md,yes,.md
Cataclysm Dreadmarch.md,I - Pleroma Archive/World/Civilizations/Dominion/Military/Royal Military/Legions/Verarch/Cataclysm Dreadmarch.md,New Readers Start Here/I - Pleroma Archive/World/Civilizations/Dominion/Military/Royal Military/Legions/Verarch/Cataclysm Dreadmarch.md,yes,.md
Cathmor Neryssa.md,I - Pleroma Archive/World/Civilizations/Dominion/Military/Royal Military/Legions/Verarch/Cathmor Neryssa.md,New Readers Start Here/I - Pleroma Archive/World/Civilizations/Dominion/Military/Royal Military/Legions/Verarch/Cathmor Neryssa.md,yes,.md
Sethan Khepra.md,I - Pleroma Archive/World/Civilizations/Dominion/Military/Royal Military/Legions/Verarch/Sethan Khepra.md,New Readers Start Here/I - Pleroma Archive/World/Civilizations/Dominion/Military/Royal Military/Legions/Verarch/Sethan Khepra.md,yes,.md
Noctis Vehemar.md,I - Pleroma Archive/World/Civilizations/Dominion/Military/Royal Military/Legions/Verarch/Noctis Vehemar.md,New Readers Start Here/I - Pleroma Archive/World/Civilizations/Dominion/Military/Royal Military/Legions/Verarch/Noctis Vehemar.md,yes,.md
Justicar Titus Invictus.md,I - Pleroma Archive/World/Civilizations/Dominion/Military/Royal Military/Legions/Verarch/Justicar Titus Invictus.md,New Readers Start Here/I - Pleroma Archive/World/Civilizations/Dominion/Military/Royal Military/Legions/Verarch/Justicar Titus Invictus.md,yes,.md
Aurelion Custivar.md,I - Pleroma Archive/World/Civilizations/Dominion/Military/Royal Military/Legions/Verarch/Aurelion Custivar.md,New Readers Start Here/I - Pleroma Archive/World/Civilizations/Dominion/Military/Royal Military/Legions/Verarch/Aurelion Custivar.md,yes,.md
Shiori Kurohane.md,I - Pleroma Archive/World/Civilizations/Dominion/Military/Royal Military/Legions/Verarch/Shiori Kurohane.md,New Readers Start Here/I - Pleroma Archive/World/Civilizations/Dominion/Military/Royal Military/Legions/Verarch/Shiori Kurohane.md,yes,.md
Sepulchar Veythos.md,I - Pleroma Archive/World/Civilizations/Dominion/Military/Royal Military/Legions/Verarch/Sepulchar Veythos.md,New Readers Start Here/I - Pleroma Archive/World/Civilizations/Dominion/Military/Royal Military/Legions/Verarch/Sepulchar Veythos.md,yes,.md
The Coil-Lord.md,I - Pleroma Archive/World/Civilizations/Dominion/Military/Royal Military/Legions/Verarch/The Coil-Lord.md,New Readers Start Here/I - Pleroma Archive/World/Civilizations/Dominion/Military/Royal Military/Legions/Verarch/The Coil-Lord.md,yes,.md
Ignivar Solthros.md,I - Pleroma Archive/World/Civilizations/Dominion/Military/Royal Military/Legions/Verarch/Ignivar Solthros.md,New Readers Start Here/I - Pleroma Archive/World/Civilizations/Dominion/Military/Royal Military/Legions/Verarch/Ignivar Solthros.md,yes,.md
The Keeper of Chains.md,I - Pleroma Archive/World/Civilizations/Dominion/Military/Royal Military/Legions/Verarch/The Keeper of Chains.md,New Readers Start Here/I - Pleroma Archive/World/Civilizations/Dominion/Military/Royal Military/Legions/Verarch/The Keeper of Chains.md,yes,.md
Oblivar Seneschal.md,I - Pleroma Archive/World/Civilizations/Dominion/Military/Royal Military/Legions/Verarch/Oblivar Seneschal.md,New Readers Start Here/I - Pleroma Archive/World/Civilizations/Dominion/Military/Royal Military/Legions/Verarch/Oblivar Seneschal.md,yes,.md
Vorgrath Hroth.md,I - Pleroma Archive/World/Civilizations/Dominion/Military/Royal Military/Legions/Verarch/Vorgrath Hroth.md,New Readers Start Here/I - Pleroma Archive/World/Civilizations/Dominion/Military/Royal Military/Legions/Verarch/Vorgrath Hroth.md,yes,.md
Kobann Orunfel.md,I - Pleroma Archive/World/Civilizations/Dominion/Military/Royal Military/Legions/Verarch/Kobann Orunfel.md,New Readers Start Here/I - Pleroma Archive/World/Civilizations/Dominion/Military/Royal Military/Legions/Verarch/Kobann Orunfel.md,yes,.md
Aurelius C├ªlestarch.md,I - Pleroma Archive/World/Civilizations/Dominion/Military/Royal Military/Legions/Verarch/Aurelius C├ªlestarch.md,New Readers Start Here/I - Pleroma Archive/World/Civilizations/Dominion/Military/Royal Military/Legions/Verarch/Aurelius C├ªlestarch.md,yes,.md
Arkan Veylor.md,I - Pleroma Archive/World/Civilizations/Dominion/Military/Royal Military/Legions/Verarch/Arkan Veylor.md,New Readers Start Here/I - Pleroma Archive/World/Civilizations/Dominion/Military/Royal Military/Legions/Verarch/Arkan Veylor.md,yes,.md
The Shepherd-Parent.md,I - Pleroma Archive/World/Civilizations/Dominion/Military/Royal Military/Legions/Verarch/The Shepherd-Parent.md,New Readers Start Here/I - Pleroma Archive/World/Civilizations/Dominion/Military/Royal Military/Legions/Verarch/The Shepherd-Parent.md,yes,.md
Valerius Drakon.md,I - Pleroma Archive/World/Civilizations/Dominion/Military/Royal Military/Legions/Verarch/Valerius Drakon.md,New Readers Start Here/I - Pleroma Archive/World/Civilizations/Dominion/Military/Royal Military/Legions/Verarch/Valerius Drakon.md,yes,.md
Bastion Ironeid.md,I - Pleroma Archive/World/Civilizations/Dominion/Military/Royal Military/Legions/Verarch/Bastion Ironeid.md,New Readers Start Here/I - Pleroma Archive/World/Civilizations/Dominion/Military/Royal Military/Legions/Verarch/Bastion Ironeid.md,yes,.md
Solene Ardentia.md,I - Pleroma Archive/World/Civilizations/Dominion/Military/Royal Military/Legions/Verarch/Solene Ardentia.md,New Readers Start Here/I - Pleroma Archive/World/Civilizations/Dominion/Military/Royal Military/Legions/Verarch/Solene Ardentia.md,yes,.md
Verarch.md,I - Pleroma Archive/World/Civilizations/Dominion/Military/Royal Military/Legions/Verarch/Verarch.md,New Readers Start Here/I - Pleroma Archive/World/Civilizations/Dominion/Military/Royal Military/Legions/Verarch/Verarch.md,yes,.md
Tempestor Veyrun.md,I - Pleroma Archive/World/Civilizations/Dominion/Military/Royal Military/Legions/Verarch/Tempestor Veyrun.md,New Readers Start Here/I - Pleroma Archive/World/Civilizations/Dominion/Military/Royal Military/Legions/Verarch/Tempestor Veyrun.md,yes,.md
Dominarch Ezkhariel.md,I - Pleroma Archive/World/Civilizations/Dominion/Military/Royal Military/Legions/Verarch/Dominarch Ezkhariel.md,New Readers Start Here/I - Pleroma Archive/World/Civilizations/Dominion/Military/Royal Military/Legions/Verarch/Dominarch Ezkhariel.md,yes,.md
Thanekhet Osiron.md,I - Pleroma Archive/World/Civilizations/Dominion/Military/Royal Military/Legions/Verarch/Thanekhet Osiron.md,New Readers Start Here/I - Pleroma Archive/World/Civilizations/Dominion/Military/Royal Military/Legions/Verarch/Thanekhet Osiron.md,yes,.md
Xolotl Quenari.md,I - Pleroma Archive/World/Civilizations/Dominion/Military/Royal Military/Legions/Verarch/Xolotl Quenari.md,New Readers Start Here/I - Pleroma Archive/World/Civilizations/Dominion/Military/Royal Military/Legions/Verarch/Xolotl Quenari.md,yes,.md
Pyraxis Dominor.md,I - Pleroma Archive/World/Civilizations/Dominion/Military/Royal Military/Legions/Verarch/Pyraxis Dominor.md,New Readers Start Here/I - Pleroma Archive/World/Civilizations/Dominion/Military/Royal Military/Legions/Verarch/Pyraxis Dominor.md,yes,.md
Nyxion Charos.md,I - Pleroma Archive/World/Civilizations/Dominion/Military/Royal Military/Legions/Verarch/Nyxion Charos.md,New Readers Start Here/I - Pleroma Archive/World/Civilizations/Dominion/Military/Royal Military/Legions/Verarch/Nyxion Charos.md,yes,.md
Legio Abyssii Ultis.md,I - Pleroma Archive/World/Civilizations/Dominion/Military/Royal Military/Legions/Choirs/Legio Abyssii Ultis.md,New Readers Start Here/I - Pleroma Archive/World/Civilizations/Dominion/Military/Royal Military/Legions/Choirs/Legio Abyssii Ultis.md,yes,.md
Choirs.md,I - Pleroma Archive/World/Civilizations/Dominion/Military/Royal Military/Legions/Choirs/Choirs.md,New Readers Start Here/I - Pleroma Archive/World/Civilizations/Dominion/Military/Royal Military/Legions/Choirs/Choirs.md,yes,.md
Legio Ehreia.md,I - Pleroma Archive/World/Civilizations/Dominion/Military/Royal Military/Legions/Choirs/Legio Ehreia.md,New Readers Start Here/I - Pleroma Archive/World/Civilizations/Dominion/Military/Royal Military/Legions/Choirs/Legio Ehreia.md,yes,.md
Legio Navigatoris Primis.md,I - Pleroma Archive/World/Civilizations/Dominion/Military/Royal Military/Legions/Choirs/Legio Navigatoris Primis.md,New Readers Start Here/I - Pleroma Archive/World/Civilizations/Dominion/Military/Royal Military/Legions/Choirs/Legio Navigatoris Primis.md,yes,.md
Legio Sanctus.md,I - Pleroma Archive/World/Civilizations/Dominion/Military/Royal Military/Legions/Choirs/Legio Sanctus.md,New Readers Start Here/I - Pleroma Archive/World/Civilizations/Dominion/Military/Royal Military/Legions/Choirs/Legio Sanctus.md,yes,.md
Gabriel's horn.md,I - Pleroma Archive/World/Civilizations/Dominion/Military/Royal Military/Legions/Doctrines/Gabriel's horn.md,New Readers Start Here/I - Pleroma Archive/World/Civilizations/Dominion/Military/Royal Military/Legions/Doctrines/Gabriel's horn.md,yes,.md
Vel__Exemplars__d30f5cd7.md,I - Pleroma Archive/World/Civilizations/Dominion/Military/Royal Military/Legions/Exemplars/Vel.md,New Readers Start Here/I - Pleroma Archive/World/Civilizations/Dominion/Military/Royal Military/Legions/Exemplars/Vel.md,yes,.md
Seraphyne Kaelor.md,I - Pleroma Archive/World/Civilizations/Dominion/Military/Royal Military/Legions/Exemplars/Seraphyne Kaelor.md,New Readers Start Here/I - Pleroma Archive/World/Civilizations/Dominion/Military/Royal Military/Legions/Exemplars/Seraphyne Kaelor.md,yes,.md
Exemplars.md,I - Pleroma Archive/World/Civilizations/Dominion/Military/Royal Military/Legions/Exemplars/Exemplars.md,New Readers Start Here/I - Pleroma Archive/World/Civilizations/Dominion/Military/Royal Military/Legions/Exemplars/Exemplars.md,yes,.md
Untitled__Characters__b7431d56.md,I - Pleroma Archive/World/Civilizations/Dominion/Culture & Society/Philosophy & Ideology/Auroi/Characters/Untitled.md,New Readers Start Here/I - Pleroma Archive/World/Civilizations/Dominion/Culture & Society/Philosophy & Ideology/Auroi/Characters/Untitled.md,yes,.md
Kael of the Broken Chord.md,I - Pleroma Archive/World/Civilizations/Dominion/Culture & Society/Philosophy & Ideology/Auroi/Characters/Kael of the Broken Chord.md,New Readers Start Here/I - Pleroma Archive/World/Civilizations/Dominion/Culture & Society/Philosophy & Ideology/Auroi/Characters/Kael of the Broken Chord.md,yes,.md
Sereva of the Shifting Veil.md,I - Pleroma Archive/World/Civilizations/Dominion/Culture & Society/Philosophy & Ideology/Auroi/Characters/Sereva of the Shifting Veil.md,New Readers Start Here/I - Pleroma Archive/World/Civilizations/Dominion/Culture & Society/Philosophy & Ideology/Auroi/Characters/Sereva of the Shifting Veil.md,yes,.md
Dareph Kaen.md,I - Pleroma Archive/World/Civilizations/Dominion/Culture & Society/Philosophy & Ideology/Auroi/Characters/Dareph Kaen.md,New Readers Start Here/I - Pleroma Archive/World/Civilizations/Dominion/Culture & Society/Philosophy & Ideology/Auroi/Characters/Dareph Kaen.md,yes,.md
Flora.md,I - Pleroma Archive/World/Civilizations/Dominion/Locations/Harmina/Native Life/Flora/Flora.md,New Readers Start Here/I - Pleroma Archive/World/Civilizations/Dominion/Locations/Harmina/Native Life/Flora/Flora.md,yes,.md
Vegetation.md,I - Pleroma Archive/World/Civilizations/Dominion/Locations/Harmina/Native Life/Flora/Vegetation.md,New Readers Start Here/I - Pleroma Archive/World/Civilizations/Dominion/Locations/Harmina/Native Life/Flora/Vegetation.md,yes,.md
Fauna.md,I - Pleroma Archive/World/Civilizations/Dominion/Locations/Harmina/Native Life/Fauna/Fauna.md,New Readers Start Here/I - Pleroma Archive/World/Civilizations/Dominion/Locations/Harmina/Native Life/Fauna/Fauna.md,yes,.md
Royal Army.md,I - Pleroma Archive/World/Civilizations/Dominion/Overview/Faction Profile/The Equilion Union/The Equilion Military/Royal Army.md,New Readers Start Here/I - Pleroma Archive/World/Civilizations/Dominion/Overview/Faction Profile/The Equilion Union/The Equilion Military/Royal Army.md,yes,.md
The Union Army.md,I - Pleroma Archive/World/Civilizations/Dominion/Overview/Faction Profile/The Equilion Union/The Equilion Military/The Union Army.md,New Readers Start Here/I - Pleroma Archive/World/Civilizations/Dominion/Overview/Faction Profile/The Equilion Union/The Equilion Military/The Union Army.md,yes,.md
The Equilion Military.md,I - Pleroma Archive/World/Civilizations/Dominion/Overview/Faction Profile/The Equilion Union/The Equilion Military/The Equilion Military.md,New Readers Start Here/I - Pleroma Archive/World/Civilizations/Dominion/Overview/Faction Profile/The Equilion Union/The Equilion Military/The Equilion Military.md,yes,.md
Untitled__The Equilon States__8e2b9504.md,I - Pleroma Archive/World/Civilizations/Dominion/Overview/Faction Profile/The Equilion Union/The Equilon States/Untitled.md,New Readers Start Here/I - Pleroma Archive/World/Civilizations/Dominion/Overview/Faction Profile/The Equilion Union/The Equilon States/Untitled.md,yes,.md
The Equilon States.md,I - Pleroma Archive/World/Civilizations/Dominion/Overview/Faction Profile/The Equilion Union/The Equilon States/The Equilon States.md,New Readers Start Here/I - Pleroma Archive/World/Civilizations/Dominion/Overview/Faction Profile/The Equilion Union/The Equilon States/The Equilon States.md,yes,.md
Channel Table.md,I - Pleroma Archive/World/Locations/Eos Multiverse/The Aphotic Zone/Concordia/Concordia/Magick/Tables/Channel Table.md,New Readers Start Here/I - Pleroma Archive/World/Locations/Eos Multiverse/The Aphotic Zone/Concordia/Concordia/Magick/Tables/Channel Table.md,yes,.md
Transcendent Table.md,I - Pleroma Archive/World/Locations/Eos Multiverse/The Aphotic Zone/Concordia/Concordia/Magick/Tables/Transcendent Table.md,New Readers Start Here/I - Pleroma Archive/World/Locations/Eos Multiverse/The Aphotic Zone/Concordia/Concordia/Magick/Tables/Transcendent Table.md,yes,.md
Aether Table.md,I - Pleroma Archive/World/Locations/Eos Multiverse/The Aphotic Zone/Concordia/Concordia/Magick/Tables/Aether Table.md,New Readers Start Here/I - Pleroma Archive/World/Locations/Eos Multiverse/The Aphotic Zone/Concordia/Concordia/Magick/Tables/Aether Table.md,yes,.md
World Trees.md,I - Pleroma Archive/World/Locations/Eos Multiverse/The Aphotic Zone/Concordia/Concordia/World/World Networks/World Trees.md,New Readers Start Here/I - Pleroma Archive/World/Locations/Eos Multiverse/The Aphotic Zone/Concordia/Concordia/World/World Networks/World Trees.md,yes,.md
Tessellated_Exoderm.md,I - Pleroma Archive/World/Locations/Eos Multiverse/The Aphotic Zone/Concordia/Concordia/World/World Networks/Tessellated_Exoderm.md,New Readers Start Here/I - Pleroma Archive/World/Locations/Eos Multiverse/The Aphotic Zone/Concordia/Concordia/World/World Networks/Tessellated_Exoderm.md,yes,.md
Aether Crown.md,I - Pleroma Archive/World/Locations/Eos Multiverse/The Aphotic Zone/Concordia/Concordia/World/Layers/Aether Crown.md,New Readers Start Here/I - Pleroma Archive/World/Locations/Eos Multiverse/The Aphotic Zone/Concordia/Concordia/World/Layers/Aether Crown.md,yes,.md
Mythic Expanse.md,I - Pleroma Archive/World/Locations/Eos Multiverse/The Aphotic Zone/Concordia/Concordia/World/Layers/Mythic Expanse.md,New Readers Start Here/I - Pleroma Archive/World/Locations/Eos Multiverse/The Aphotic Zone/Concordia/Concordia/World/Layers/Mythic Expanse.md,yes,.md
Telluria.md,I - Pleroma Archive/World/Locations/Eos Multiverse/The Aphotic Zone/Concordia/Concordia/World/Layers/Telluria.md,New Readers Start Here/I - Pleroma Archive/World/Locations/Eos Multiverse/The Aphotic Zone/Concordia/Concordia/World/Layers/Telluria.md,yes,.md
Deadlands.md,I - Pleroma Archive/World/Locations/Eos Multiverse/The Aphotic Zone/Concordia/Concordia/World/Layers/Deadlands.md,New Readers Start Here/I - Pleroma Archive/World/Locations/Eos Multiverse/The Aphotic Zone/Concordia/Concordia/World/Layers/Deadlands.md,yes,.md
Depths.md,I - Pleroma Archive/World/Locations/Eos Multiverse/The Aphotic Zone/Concordia/Concordia/World/Layers/Depths.md,New Readers Start Here/I - Pleroma Archive/World/Locations/Eos Multiverse/The Aphotic Zone/Concordia/Concordia/World/Layers/Depths.md,yes,.md
Skyreach.md,I - Pleroma Archive/World/Locations/Eos Multiverse/The Aphotic Zone/Concordia/Concordia/World/Layers/Skyreach.md,New Readers Start Here/I - Pleroma Archive/World/Locations/Eos Multiverse/The Aphotic Zone/Concordia/Concordia/World/Layers/Skyreach.md,yes,.md
Abyss.md,I - Pleroma Archive/World/Locations/Eos Multiverse/The Aphotic Zone/Concordia/Concordia/World/Layers/Abyss.md,New Readers Start Here/I - Pleroma Archive/World/Locations/Eos Multiverse/The Aphotic Zone/Concordia/Concordia/World/Layers/Abyss.md,yes,.md
Yondor.md,I - Pleroma Archive/World/Locations/Eos Multiverse/The Aphotic Zone/Concordia/Concordia/World/Layers/Yondor.md,New Readers Start Here/I - Pleroma Archive/World/Locations/Eos Multiverse/The Aphotic Zone/Concordia/Concordia/World/Layers/Yondor.md,yes,.md
Dreamveil.md,I - Pleroma Archive/World/Locations/Eos Multiverse/The Aphotic Zone/Concordia/Concordia/World/Layers/Dreamveil.md,New Readers Start Here/I - Pleroma Archive/World/Locations/Eos Multiverse/The Aphotic Zone/Concordia/Concordia/World/Layers/Dreamveil.md,yes,.md
Ley-seas.md,I - Pleroma Archive/World/Locations/Eos Multiverse/The Aphotic Zone/Concordia/Concordia/World/Layers/Ley-seas.md,New Readers Start Here/I - Pleroma Archive/World/Locations/Eos Multiverse/The Aphotic Zone/Concordia/Concordia/World/Layers/Ley-seas.md,yes,.md
City States.md,I - Pleroma Archive/World/Locations/Eos Multiverse/The Aphotic Zone/Concordia/Concordia/Locations/City States/City States.md,New Readers Start Here/I - Pleroma Archive/World/Locations/Eos Multiverse/The Aphotic Zone/Concordia/Concordia/Locations/City States/City States.md,yes,.md
Untitled__Nations__a44330dd.md,I - Pleroma Archive/World/Locations/Eos Multiverse/The Aphotic Zone/Concordia/Concordia/Factions/Nations/Untitled.md,New Readers Start Here/I - Pleroma Archive/World/Locations/Eos Multiverse/The Aphotic Zone/Concordia/Concordia/Factions/Nations/Untitled.md,yes,.md
Call from Paradise.md,I - Pleroma Archive/World/Civilizations/Dominion/Military/Royal Military/Legions/Foundings/Dominicus Secundus/Call from Paradise.md,New Readers Start Here/I - Pleroma Archive/World/Civilizations/Dominion/Military/Royal Military/Legions/Foundings/Dominicus Secundus/Call from Paradise.md,yes,.md
Dominicus Secundus.md,I - Pleroma Archive/World/Civilizations/Dominion/Military/Royal Military/Legions/Foundings/Dominicus Secundus/Dominicus Secundus.md,New Readers Start Here/I - Pleroma Archive/World/Civilizations/Dominion/Military/Royal Military/Legions/Foundings/Dominicus Secundus/Dominicus Secundus.md,yes,.md
Primus Relic Status.md,I - Pleroma Archive/World/Civilizations/Dominion/Military/Royal Military/Legions/Foundings/Dominicus Secundus/Primus Relic Status.md,New Readers Start Here/I - Pleroma Archive/World/Civilizations/Dominion/Military/Royal Military/Legions/Foundings/Dominicus Secundus/Primus Relic Status.md,yes,.md
Primus Founding.md,I - Pleroma Archive/World/Civilizations/Dominion/Military/Royal Military/Legions/Foundings/Primus Founding/Primus Founding.md,New Readers Start Here/I - Pleroma Archive/World/Civilizations/Dominion/Military/Royal Military/Legions/Foundings/Primus Founding/Primus Founding.md,yes,.md
Dominium Triumvirate.md,I - Pleroma Archive/World/Civilizations/Dominion/Military/Royal Military/Legions/Foundings/Dominium Triumvirate/Dominium Triumvirate.md,New Readers Start Here/I - Pleroma Archive/World/Civilizations/Dominion/Military/Royal Military/Legions/Foundings/Dominium Triumvirate/Dominium Triumvirate.md,yes,.md
Specimen Record.md,I - Pleroma Archive/World/Civilizations/Dominion/Locations/Harmina/Native Life/Fauna/Specimen Record/Specimen Record.md,New Readers Start Here/I - Pleroma Archive/World/Civilizations/Dominion/Locations/Harmina/Native Life/Fauna/Specimen Record/Specimen Record.md,yes,.md
Rift Stalker.md,I - Pleroma Archive/World/Civilizations/Dominion/Locations/Harmina/Native Life/Fauna/Specimen Record/Rift Stalker.md,New Readers Start Here/I - Pleroma Archive/World/Civilizations/Dominion/Locations/Harmina/Native Life/Fauna/Specimen Record/Rift Stalker.md,yes,.md
Wendralith.md,I - Pleroma Archive/World/Civilizations/Dominion/Locations/Harmina/Native Life/Fauna/Specimen Record/Wendralith.md,New Readers Start Here/I - Pleroma Archive/World/Civilizations/Dominion/Locations/Harmina/Native Life/Fauna/Specimen Record/Wendralith.md,yes,.md
VaelΓÇÖThyrix.md,I - Pleroma Archive/World/Civilizations/Dominion/Locations/Harmina/Native Life/Fauna/Specimen Record/VaelΓÇÖThyrix.md,New Readers Start Here/I - Pleroma Archive/World/Civilizations/Dominion/Locations/Harmina/Native Life/Fauna/Specimen Record/VaelΓÇÖThyrix.md,yes,.md
VorΓÇÖKaal.md,I - Pleroma Archive/World/Civilizations/Dominion/Locations/Harmina/Native Life/Fauna/Specimen Record/VorΓÇÖKaal.md,New Readers Start Here/I - Pleroma Archive/World/Civilizations/Dominion/Locations/Harmina/Native Life/Fauna/Specimen Record/VorΓÇÖKaal.md,yes,.md
Aethorion.md,I - Pleroma Archive/World/Civilizations/Dominion/Locations/Harmina/Native Life/Fauna/Specimen Record/Aethorion.md,New Readers Start Here/I - Pleroma Archive/World/Civilizations/Dominion/Locations/Harmina/Native Life/Fauna/Specimen Record/Aethorion.md,yes,.md
Ravayn.md,I - Pleroma Archive/World/Civilizations/Dominion/Locations/Harmina/Native Life/Fauna/Specimen Record/Ravayn.md,New Readers Start Here/I - Pleroma Archive/World/Civilizations/Dominion/Locations/Harmina/Native Life/Fauna/Specimen Record/Ravayn.md,yes,.md
KhorrΓÇÖVael.md,I - Pleroma Archive/World/Civilizations/Dominion/Locations/Harmina/Native Life/Fauna/Specimen Record/KhorrΓÇÖVael.md,New Readers Start Here/I - Pleroma Archive/World/Civilizations/Dominion/Locations/Harmina/Native Life/Fauna/Specimen Record/KhorrΓÇÖVael.md,yes,.md
Abyssal Seraph.md,I - Pleroma Archive/World/Civilizations/Dominion/Locations/Harmina/Native Life/Fauna/Specimen Record/Abyssal Seraph.md,New Readers Start Here/I - Pleroma Archive/World/Civilizations/Dominion/Locations/Harmina/Native Life/Fauna/Specimen Record/Abyssal Seraph.md,yes,.md
Cerathrax.md,I - Pleroma Archive/World/Civilizations/Dominion/Locations/Harmina/Native Life/Fauna/Specimen Record/Cerathrax.md,New Readers Start Here/I - Pleroma Archive/World/Civilizations/Dominion/Locations/Harmina/Native Life/Fauna/Specimen Record/Cerathrax.md,yes,.md
Thalassor.md,I - Pleroma Archive/World/Civilizations/Dominion/Locations/Harmina/Native Life/Fauna/Specimen Record/Thalassor.md,New Readers Start Here/I - Pleroma Archive/World/Civilizations/Dominion/Locations/Harmina/Native Life/Fauna/Specimen Record/Thalassor.md,yes,.md
Vorathyn.md,I - Pleroma Archive/World/Civilizations/Dominion/Locations/Harmina/Native Life/Fauna/Specimen Record/Vorathyn.md,New Readers Start Here/I - Pleroma Archive/World/Civilizations/Dominion/Locations/Harmina/Native Life/Fauna/Specimen Record/Vorathyn.md,yes,.md
Threxon.md,I - Pleroma Archive/World/Civilizations/Dominion/Locations/Harmina/Native Life/Fauna/Specimen Record/Threxon.md,New Readers Start Here/I - Pleroma Archive/World/Civilizations/Dominion/Locations/Harmina/Native Life/Fauna/Specimen Record/Threxon.md,yes,.md
Elythrax.md,I - Pleroma Archive/World/Civilizations/Dominion/Locations/Harmina/Native Life/Fauna/Specimen Record/Elythrax.md,New Readers Start Here/I - Pleroma Archive/World/Civilizations/Dominion/Locations/Harmina/Native Life/Fauna/Specimen Record/Elythrax.md,yes,.md
NarthalΓÇÖVex.md,I - Pleroma Archive/World/Civilizations/Dominion/Locations/Harmina/Native Life/Fauna/Specimen Record/NarthalΓÇÖVex.md,New Readers Start Here/I - Pleroma Archive/World/Civilizations/Dominion/Locations/Harmina/Native Life/Fauna/Specimen Record/NarthalΓÇÖVex.md,yes,.md
Abythra.md,I - Pleroma Archive/World/Civilizations/Dominion/Locations/Harmina/Native Life/Fauna/Specimen Record/Abythra.md,New Readers Start Here/I - Pleroma Archive/World/Civilizations/Dominion/Locations/Harmina/Native Life/Fauna/Specimen Record/Abythra.md,yes,.md
SolΓÇÖDrath.md,I - Pleroma Archive/World/Civilizations/Dominion/Locations/Harmina/Native Life/Fauna/Specimen Record/SolΓÇÖDrath.md,New Readers Start Here/I - Pleroma Archive/World/Civilizations/Dominion/Locations/Harmina/Native Life/Fauna/Specimen Record/SolΓÇÖDrath.md,yes,.md
Guild of Artificers.md,I - Pleroma Archive/World/Locations/Eos Multiverse/The Aphotic Zone/Concordia/Concordia/Factions/Guilds/Common Guilds/Guild of Artificers.md,New Readers Start Here/I - Pleroma Archive/World/Locations/Eos Multiverse/The Aphotic Zone/Concordia/Concordia/Factions/Guilds/Common Guilds/Guild of Artificers.md,yes,.md
IlluminatorsΓÇÖ Guild.md,I - Pleroma Archive/World/Locations/Eos Multiverse/The Aphotic Zone/Concordia/Concordia/Factions/Guilds/Common Guilds/IlluminatorsΓÇÖ Guild.md,New Readers Start Here/I - Pleroma Archive/World/Locations/Eos Multiverse/The Aphotic Zone/Concordia/Concordia/Factions/Guilds/Common Guilds/IlluminatorsΓÇÖ Guild.md,yes,.md
Resonant Circle.md,I - Pleroma Archive/World/Locations/Eos Multiverse/The Aphotic Zone/Concordia/Concordia/Factions/Guilds/Common Guilds/Resonant Circle.md,New Readers Start Here/I - Pleroma Archive/World/Locations/Eos Multiverse/The Aphotic Zone/Concordia/Concordia/Factions/Guilds/Common Guilds/Resonant Circle.md,yes,.md
HydramancersΓÇÖ Concord.md,I - Pleroma Archive/World/Locations/Eos Multiverse/The Aphotic Zone/Concordia/Concordia/Factions/Guilds/Common Guilds/HydramancersΓÇÖ Concord.md,New Readers Start Here/I - Pleroma Archive/World/Locations/Eos Multiverse/The Aphotic Zone/Concordia/Concordia/Factions/Guilds/Common Guilds/HydramancersΓÇÖ Concord.md,yes,.md
MythographersΓÇÖ Lodge.md,I - Pleroma Archive/World/Locations/Eos Multiverse/The Aphotic Zone/Concordia/Concordia/Factions/Guilds/Fringe Guilds/MythographersΓÇÖ Lodge.md,New Readers Start Here/I - Pleroma Archive/World/Locations/Eos Multiverse/The Aphotic Zone/Concordia/Concordia/Factions/Guilds/Fringe Guilds/MythographersΓÇÖ Lodge.md,yes,.md
Necropolis Foundry.md,I - Pleroma Archive/World/Locations/Eos Multiverse/The Aphotic Zone/Concordia/Concordia/Factions/Guilds/Fringe Guilds/Necropolis Foundry.md,New Readers Start Here/I - Pleroma Archive/World/Locations/Eos Multiverse/The Aphotic Zone/Concordia/Concordia/Factions/Guilds/Fringe Guilds/Necropolis Foundry.md,yes,.md
Oblivion Cartel.md,I - Pleroma Archive/World/Locations/Eos Multiverse/The Aphotic Zone/Concordia/Concordia/Factions/Guilds/Fringe Guilds/Oblivion Cartel.md,New Readers Start Here/I - Pleroma Archive/World/Locations/Eos Multiverse/The Aphotic Zone/Concordia/Concordia/Factions/Guilds/Fringe Guilds/Oblivion Cartel.md,yes,.md
Cartographers of the Ley.md,I - Pleroma Archive/World/Locations/Eos Multiverse/The Aphotic Zone/Concordia/Concordia/Factions/Guilds/Advanced Guilds/Cartographers of the Ley.md,New Readers Start Here/I - Pleroma Archive/World/Locations/Eos Multiverse/The Aphotic Zone/Concordia/Concordia/Factions/Guilds/Advanced Guilds/Cartographers of the Ley.md,yes,.md
Argent Collegium.md,I - Pleroma Archive/World/Locations/Eos Multiverse/The Aphotic Zone/Concordia/Concordia/Factions/Guilds/Advanced Guilds/Argent Collegium.md,New Readers Start Here/I - Pleroma Archive/World/Locations/Eos Multiverse/The Aphotic Zone/Concordia/Concordia/Factions/Guilds/Advanced Guilds/Argent Collegium.md,yes,.md
TimeweaversΓÇÖ Society.md,I - Pleroma Archive/World/Locations/Eos Multiverse/The Aphotic Zone/Concordia/Concordia/Factions/Guilds/Advanced Guilds/TimeweaversΓÇÖ Society.md,New Readers Start Here/I - Pleroma Archive/World/Locations/Eos Multiverse/The Aphotic Zone/Concordia/Concordia/Factions/Guilds/Advanced Guilds/TimeweaversΓÇÖ Society.md,yes,.md
Dreamveil Navigators.md,I - Pleroma Archive/World/Locations/Eos Multiverse/The Aphotic Zone/Concordia/Concordia/Factions/Guilds/Advanced Guilds/Dreamveil Navigators.md,New Readers Start Here/I - Pleroma Archive/World/Locations/Eos Multiverse/The Aphotic Zone/Concordia/Concordia/Factions/Guilds/Advanced Guilds/Dreamveil Navigators.md,yes,.md
Bloodpact Guild.md,I - Pleroma Archive/World/Locations/Eos Multiverse/The Aphotic Zone/Concordia/Concordia/Factions/Guilds/Martial Guilds/Bloodpact Guild.md,New Readers Start Here/I - Pleroma Archive/World/Locations/Eos Multiverse/The Aphotic Zone/Concordia/Concordia/Factions/Guilds/Martial Guilds/Bloodpact Guild.md,yes,.md
Stormwardens.md,I - Pleroma Archive/World/Locations/Eos Multiverse/The Aphotic Zone/Concordia/Concordia/Factions/Guilds/Martial Guilds/Stormwardens.md,New Readers Start Here/I - Pleroma Archive/World/Locations/Eos Multiverse/The Aphotic Zone/Concordia/Concordia/Factions/Guilds/Martial Guilds/Stormwardens.md,yes,.md
Abyssal Blades.md,I - Pleroma Archive/World/Locations/Eos Multiverse/The Aphotic Zone/Concordia/Concordia/Factions/Guilds/Martial Guilds/Abyssal Blades.md,New Readers Start Here/I - Pleroma Archive/World/Locations/Eos Multiverse/The Aphotic Zone/Concordia/Concordia/Factions/Guilds/Martial Guilds/Abyssal Blades.md,yes,.md
Order of Iron Veins.md,I - Pleroma Archive/World/Locations/Eos Multiverse/The Aphotic Zone/Concordia/Concordia/Factions/Guilds/Martial Guilds/Order of Iron Veins.md,New Readers Start Here/I - Pleroma Archive/World/Locations/Eos Multiverse/The Aphotic Zone/Concordia/Concordia/Factions/Guilds/Martial Guilds/Order of Iron Veins.md,yes,.md
Choriel Resonants.md,I - Pleroma Archive/World/Locations/Eos Multiverse/The Aphotic Zone/Concordia/Concordia/Factions/ChurchΓÇÖs/Unfavorable/Choriel Resonants.md,New Readers Start Here/I - Pleroma Archive/World/Locations/Eos Multiverse/The Aphotic Zone/Concordia/Concordia/Factions/ChurchΓÇÖs/Unfavorable/Choriel Resonants.md,yes,.md
Mortis Cults.md,I - Pleroma Archive/World/Locations/Eos Multiverse/The Aphotic Zone/Concordia/Concordia/Factions/ChurchΓÇÖs/Unfavorable/Mortis Cults.md,New Readers Start Here/I - Pleroma Archive/World/Locations/Eos Multiverse/The Aphotic Zone/Concordia/Concordia/Factions/ChurchΓÇÖs/Unfavorable/Mortis Cults.md,yes,.md
Bestia Circles.md,I - Pleroma Archive/World/Locations/Eos Multiverse/The Aphotic Zone/Concordia/Concordia/Factions/ChurchΓÇÖs/Unfavorable/Bestia Circles.md,New Readers Start Here/I - Pleroma Archive/World/Locations/Eos Multiverse/The Aphotic Zone/Concordia/Concordia/Factions/ChurchΓÇÖs/Unfavorable/Bestia Circles.md,yes,.md
Myrrin Blood Orders.md,I - Pleroma Archive/World/Locations/Eos Multiverse/The Aphotic Zone/Concordia/Concordia/Factions/ChurchΓÇÖs/Unfavorable/Myrrin Blood Orders.md,New Readers Start Here/I - Pleroma Archive/World/Locations/Eos Multiverse/The Aphotic Zone/Concordia/Concordia/Factions/ChurchΓÇÖs/Unfavorable/Myrrin Blood Orders.md,yes,.md
Fulminis Storm Orders.md,I - Pleroma Archive/World/Locations/Eos Multiverse/The Aphotic Zone/Concordia/Concordia/Factions/ChurchΓÇÖs/Favorable/Fulminis Storm Orders.md,New Readers Start Here/I - Pleroma Archive/World/Locations/Eos Multiverse/The Aphotic Zone/Concordia/Concordia/Factions/ChurchΓÇÖs/Favorable/Fulminis Storm Orders.md,yes,.md
Temple of Vitae.md,I - Pleroma Archive/World/Locations/Eos Multiverse/The Aphotic Zone/Concordia/Concordia/Factions/ChurchΓÇÖs/Favorable/Temple of Vitae.md,New Readers Start Here/I - Pleroma Archive/World/Locations/Eos Multiverse/The Aphotic Zone/Concordia/Concordia/Factions/ChurchΓÇÖs/Favorable/Temple of Vitae.md,yes,.md
SelenorΓÇÖs Cycle.md,I - Pleroma Archive/World/Locations/Eos Multiverse/The Aphotic Zone/Concordia/Concordia/Factions/ChurchΓÇÖs/Favorable/SelenorΓÇÖs Cycle.md,New Readers Start Here/I - Pleroma Archive/World/Locations/Eos Multiverse/The Aphotic Zone/Concordia/Concordia/Factions/ChurchΓÇÖs/Favorable/SelenorΓÇÖs Cycle.md,yes,.md
Church of Luxa.md,I - Pleroma Archive/World/Locations/Eos Multiverse/The Aphotic Zone/Concordia/Concordia/Factions/ChurchΓÇÖs/Favorable/Church of Luxa.md,New Readers Start Here/I - Pleroma Archive/World/Locations/Eos Multiverse/The Aphotic Zone/Concordia/Concordia/Factions/ChurchΓÇÖs/Favorable/Church of Luxa.md,yes,.md
Cult of Tenebris.md,I - Pleroma Archive/World/Locations/Eos Multiverse/The Aphotic Zone/Concordia/Concordia/Factions/ChurchΓÇÖs/Banned/Cult of Tenebris.md,New Readers Start Here/I - Pleroma Archive/World/Locations/Eos Multiverse/The Aphotic Zone/Concordia/Concordia/Factions/ChurchΓÇÖs/Banned/Cult of Tenebris.md,yes,.md
Yondor Necrotics.md,I - Pleroma Archive/World/Locations/Eos Multiverse/The Aphotic Zone/Concordia/Concordia/Factions/ChurchΓÇÖs/Banned/Yondor Necrotics.md,New Readers Start Here/I - Pleroma Archive/World/Locations/Eos Multiverse/The Aphotic Zone/Concordia/Concordia/Factions/ChurchΓÇÖs/Banned/Yondor Necrotics.md,yes,.md
Dreamveil Extremists.md,I - Pleroma Archive/World/Locations/Eos Multiverse/The Aphotic Zone/Concordia/Concordia/Factions/ChurchΓÇÖs/Banned/Dreamveil Extremists.md,New Readers Start Here/I - Pleroma Archive/World/Locations/Eos Multiverse/The Aphotic Zone/Concordia/Concordia/Factions/ChurchΓÇÖs/Banned/Dreamveil Extremists.md,yes,.md
Oblivionists.md,I - Pleroma Archive/World/Locations/Eos Multiverse/The Aphotic Zone/Concordia/Concordia/Factions/ChurchΓÇÖs/Banned/Oblivionists.md,New Readers Start Here/I - Pleroma Archive/World/Locations/Eos Multiverse/The Aphotic Zone/Concordia/Concordia/Factions/ChurchΓÇÖs/Banned/Oblivionists.md,yes,.md
Haleyon_Orthodoxy.md,I - Pleroma Archive/World/Locations/Eos Multiverse/The Aphotic Zone/Concordia/Concordia/Factions/Nations/Haleyon_Orthodoxy/Haleyon_Orthodoxy.md,New Readers Start Here/I - Pleroma Archive/World/Locations/Eos Multiverse/The Aphotic Zone/Concordia/Concordia/Factions/Nations/Haleyon_Orthodoxy/Haleyon_Orthodoxy.md,yes,.md
Infernariate.md,I - Pleroma Archive/World/Locations/Eos Multiverse/The Aphotic Zone/Concordia/Concordia/Factions/Nations/Haleyon_Orthodoxy/Infernariate.md,New Readers Start Here/I - Pleroma Archive/World/Locations/Eos Multiverse/The Aphotic Zone/Concordia/Concordia/Factions/Nations/Haleyon_Orthodoxy/Infernariate.md,yes,.md
Laniakea.md,I - Pleroma Archive/World/Locations/Eos Multiverse/The Dark Forest Zone/Local Cluster/Totum/Verse Structure/Superclusters/Laniakea/Laniakea.md,New Readers Start Here/I - Pleroma Archive/World/Locations/Eos Multiverse/The Dark Forest Zone/Local Cluster/Totum/Verse Structure/Superclusters/Laniakea/Laniakea.md,yes,.md
Sloan Great wall.md,I - Pleroma Archive/World/Locations/Eos Multiverse/The Dark Forest Zone/Local Cluster/Totum/Verse Structure/Superclusters/Ho'oleilana/Sloan Great wall.md,New Readers Start Here/I - Pleroma Archive/World/Locations/Eos Multiverse/The Dark Forest Zone/Local Cluster/Totum/Verse Structure/Superclusters/Ho'oleilana/Sloan Great wall.md,yes,.md
CfA2 Great Wall.md,I - Pleroma Archive/World/Locations/Eos Multiverse/The Dark Forest Zone/Local Cluster/Totum/Verse Structure/Superclusters/Ho'oleilana/CfA2 Great Wall.md,New Readers Start Here/I - Pleroma Archive/World/Locations/Eos Multiverse/The Dark Forest Zone/Local Cluster/Totum/Verse Structure/Superclusters/Ho'oleilana/CfA2 Great Wall.md,yes,.md
Hercules Supercluster.md,I - Pleroma Archive/World/Locations/Eos Multiverse/The Dark Forest Zone/Local Cluster/Totum/Verse Structure/Superclusters/Ho'oleilana/Hercules Supercluster.md,New Readers Start Here/I - Pleroma Archive/World/Locations/Eos Multiverse/The Dark Forest Zone/Local Cluster/Totum/Verse Structure/Superclusters/Ho'oleilana/Hercules Supercluster.md,yes,.md
SCL 154 Supercluster.md,I - Pleroma Archive/World/Locations/Eos Multiverse/The Dark Forest Zone/Local Cluster/Totum/Verse Structure/Superclusters/Ho'oleilana/SCL 154 Supercluster.md,New Readers Start Here/I - Pleroma Archive/World/Locations/Eos Multiverse/The Dark Forest Zone/Local Cluster/Totum/Verse Structure/Superclusters/Ho'oleilana/SCL 154 Supercluster.md,yes,.md
PiscesΓÇôCetus Supercluster Complex.md,I - Pleroma Archive/World/Locations/Eos Multiverse/The Dark Forest Zone/Local Cluster/Totum/Verse Structure/Superclusters/Ho'oleilana/PiscesΓÇôCetus Supercluster Complex.md,New Readers Start Here/I - Pleroma Archive/World/Locations/Eos Multiverse/The Dark Forest Zone/Local Cluster/Totum/Verse Structure/Superclusters/Ho'oleilana/PiscesΓÇôCetus Supercluster Complex.md,yes,.md
Corona Borealis Supercluster.md,I - Pleroma Archive/World/Locations/Eos Multiverse/The Dark Forest Zone/Local Cluster/Totum/Verse Structure/Superclusters/Ho'oleilana/Corona Borealis Supercluster.md,New Readers Start Here/I - Pleroma Archive/World/Locations/Eos Multiverse/The Dark Forest Zone/Local Cluster/Totum/Verse Structure/Superclusters/Ho'oleilana/Corona Borealis Supercluster.md,yes,.md
Ho'oleilana.md,I - Pleroma Archive/World/Locations/Eos Multiverse/The Dark Forest Zone/Local Cluster/Totum/Verse Structure/Superclusters/Ho'oleilana/Ho'oleilana.md,New Readers Start Here/I - Pleroma Archive/World/Locations/Eos Multiverse/The Dark Forest Zone/Local Cluster/Totum/Verse Structure/Superclusters/Ho'oleilana/Ho'oleilana.md,yes,.md
Aevyn.md,I - Pleroma Archive/World/Locations/Eos Multiverse/The Dark Forest Zone/Local Cluster/Totum/Verse Structure/Superclusters/Aevyn/Aevyn.md,New Readers Start Here/I - Pleroma Archive/World/Locations/Eos Multiverse/The Dark Forest Zone/Local Cluster/Totum/Verse Structure/Superclusters/Aevyn/Aevyn.md,yes,.md
Legio Ares.md,I - Pleroma Archive/World/Civilizations/Dominion/Military/Royal Military/Legions/Foundings/Primus Founding/Crusaders/Legio Ares.md,New Readers Start Here/I - Pleroma Archive/World/Civilizations/Dominion/Military/Royal Military/Legions/Foundings/Primus Founding/Crusaders/Legio Ares.md,yes,.md
Crusaders.md,I - Pleroma Archive/World/Civilizations/Dominion/Military/Royal Military/Legions/Foundings/Primus Founding/Crusaders/Crusaders.md,New Readers Start Here/I - Pleroma Archive/World/Civilizations/Dominion/Military/Royal Military/Legions/Foundings/Primus Founding/Crusaders/Crusaders.md,yes,.md
Legio Ferrum.md,I - Pleroma Archive/World/Civilizations/Dominion/Military/Royal Military/Legions/Foundings/Primus Founding/Crusaders/Legio Ferrum.md,New Readers Start Here/I - Pleroma Archive/World/Civilizations/Dominion/Military/Royal Military/Legions/Foundings/Primus Founding/Crusaders/Legio Ferrum.md,yes,.md
Legio Helios.md,I - Pleroma Archive/World/Civilizations/Dominion/Military/Royal Military/Legions/Foundings/Primus Founding/Crusaders/Legio Helios.md,New Readers Start Here/I - Pleroma Archive/World/Civilizations/Dominion/Military/Royal Military/Legions/Foundings/Primus Founding/Crusaders/Legio Helios.md,yes,.md
Legio Enlil.md,I - Pleroma Archive/World/Civilizations/Dominion/Military/Royal Military/Legions/Foundings/Primus Founding/Crusaders/Legio Enlil.md,New Readers Start Here/I - Pleroma Archive/World/Civilizations/Dominion/Military/Royal Military/Legions/Foundings/Primus Founding/Crusaders/Legio Enlil.md,yes,.md
Legio Aurelis.md,I - Pleroma Archive/World/Civilizations/Dominion/Military/Royal Military/Legions/Foundings/Primus Founding/Crusaders/Legio Aurelis.md,New Readers Start Here/I - Pleroma Archive/World/Civilizations/Dominion/Military/Royal Military/Legions/Foundings/Primus Founding/Crusaders/Legio Aurelis.md,yes,.md
Legio Nihilum.md,I - Pleroma Archive/World/Civilizations/Dominion/Military/Royal Military/Legions/Foundings/Primus Founding/Crusaders/Legio Nihilum.md,New Readers Start Here/I - Pleroma Archive/World/Civilizations/Dominion/Military/Royal Military/Legions/Foundings/Primus Founding/Crusaders/Legio Nihilum.md,yes,.md
Legio Venator.md,I - Pleroma Archive/World/Civilizations/Dominion/Military/Royal Military/Legions/Foundings/Primus Founding/Crusaders/Legio Venator.md,New Readers Start Here/I - Pleroma Archive/World/Civilizations/Dominion/Military/Royal Military/Legions/Foundings/Primus Founding/Crusaders/Legio Venator.md,yes,.md
Legio Mortis.md,I - Pleroma Archive/World/Civilizations/Dominion/Military/Royal Military/Legions/Foundings/Primus Founding/Crusaders/Legio Mortis.md,New Readers Start Here/I - Pleroma Archive/World/Civilizations/Dominion/Military/Royal Military/Legions/Foundings/Primus Founding/Crusaders/Legio Mortis.md,yes,.md
Legio Fenrir.md,I - Pleroma Archive/World/Civilizations/Dominion/Military/Royal Military/Legions/Foundings/Primus Founding/Crusaders/Legio Fenrir.md,New Readers Start Here/I - Pleroma Archive/World/Civilizations/Dominion/Military/Royal Military/Legions/Foundings/Primus Founding/Crusaders/Legio Fenrir.md,yes,.md
Legio Bellator.md,I - Pleroma Archive/World/Civilizations/Dominion/Military/Royal Military/Legions/Foundings/Primus Founding/Crusaders/Legio Bellator.md,New Readers Start Here/I - Pleroma Archive/World/Civilizations/Dominion/Military/Royal Military/Legions/Foundings/Primus Founding/Crusaders/Legio Bellator.md,yes,.md
Legio Vritra.md,I - Pleroma Archive/World/Civilizations/Dominion/Military/Royal Military/Legions/Foundings/Primus Founding/Crusaders/Legio Vritra.md,New Readers Start Here/I - Pleroma Archive/World/Civilizations/Dominion/Military/Royal Military/Legions/Foundings/Primus Founding/Crusaders/Legio Vritra.md,yes,.md
Legio Hades.md,I - Pleroma Archive/World/Civilizations/Dominion/Military/Royal Military/Legions/Foundings/Primus Founding/Crusaders/Legio Hades.md,New Readers Start Here/I - Pleroma Archive/World/Civilizations/Dominion/Military/Royal Military/Legions/Foundings/Primus Founding/Crusaders/Legio Hades.md,yes,.md
Legio Amaterasu.md,I - Pleroma Archive/World/Civilizations/Dominion/Military/Royal Military/Legions/Foundings/Primus Founding/Crusaders/Legio Amaterasu.md,New Readers Start Here/I - Pleroma Archive/World/Civilizations/Dominion/Military/Royal Military/Legions/Foundings/Primus Founding/Crusaders/Legio Amaterasu.md,yes,.md
Legio Ignis.md,I - Pleroma Archive/World/Civilizations/Dominion/Military/Royal Military/Legions/Foundings/Primus Founding/Crusaders/Legio Ignis.md,New Readers Start Here/I - Pleroma Archive/World/Civilizations/Dominion/Military/Royal Military/Legions/Foundings/Primus Founding/Crusaders/Legio Ignis.md,yes,.md
Legio Quetzalcoatl.md,I - Pleroma Archive/World/Civilizations/Dominion/Military/Royal Military/Legions/Foundings/Primus Founding/Crusaders/Legio Quetzalcoatl.md,New Readers Start Here/I - Pleroma Archive/World/Civilizations/Dominion/Military/Royal Military/Legions/Foundings/Primus Founding/Crusaders/Legio Quetzalcoatl.md,yes,.md
Legio Umbra.md,I - Pleroma Archive/World/Civilizations/Dominion/Military/Royal Military/Legions/Foundings/Primus Founding/Crusaders/Legio Umbra.md,New Readers Start Here/I - Pleroma Archive/World/Civilizations/Dominion/Military/Royal Military/Legions/Foundings/Primus Founding/Crusaders/Legio Umbra.md,yes,.md
Legio Izanami.md,I - Pleroma Archive/World/Civilizations/Dominion/Military/Royal Military/Legions/Foundings/Primus Founding/Crusaders/Legio Izanami.md,New Readers Start Here/I - Pleroma Archive/World/Civilizations/Dominion/Military/Royal Military/Legions/Foundings/Primus Founding/Crusaders/Legio Izanami.md,yes,.md
Legio Morrigan.md,I - Pleroma Archive/World/Civilizations/Dominion/Military/Royal Military/Legions/Foundings/Primus Founding/Crusaders/Legio Morrigan.md,New Readers Start Here/I - Pleroma Archive/World/Civilizations/Dominion/Military/Royal Military/Legions/Foundings/Primus Founding/Crusaders/Legio Morrigan.md,yes,.md
Legio Anubis.md,I - Pleroma Archive/World/Civilizations/Dominion/Military/Royal Military/Legions/Foundings/Primus Founding/Crusaders/Legio Anubis.md,New Readers Start Here/I - Pleroma Archive/World/Civilizations/Dominion/Military/Royal Military/Legions/Foundings/Primus Founding/Crusaders/Legio Anubis.md,yes,.md
Legio Set.md,I - Pleroma Archive/World/Civilizations/Dominion/Military/Royal Military/Legions/Foundings/Primus Founding/Crusaders/Legio Set.md,New Readers Start Here/I - Pleroma Archive/World/Civilizations/Dominion/Military/Royal Military/Legions/Foundings/Primus Founding/Crusaders/Legio Set.md,yes,.md
Legio Huitzilopochtli.md,I - Pleroma Archive/World/Civilizations/Dominion/Military/Royal Military/Legions/Foundings/Primus Founding/Crusaders/Legio Huitzilopochtli.md,New Readers Start Here/I - Pleroma Archive/World/Civilizations/Dominion/Military/Royal Military/Legions/Foundings/Primus Founding/Crusaders/Legio Huitzilopochtli.md,yes,.md
Legio Caelestis.md,I - Pleroma Archive/World/Civilizations/Dominion/Military/Royal Military/Legions/Foundings/Primus Founding/Crusaders/Legio Caelestis.md,New Readers Start Here/I - Pleroma Archive/World/Civilizations/Dominion/Military/Royal Military/Legions/Foundings/Primus Founding/Crusaders/Legio Caelestis.md,yes,.md
Legio Ogun.md,I - Pleroma Archive/World/Civilizations/Dominion/Military/Royal Military/Legions/Foundings/Primus Founding/Crusaders/Legio Ogun.md,New Readers Start Here/I - Pleroma Archive/World/Civilizations/Dominion/Military/Royal Military/Legions/Foundings/Primus Founding/Crusaders/Legio Ogun.md,yes,.md
Legio Cogitator.md,I - Pleroma Archive/World/Civilizations/Dominion/Military/Royal Military/Legions/Foundings/Dominium Triumvirate/Triumvirate Founding/Legio Cogitator.md,New Readers Start Here/I - Pleroma Archive/World/Civilizations/Dominion/Military/Royal Military/Legions/Foundings/Dominium Triumvirate/Triumvirate Founding/Legio Cogitator.md,yes,.md
Legio Ratiocination.md,I - Pleroma Archive/World/Civilizations/Dominion/Military/Royal Military/Legions/Foundings/Dominium Triumvirate/Triumvirate Founding/Legio Ratiocination.md,New Readers Start Here/I - Pleroma Archive/World/Civilizations/Dominion/Military/Royal Military/Legions/Foundings/Dominium Triumvirate/Triumvirate Founding/Legio Ratiocination.md,yes,.md
Legio Lingua.md,I - Pleroma Archive/World/Civilizations/Dominion/Military/Royal Military/Legions/Foundings/Dominium Triumvirate/Triumvirate Founding/Legio Lingua.md,New Readers Start Here/I - Pleroma Archive/World/Civilizations/Dominion/Military/Royal Military/Legions/Foundings/Dominium Triumvirate/Triumvirate Founding/Legio Lingua.md,yes,.md
Legio Ensanguinationis Existentia.md,I - Pleroma Archive/World/Civilizations/Dominion/Military/Royal Military/Legions/Foundings/Dominium Triumvirate/Triumvirate Founding/Legio Ensanguinationis Existentia.md,New Readers Start Here/I - Pleroma Archive/World/Civilizations/Dominion/Military/Royal Military/Legions/Foundings/Dominium Triumvirate/Triumvirate Founding/Legio Ensanguinationis Existentia.md,yes,.md
Legio Scientia Divinitas.md,I - Pleroma Archive/World/Civilizations/Dominion/Military/Royal Military/Legions/Foundings/Dominium Triumvirate/Triumvirate Founding/Legio Scientia Divinitas.md,New Readers Start Here/I - Pleroma Archive/World/Civilizations/Dominion/Military/Royal Military/Legions/Foundings/Dominium Triumvirate/Triumvirate Founding/Legio Scientia Divinitas.md,yes,.md
Legio Valoratum.md,I - Pleroma Archive/World/Civilizations/Dominion/Military/Royal Military/Legions/Foundings/Dominium Triumvirate/Triumvirate Founding/Legio Valoratum.md,New Readers Start Here/I - Pleroma Archive/World/Civilizations/Dominion/Military/Royal Military/Legions/Foundings/Dominium Triumvirate/Triumvirate Founding/Legio Valoratum.md,yes,.md
Milky Way Galaxy.md,I - Pleroma Archive/World/Locations/Eos Multiverse/The Dark Forest Zone/Local Cluster/Totum/Verse Structure/Superclusters/Laniakea/Milky Way Galaxy/Milky Way Galaxy.md,New Readers Start Here/I - Pleroma Archive/World/Locations/Eos Multiverse/The Dark Forest Zone/Local Cluster/Totum/Verse Structure/Superclusters/Laniakea/Milky Way Galaxy/Milky Way Galaxy.md,yes,.md
Boo╠êtes Supercluster.md,I - Pleroma Archive/World/Locations/Eos Multiverse/The Dark Forest Zone/Local Cluster/Totum/Verse Structure/Superclusters/Ho'oleilana/Boo╠êtes Supercluster/Boo╠êtes Supercluster.md,New Readers Start Here/I - Pleroma Archive/World/Locations/Eos Multiverse/The Dark Forest Zone/Local Cluster/Totum/Verse Structure/Superclusters/Ho'oleilana/Boo╠êtes Supercluster/Boo╠êtes Supercluster.md,yes,.md
Shatterfold Galaxy.md,I - Pleroma Archive/World/Locations/Eos Multiverse/The Dark Forest Zone/Local Cluster/Totum/Verse Structure/Superclusters/Aevyn/Shatterfold Galaxy/Shatterfold Galaxy.md,New Readers Start Here/I - Pleroma Archive/World/Locations/Eos Multiverse/The Dark Forest Zone/Local Cluster/Totum/Verse Structure/Superclusters/Aevyn/Shatterfold Galaxy/Shatterfold Galaxy.md,yes,.md
Timeline__Ephyrain Galaxy__2d29444a.md,I - Pleroma Archive/World/Locations/Eos Multiverse/The Dark Forest Zone/Local Cluster/Totum/Verse Structure/Superclusters/Ephyra/Ephyrain Galaxy/Timeline.md,New Readers Start Here/I - Pleroma Archive/World/Locations/Eos Multiverse/The Dark Forest Zone/Local Cluster/Totum/Verse Structure/Superclusters/Ephyra/Ephyrain Galaxy/Timeline.md,yes,.md
Ephyrain Galaxy.md,I - Pleroma Archive/World/Locations/Eos Multiverse/The Dark Forest Zone/Local Cluster/Totum/Verse Structure/Superclusters/Ephyra/Ephyrain Galaxy/Ephyrain Galaxy.md,New Readers Start Here/I - Pleroma Archive/World/Locations/Eos Multiverse/The Dark Forest Zone/Local Cluster/Totum/Verse Structure/Superclusters/Ephyra/Ephyrain Galaxy/Ephyrain Galaxy.md,yes,.md
LEGIO SYLVARUM.md,I - Pleroma Archive/World/Civilizations/Dominion/Military/Royal Military/Legions/Foundings/Dominicus Secundus/Secundus Founding/LEGIO SYLVARUM/LEGIO SYLVARUM.md,New Readers Start Here/I - Pleroma Archive/World/Civilizations/Dominion/Military/Royal Military/Legions/Foundings/Dominicus Secundus/Secundus Founding/LEGIO SYLVARUM/LEGIO SYLVARUM.md,yes,.md
Legio Pendragonis.md,I - Pleroma Archive/World/Civilizations/Dominion/Military/Royal Military/Legions/Foundings/Dominicus Secundus/Secundus Founding/Legio Pendragonis/Legio Pendragonis.md,New Readers Start Here/I - Pleroma Archive/World/Civilizations/Dominion/Military/Royal Military/Legions/Foundings/Dominicus Secundus/Secundus Founding/Legio Pendragonis/Legio Pendragonis.md,yes,.md
Legio Roland.md,I - Pleroma Archive/World/Civilizations/Dominion/Military/Royal Military/Legions/Foundings/Dominicus Secundus/Secundus Founding/Legio Roland/Legio Roland.md,New Readers Start Here/I - Pleroma Archive/World/Civilizations/Dominion/Military/Royal Military/Legions/Foundings/Dominicus Secundus/Secundus Founding/Legio Roland/Legio Roland.md,yes,.md
Legio Odysseus.md,I - Pleroma Archive/World/Civilizations/Dominion/Military/Royal Military/Legions/Foundings/Dominicus Secundus/Secundus Founding/Legio Odysseus/Legio Odysseus.md,New Readers Start Here/I - Pleroma Archive/World/Civilizations/Dominion/Military/Royal Military/Legions/Foundings/Dominicus Secundus/Secundus Founding/Legio Odysseus/Legio Odysseus.md,yes,.md
Legio Solomon.md,I - Pleroma Archive/World/Civilizations/Dominion/Military/Royal Military/Legions/Foundings/Dominicus Secundus/Secundus Founding/Legio Solomon/Legio Solomon.md,New Readers Start Here/I - Pleroma Archive/World/Civilizations/Dominion/Military/Royal Military/Legions/Foundings/Dominicus Secundus/Secundus Founding/Legio Solomon/Legio Solomon.md,yes,.md
LEGIO ATLAS.md,I - Pleroma Archive/World/Civilizations/Dominion/Military/Royal Military/Legions/Foundings/Dominicus Secundus/Secundus Founding/LEGIO ATLAS/LEGIO ATLAS.md,New Readers Start Here/I - Pleroma Archive/World/Civilizations/Dominion/Military/Royal Military/Legions/Foundings/Dominicus Secundus/Secundus Founding/LEGIO ATLAS/LEGIO ATLAS.md,yes,.md
Legio Aegidae Labyrinthi.md,I - Pleroma Archive/World/Civilizations/Dominion/Military/Royal Military/Legions/Foundings/Dominicus Secundus/Secundus Founding/Legio Aegidae Labyrinthi/Legio Aegidae Labyrinthi.md,New Readers Start Here/I - Pleroma Archive/World/Civilizations/Dominion/Military/Royal Military/Legions/Foundings/Dominicus Secundus/Secundus Founding/Legio Aegidae Labyrinthi/Legio Aegidae Labyrinthi.md,yes,.md
LEGIO SIGRVAR.md,I - Pleroma Archive/World/Civilizations/Dominion/Military/Royal Military/Legions/Foundings/Dominicus Secundus/Secundus Founding/LEGIO SIGRVAR/LEGIO SIGRVAR.md,New Readers Start Here/I - Pleroma Archive/World/Civilizations/Dominion/Military/Royal Military/Legions/Foundings/Dominicus Secundus/Secundus Founding/LEGIO SIGRVAR/LEGIO SIGRVAR.md,yes,.md
Legio Orpheus.md,I - Pleroma Archive/World/Civilizations/Dominion/Military/Royal Military/Legions/Foundings/Dominicus Secundus/Secundus Founding/Legio Orpheus/Legio Orpheus.md,New Readers Start Here/I - Pleroma Archive/World/Civilizations/Dominion/Military/Royal Military/Legions/Foundings/Dominicus Secundus/Secundus Founding/Legio Orpheus/Legio Orpheus.md,yes,.md
Odysseus Galaxy.md,I - Pleroma Archive/World/Locations/Eos Multiverse/The Dark Forest Zone/Local Cluster/Totum/Verse Structure/Superclusters/Ho'oleilana/Boo╠êtes Supercluster/Odysseus Galaxy/Odysseus Galaxy.md,New Readers Start Here/I - Pleroma Archive/World/Locations/Eos Multiverse/The Dark Forest Zone/Local Cluster/Totum/Verse Structure/Superclusters/Ho'oleilana/Boo╠êtes Supercluster/Odysseus Galaxy/Odysseus Galaxy.md,yes,.md
Odysseus Cartography.md,I - Pleroma Archive/World/Locations/Eos Multiverse/The Dark Forest Zone/Local Cluster/Totum/Verse Structure/Superclusters/Ho'oleilana/Boo╠êtes Supercluster/Odysseus Galaxy/Odysseus Cartography.md,New Readers Start Here/I - Pleroma Archive/World/Locations/Eos Multiverse/The Dark Forest Zone/Local Cluster/Totum/Verse Structure/Superclusters/Ho'oleilana/Boo╠êtes Supercluster/Odysseus Galaxy/Odysseus Cartography.md,yes,.md
Krexolite.md,I - Pleroma Archive/World/Locations/Eos Multiverse/The Dark Forest Zone/Local Cluster/Totum/Verse Structure/Superclusters/Aevyn/Shatterfold Galaxy/Krexolite/Krexolite.md,New Readers Start Here/I - Pleroma Archive/World/Locations/Eos Multiverse/The Dark Forest Zone/Local Cluster/Totum/Verse Structure/Superclusters/Aevyn/Shatterfold Galaxy/Krexolite/Krexolite.md,yes,.md
Earth Workshop.canvas,I - Pleroma Archive/World/Locations/Eos Multiverse/The Dark Forest Zone/Local Cluster/Totum/Verse Structure/Superclusters/Laniakea/Milky Way Galaxy/Sol System/Earth (Terra)/Earth Workshop.canvas,New Readers Start Here/I - Pleroma Archive/World/Locations/Eos Multiverse/The Dark Forest Zone/Local Cluster/Totum/Verse Structure/Superclusters/Laniakea/Milky Way Galaxy/Sol System/Earth (Terra)/Earth Workshop.canvas,no,.canvas
Earth (Terra).md,I - Pleroma Archive/World/Locations/Eos Multiverse/The Dark Forest Zone/Local Cluster/Totum/Verse Structure/Superclusters/Laniakea/Milky Way Galaxy/Sol System/Earth (Terra)/Earth (Terra).md,New Readers Start Here/I - Pleroma Archive/World/Locations/Eos Multiverse/The Dark Forest Zone/Local Cluster/Totum/Verse Structure/Superclusters/Laniakea/Milky Way Galaxy/Sol System/Earth (Terra)/Earth (Terra).md,yes,.md
Systems.md,I - Pleroma Archive/World/Locations/Eos Multiverse/The Dark Forest Zone/Local Cluster/Totum/Verse Structure/Superclusters/Ho'oleilana/Boo╠êtes Supercluster/Odysseus Galaxy/Systems/Systems.md,New Readers Start Here/I - Pleroma Archive/World/Locations/Eos Multiverse/The Dark Forest Zone/Local Cluster/Totum/Verse Structure/Superclusters/Ho'oleilana/Boo╠êtes Supercluster/Odysseus Galaxy/Systems/Systems.md,yes,.md
Artemis System.md,I - Pleroma Archive/World/Locations/Eos Multiverse/The Dark Forest Zone/Local Cluster/Totum/Verse Structure/Superclusters/Ho'oleilana/Boo╠êtes Supercluster/Odysseus Galaxy/Systems/Artemis System.md,New Readers Start Here/I - Pleroma Archive/World/Locations/Eos Multiverse/The Dark Forest Zone/Local Cluster/Totum/Verse Structure/Superclusters/Ho'oleilana/Boo╠êtes Supercluster/Odysseus Galaxy/Systems/Artemis System.md,yes,.md
Carneliam System.md,I - Pleroma Archive/World/Locations/Eos Multiverse/The Dark Forest Zone/Local Cluster/Totum/Verse Structure/Superclusters/Ho'oleilana/Boo╠êtes Supercluster/Odysseus Galaxy/Systems/Carneliam System.md,New Readers Start Here/I - Pleroma Archive/World/Locations/Eos Multiverse/The Dark Forest Zone/Local Cluster/Totum/Verse Structure/Superclusters/Ho'oleilana/Boo╠êtes Supercluster/Odysseus Galaxy/Systems/Carneliam System.md,yes,.md
Helix Gravitational Lens Array (HGLA).md,I - Pleroma Archive/World/Locations/Eos Multiverse/The Dark Forest Zone/Local Cluster/Totum/Verse Structure/Superclusters/Laniakea/Milky Way Galaxy/Sol System/Earth (Terra)/2079-4000/Helix Gravitational Lens Array (HGLA).md,New Readers Start Here/I - Pleroma Archive/World/Locations/Eos Multiverse/The Dark Forest Zone/Local Cluster/Totum/Verse Structure/Superclusters/Laniakea/Milky Way Galaxy/Sol System/Earth (Terra)/2079-4000/Helix Gravitational Lens Array (HGLA).md,yes,.md
Uplift Charter & Legal Timeline.md,I - Pleroma Archive/World/Locations/Eos Multiverse/The Dark Forest Zone/Local Cluster/Totum/Verse Structure/Superclusters/Laniakea/Milky Way Galaxy/Sol System/Earth (Terra)/2079-4000/Uplift Charter & Legal Timeline.md,New Readers Start Here/I - Pleroma Archive/World/Locations/Eos Multiverse/The Dark Forest Zone/Local Cluster/Totum/Verse Structure/Superclusters/Laniakea/Milky Way Galaxy/Sol System/Earth (Terra)/2079-4000/Uplift Charter & Legal Timeline.md,yes,.md
CRINK.canvas,I - Pleroma Archive/World/Locations/Eos Multiverse/The Dark Forest Zone/Local Cluster/Totum/Verse Structure/Superclusters/Laniakea/Milky Way Galaxy/Sol System/Earth (Terra)/1890-2078/CRINK.canvas,New Readers Start Here/I - Pleroma Archive/World/Locations/Eos Multiverse/The Dark Forest Zone/Local Cluster/Totum/Verse Structure/Superclusters/Laniakea/Milky Way Galaxy/Sol System/Earth (Terra)/1890-2078/CRINK.canvas,no,.canvas
Orders & Commands__Military__00b9424c.md,I - Pleroma Archive/World/Locations/Eos Multiverse/The Dark Forest Zone/Local Cluster/Totum/Verse Structure/Superclusters/Laniakea/Milky Way Galaxy/Sol System/Earth (Terra)/2079-4000/Military/Orders & Commands.md,New Readers Start Here/I - Pleroma Archive/World/Locations/Eos Multiverse/The Dark Forest Zone/Local Cluster/Totum/Verse Structure/Superclusters/Laniakea/Milky Way Galaxy/Sol System/Earth (Terra)/2079-4000/Military/Orders & Commands.md,yes,.md
Technology__Military__ec062064.md,I - Pleroma Archive/World/Locations/Eos Multiverse/The Dark Forest Zone/Local Cluster/Totum/Verse Structure/Superclusters/Laniakea/Milky Way Galaxy/Sol System/Earth (Terra)/2079-4000/Military/Technology.md,New Readers Start Here/I - Pleroma Archive/World/Locations/Eos Multiverse/The Dark Forest Zone/Local Cluster/Totum/Verse Structure/Superclusters/Laniakea/Milky Way Galaxy/Sol System/Earth (Terra)/2079-4000/Military/Technology.md,yes,.md
Military Overview__Military__22264b57.md,I - Pleroma Archive/World/Locations/Eos Multiverse/The Dark Forest Zone/Local Cluster/Totum/Verse Structure/Superclusters/Laniakea/Milky Way Galaxy/Sol System/Earth (Terra)/2079-4000/Military/Military Overview.md,New Readers Start Here/I - Pleroma Archive/World/Locations/Eos Multiverse/The Dark Forest Zone/Local Cluster/Totum/Verse Structure/Superclusters/Laniakea/Milky Way Galaxy/Sol System/Earth (Terra)/2079-4000/Military/Military Overview.md,yes,.md
Helium 3 Miners.md,I - Pleroma Archive/World/Locations/Eos Multiverse/The Dark Forest Zone/Local Cluster/Totum/Verse Structure/Superclusters/Laniakea/Milky Way Galaxy/Sol System/Earth (Terra)/2079-4000/Moon (Luna)/Helium 3 Miners.md,New Readers Start Here/I - Pleroma Archive/World/Locations/Eos Multiverse/The Dark Forest Zone/Local Cluster/Totum/Verse Structure/Superclusters/Laniakea/Milky Way Galaxy/Sol System/Earth (Terra)/2079-4000/Moon (Luna)/Helium 3 Miners.md,yes,.md
Shackleton Base.md,I - Pleroma Archive/World/Locations/Eos Multiverse/The Dark Forest Zone/Local Cluster/Totum/Verse Structure/Superclusters/Laniakea/Milky Way Galaxy/Sol System/Earth (Terra)/2079-4000/Moon (Luna)/Shackleton Base.md,New Readers Start Here/I - Pleroma Archive/World/Locations/Eos Multiverse/The Dark Forest Zone/Local Cluster/Totum/Verse Structure/Superclusters/Laniakea/Milky Way Galaxy/Sol System/Earth (Terra)/2079-4000/Moon (Luna)/Shackleton Base.md,yes,.md
Lunar Mines.md,I - Pleroma Archive/World/Locations/Eos Multiverse/The Dark Forest Zone/Local Cluster/Totum/Verse Structure/Superclusters/Laniakea/Milky Way Galaxy/Sol System/Earth (Terra)/2079-4000/Moon (Luna)/Lunar Mines.md,New Readers Start Here/I - Pleroma Archive/World/Locations/Eos Multiverse/The Dark Forest Zone/Local Cluster/Totum/Verse Structure/Superclusters/Laniakea/Milky Way Galaxy/Sol System/Earth (Terra)/2079-4000/Moon (Luna)/Lunar Mines.md,yes,.md
Regolith Mines.md,I - Pleroma Archive/World/Locations/Eos Multiverse/The Dark Forest Zone/Local Cluster/Totum/Verse Structure/Superclusters/Laniakea/Milky Way Galaxy/Sol System/Earth (Terra)/2079-4000/Moon (Luna)/Regolith Mines.md,New Readers Start Here/I - Pleroma Archive/World/Locations/Eos Multiverse/The Dark Forest Zone/Local Cluster/Totum/Verse Structure/Superclusters/Laniakea/Milky Way Galaxy/Sol System/Earth (Terra)/2079-4000/Moon (Luna)/Regolith Mines.md,yes,.md
Peary Base.md,I - Pleroma Archive/World/Locations/Eos Multiverse/The Dark Forest Zone/Local Cluster/Totum/Verse Structure/Superclusters/Laniakea/Milky Way Galaxy/Sol System/Earth (Terra)/2079-4000/Moon (Luna)/Peary Base.md,New Readers Start Here/I - Pleroma Archive/World/Locations/Eos Multiverse/The Dark Forest Zone/Local Cluster/Totum/Verse Structure/Superclusters/Laniakea/Milky Way Galaxy/Sol System/Earth (Terra)/2079-4000/Moon (Luna)/Peary Base.md,yes,.md
Mene Satellite Relay.md,I - Pleroma Archive/World/Locations/Eos Multiverse/The Dark Forest Zone/Local Cluster/Totum/Verse Structure/Superclusters/Laniakea/Milky Way Galaxy/Sol System/Earth (Terra)/2079-4000/Moon (Luna)/Mene Satellite Relay.md,New Readers Start Here/I - Pleroma Archive/World/Locations/Eos Multiverse/The Dark Forest Zone/Local Cluster/Totum/Verse Structure/Superclusters/Laniakea/Milky Way Galaxy/Sol System/Earth (Terra)/2079-4000/Moon (Luna)/Mene Satellite Relay.md,yes,.md
Marius Hills Base.md,I - Pleroma Archive/World/Locations/Eos Multiverse/The Dark Forest Zone/Local Cluster/Totum/Verse Structure/Superclusters/Laniakea/Milky Way Galaxy/Sol System/Earth (Terra)/2079-4000/Moon (Luna)/Marius Hills Base.md,New Readers Start Here/I - Pleroma Archive/World/Locations/Eos Multiverse/The Dark Forest Zone/Local Cluster/Totum/Verse Structure/Superclusters/Laniakea/Milky Way Galaxy/Sol System/Earth (Terra)/2079-4000/Moon (Luna)/Marius Hills Base.md,yes,.md
Selene Comm Station.md,I - Pleroma Archive/World/Locations/Eos Multiverse/The Dark Forest Zone/Local Cluster/Totum/Verse Structure/Superclusters/Laniakea/Milky Way Galaxy/Sol System/Earth (Terra)/2079-4000/Moon (Luna)/Selene Comm Station.md,New Readers Start Here/I - Pleroma Archive/World/Locations/Eos Multiverse/The Dark Forest Zone/Local Cluster/Totum/Verse Structure/Superclusters/Laniakea/Milky Way Galaxy/Sol System/Earth (Terra)/2079-4000/Moon (Luna)/Selene Comm Station.md,yes,.md
Kuiper Belt.md,I - Pleroma Archive/World/Locations/Eos Multiverse/The Dark Forest Zone/Local Cluster/Totum/Verse Structure/Superclusters/Laniakea/Milky Way Galaxy/Sol System/Earth (Terra)/2079-4000/Kuiper Belt/Kuiper Belt.md,New Readers Start Here/I - Pleroma Archive/World/Locations/Eos Multiverse/The Dark Forest Zone/Local Cluster/Totum/Verse Structure/Superclusters/Laniakea/Milky Way Galaxy/Sol System/Earth (Terra)/2079-4000/Kuiper Belt/Kuiper Belt.md,yes,.md
Oort Cloud.md,I - Pleroma Archive/World/Locations/Eos Multiverse/The Dark Forest Zone/Local Cluster/Totum/Verse Structure/Superclusters/Laniakea/Milky Way Galaxy/Sol System/Earth (Terra)/2079-4000/Kuiper Belt/Oort Cloud.md,New Readers Start Here/I - Pleroma Archive/World/Locations/Eos Multiverse/The Dark Forest Zone/Local Cluster/Totum/Verse Structure/Superclusters/Laniakea/Milky Way Galaxy/Sol System/Earth (Terra)/2079-4000/Kuiper Belt/Oort Cloud.md,yes,.md
Hills Cloud Watchtowers.md,I - Pleroma Archive/World/Locations/Eos Multiverse/The Dark Forest Zone/Local Cluster/Totum/Verse Structure/Superclusters/Laniakea/Milky Way Galaxy/Sol System/Earth (Terra)/2079-4000/Kuiper Belt/Hills Cloud Watchtowers.md,New Readers Start Here/I - Pleroma Archive/World/Locations/Eos Multiverse/The Dark Forest Zone/Local Cluster/Totum/Verse Structure/Superclusters/Laniakea/Milky Way Galaxy/Sol System/Earth (Terra)/2079-4000/Kuiper Belt/Hills Cloud Watchtowers.md,yes,.md
The Spheres.md,I - Pleroma Archive/World/Locations/Eos Multiverse/The Dark Forest Zone/Local Cluster/Totum/Verse Structure/Superclusters/Laniakea/Milky Way Galaxy/Sol System/Earth (Terra)/2079-4000/Colonial Union/The Spheres.md,New Readers Start Here/I - Pleroma Archive/World/Locations/Eos Multiverse/The Dark Forest Zone/Local Cluster/Totum/Verse Structure/Superclusters/Laniakea/Milky Way Galaxy/Sol System/Earth (Terra)/2079-4000/Colonial Union/The Spheres.md,yes,.md
C.U Relay Charter.md,I - Pleroma Archive/World/Locations/Eos Multiverse/The Dark Forest Zone/Local Cluster/Totum/Verse Structure/Superclusters/Laniakea/Milky Way Galaxy/Sol System/Earth (Terra)/2079-4000/Colonial Union/C.U Relay Charter.md,New Readers Start Here/I - Pleroma Archive/World/Locations/Eos Multiverse/The Dark Forest Zone/Local Cluster/Totum/Verse Structure/Superclusters/Laniakea/Milky Way Galaxy/Sol System/Earth (Terra)/2079-4000/Colonial Union/C.U Relay Charter.md,yes,.md
Colonial Union.md,I - Pleroma Archive/World/Locations/Eos Multiverse/The Dark Forest Zone/Local Cluster/Totum/Verse Structure/Superclusters/Laniakea/Milky Way Galaxy/Sol System/Earth (Terra)/2079-4000/Colonial Union/Colonial Union.md,New Readers Start Here/I - Pleroma Archive/World/Locations/Eos Multiverse/The Dark Forest Zone/Local Cluster/Totum/Verse Structure/Superclusters/Laniakea/Milky Way Galaxy/Sol System/Earth (Terra)/2079-4000/Colonial Union/Colonial Union.md,yes,.md
Mining Fleets.md,I - Pleroma Archive/World/Locations/Eos Multiverse/The Dark Forest Zone/Local Cluster/Totum/Verse Structure/Superclusters/Laniakea/Milky Way Galaxy/Sol System/Earth (Terra)/2079-4000/Fleets/Mining Fleets.md,New Readers Start Here/I - Pleroma Archive/World/Locations/Eos Multiverse/The Dark Forest Zone/Local Cluster/Totum/Verse Structure/Superclusters/Laniakea/Milky Way Galaxy/Sol System/Earth (Terra)/2079-4000/Fleets/Mining Fleets.md,yes,.md
Clan Fleets.md,I - Pleroma Archive/World/Locations/Eos Multiverse/The Dark Forest Zone/Local Cluster/Totum/Verse Structure/Superclusters/Laniakea/Milky Way Galaxy/Sol System/Earth (Terra)/2079-4000/Fleets/Clan Fleets.md,New Readers Start Here/I - Pleroma Archive/World/Locations/Eos Multiverse/The Dark Forest Zone/Local Cluster/Totum/Verse Structure/Superclusters/Laniakea/Milky Way Galaxy/Sol System/Earth (Terra)/2079-4000/Fleets/Clan Fleets.md,yes,.md
Verdant Dynamics.md,I - Pleroma Archive/World/Locations/Eos Multiverse/The Dark Forest Zone/Local Cluster/Totum/Verse Structure/Superclusters/Laniakea/Milky Way Galaxy/Sol System/Earth (Terra)/2079-4000/Corporations/Verdant Dynamics.md,New Readers Start Here/I - Pleroma Archive/World/Locations/Eos Multiverse/The Dark Forest Zone/Local Cluster/Totum/Verse Structure/Superclusters/Laniakea/Milky Way Galaxy/Sol System/Earth (Terra)/2079-4000/Corporations/Verdant Dynamics.md,yes,.md
Corporations.md,I - Pleroma Archive/World/Locations/Eos Multiverse/The Dark Forest Zone/Local Cluster/Totum/Verse Structure/Superclusters/Laniakea/Milky Way Galaxy/Sol System/Earth (Terra)/2079-4000/Corporations/Corporations.md,New Readers Start Here/I - Pleroma Archive/World/Locations/Eos Multiverse/The Dark Forest Zone/Local Cluster/Totum/Verse Structure/Superclusters/Laniakea/Milky Way Galaxy/Sol System/Earth (Terra)/2079-4000/Corporations/Corporations.md,yes,.md
Aegis MacroSystems.md,I - Pleroma Archive/World/Locations/Eos Multiverse/The Dark Forest Zone/Local Cluster/Totum/Verse Structure/Superclusters/Laniakea/Milky Way Galaxy/Sol System/Earth (Terra)/2079-4000/Corporations/Aegis MacroSystems.md,New Readers Start Here/I - Pleroma Archive/World/Locations/Eos Multiverse/The Dark Forest Zone/Local Cluster/Totum/Verse Structure/Superclusters/Laniakea/Milky Way Galaxy/Sol System/Earth (Terra)/2079-4000/Corporations/Aegis MacroSystems.md,yes,.md
Lazarus Excavations International (LXI).md,I - Pleroma Archive/World/Locations/Eos Multiverse/The Dark Forest Zone/Local Cluster/Totum/Verse Structure/Superclusters/Laniakea/Milky Way Galaxy/Sol System/Earth (Terra)/2079-4000/Corporations/Lazarus Excavations International (LXI).md,New Readers Start Here/I - Pleroma Archive/World/Locations/Eos Multiverse/The Dark Forest Zone/Local Cluster/Totum/Verse Structure/Superclusters/Laniakea/Milky Way Galaxy/Sol System/Earth (Terra)/2079-4000/Corporations/Lazarus Excavations International (LXI).md,yes,.md
Earth Unification.md,I - Pleroma Archive/World/Locations/Eos Multiverse/The Dark Forest Zone/Local Cluster/Totum/Verse Structure/Superclusters/Laniakea/Milky Way Galaxy/Sol System/Earth (Terra)/2079-4000/Terran Federation/Earth Unification.md,New Readers Start Here/I - Pleroma Archive/World/Locations/Eos Multiverse/The Dark Forest Zone/Local Cluster/Totum/Verse Structure/Superclusters/Laniakea/Milky Way Galaxy/Sol System/Earth (Terra)/2079-4000/Terran Federation/Earth Unification.md,yes,.md
Super structures.md,I - Pleroma Archive/World/Locations/Eos Multiverse/The Dark Forest Zone/Local Cluster/Totum/Verse Structure/Superclusters/Laniakea/Milky Way Galaxy/Sol System/Earth (Terra)/1890-2078/Economy & Infrastructure/Super structures.md,New Readers Start Here/I - Pleroma Archive/World/Locations/Eos Multiverse/The Dark Forest Zone/Local Cluster/Totum/Verse Structure/Superclusters/Laniakea/Milky Way Galaxy/Sol System/Earth (Terra)/1890-2078/Economy & Infrastructure/Super structures.md,yes,.md
Residential Factories.md,I - Pleroma Archive/World/Locations/Eos Multiverse/The Dark Forest Zone/Local Cluster/Totum/Verse Structure/Superclusters/Laniakea/Milky Way Galaxy/Sol System/Earth (Terra)/1890-2078/Economy & Infrastructure/Residential Factories.md,New Readers Start Here/I - Pleroma Archive/World/Locations/Eos Multiverse/The Dark Forest Zone/Local Cluster/Totum/Verse Structure/Superclusters/Laniakea/Milky Way Galaxy/Sol System/Earth (Terra)/1890-2078/Economy & Infrastructure/Residential Factories.md,yes,.md
Fusion Reactors.md,I - Pleroma Archive/World/Locations/Eos Multiverse/The Dark Forest Zone/Local Cluster/Totum/Verse Structure/Superclusters/Laniakea/Milky Way Galaxy/Sol System/Earth (Terra)/1890-2078/Technology/Fusion Reactors.md,New Readers Start Here/I - Pleroma Archive/World/Locations/Eos Multiverse/The Dark Forest Zone/Local Cluster/Totum/Verse Structure/Superclusters/Laniakea/Milky Way Galaxy/Sol System/Earth (Terra)/1890-2078/Technology/Fusion Reactors.md,yes,.md
Mechanized Platforms.md,I - Pleroma Archive/World/Locations/Eos Multiverse/The Dark Forest Zone/Local Cluster/Totum/Verse Structure/Superclusters/Laniakea/Milky Way Galaxy/Sol System/Earth (Terra)/1890-2078/Technology/Mechanized Platforms.md,New Readers Start Here/I - Pleroma Archive/World/Locations/Eos Multiverse/The Dark Forest Zone/Local Cluster/Totum/Verse Structure/Superclusters/Laniakea/Milky Way Galaxy/Sol System/Earth (Terra)/1890-2078/Technology/Mechanized Platforms.md,yes,.md
Miniaturized Fusion.md,I - Pleroma Archive/World/Locations/Eos Multiverse/The Dark Forest Zone/Local Cluster/Totum/Verse Structure/Superclusters/Laniakea/Milky Way Galaxy/Sol System/Earth (Terra)/1890-2078/Technology/Miniaturized Fusion.md,New Readers Start Here/I - Pleroma Archive/World/Locations/Eos Multiverse/The Dark Forest Zone/Local Cluster/Totum/Verse Structure/Superclusters/Laniakea/Milky Way Galaxy/Sol System/Earth (Terra)/1890-2078/Technology/Miniaturized Fusion.md,yes,.md
Reports.md,I - Pleroma Archive/World/Locations/Eos Multiverse/The Dark Forest Zone/Local Cluster/Totum/Verse Structure/Superclusters/Laniakea/Milky Way Galaxy/Sol System/Earth (Terra)/1890-2078/Pre-WW3/Reports.md,New Readers Start Here/I - Pleroma Archive/World/Locations/Eos Multiverse/The Dark Forest Zone/Local Cluster/Totum/Verse Structure/Superclusters/Laniakea/Milky Way Galaxy/Sol System/Earth (Terra)/1890-2078/Pre-WW3/Reports.md,yes,.md
2000.md,I - Pleroma Archive/World/Locations/Eos Multiverse/The Dark Forest Zone/Local Cluster/Totum/Verse Structure/Superclusters/Laniakea/Milky Way Galaxy/Sol System/Earth (Terra)/1890-2078/Wetwire Outbreaks/2000.md,New Readers Start Here/I - Pleroma Archive/World/Locations/Eos Multiverse/The Dark Forest Zone/Local Cluster/Totum/Verse Structure/Superclusters/Laniakea/Milky Way Galaxy/Sol System/Earth (Terra)/1890-2078/Wetwire Outbreaks/2000.md,yes,.md
Timeline__WW3 _Relic War__dd0d9232.md,I - Pleroma Archive/World/Locations/Eos Multiverse/The Dark Forest Zone/Local Cluster/Totum/Verse Structure/Superclusters/Laniakea/Milky Way Galaxy/Sol System/Earth (Terra)/1890-2078/WW3 (Relic War)/Timeline.md,New Readers Start Here/I - Pleroma Archive/World/Locations/Eos Multiverse/The Dark Forest Zone/Local Cluster/Totum/Verse Structure/Superclusters/Laniakea/Milky Way Galaxy/Sol System/Earth (Terra)/1890-2078/WW3 (Relic War)/Timeline.md,yes,.md
Language Drift.md,I - Pleroma Archive/World/Locations/Eos Multiverse/The Dark Forest Zone/Local Cluster/Totum/Verse Structure/Superclusters/Laniakea/Milky Way Galaxy/Sol System/Earth (Terra)/1890-2078/Post-WW3/Language Drift.md,New Readers Start Here/I - Pleroma Archive/World/Locations/Eos Multiverse/The Dark Forest Zone/Local Cluster/Totum/Verse Structure/Superclusters/Laniakea/Milky Way Galaxy/Sol System/Earth (Terra)/1890-2078/Post-WW3/Language Drift.md,yes,.md
Relics__Post-WW3__259d3888.md,I - Pleroma Archive/World/Locations/Eos Multiverse/The Dark Forest Zone/Local Cluster/Totum/Verse Structure/Superclusters/Laniakea/Milky Way Galaxy/Sol System/Earth (Terra)/1890-2078/Post-WW3/Relics.md,New Readers Start Here/I - Pleroma Archive/World/Locations/Eos Multiverse/The Dark Forest Zone/Local Cluster/Totum/Verse Structure/Superclusters/Laniakea/Milky Way Galaxy/Sol System/Earth (Terra)/1890-2078/Post-WW3/Relics.md,yes,.md
Timeline__Post-WW3__156a8c7a.md,I - Pleroma Archive/World/Locations/Eos Multiverse/The Dark Forest Zone/Local Cluster/Totum/Verse Structure/Superclusters/Laniakea/Milky Way Galaxy/Sol System/Earth (Terra)/1890-2078/Post-WW3/Timeline.md,New Readers Start Here/I - Pleroma Archive/World/Locations/Eos Multiverse/The Dark Forest Zone/Local Cluster/Totum/Verse Structure/Superclusters/Laniakea/Milky Way Galaxy/Sol System/Earth (Terra)/1890-2078/Post-WW3/Timeline.md,yes,.md
Daily life__Post-WW3__62585c5c.md,I - Pleroma Archive/World/Locations/Eos Multiverse/The Dark Forest Zone/Local Cluster/Totum/Verse Structure/Superclusters/Laniakea/Milky Way Galaxy/Sol System/Earth (Terra)/1890-2078/Post-WW3/Daily life.md,New Readers Start Here/I - Pleroma Archive/World/Locations/Eos Multiverse/The Dark Forest Zone/Local Cluster/Totum/Verse Structure/Superclusters/Laniakea/Milky Way Galaxy/Sol System/Earth (Terra)/1890-2078/Post-WW3/Daily life.md,yes,.md
The Terran Federation.md,I - Pleroma Archive/World/Locations/Eos Multiverse/The Dark Forest Zone/Local Cluster/Totum/Verse Structure/Superclusters/Laniakea/Milky Way Galaxy/Sol System/Earth (Terra)/1890-2078/Post-WW3/The Terran Federation.md,New Readers Start Here/I - Pleroma Archive/World/Locations/Eos Multiverse/The Dark Forest Zone/Local Cluster/Totum/Verse Structure/Superclusters/Laniakea/Milky Way Galaxy/Sol System/Earth (Terra)/1890-2078/Post-WW3/The Terran Federation.md,yes,.md
Cultures.md,I - Pleroma Archive/World/Locations/Eos Multiverse/The Dark Forest Zone/Local Cluster/Totum/Verse Structure/Superclusters/Laniakea/Milky Way Galaxy/Sol System/Earth (Terra)/1890-2078/Post-WW3/Cultures.md,New Readers Start Here/I - Pleroma Archive/World/Locations/Eos Multiverse/The Dark Forest Zone/Local Cluster/Totum/Verse Structure/Superclusters/Laniakea/Milky Way Galaxy/Sol System/Earth (Terra)/1890-2078/Post-WW3/Cultures.md,yes,.md
ATLAS OF THE DISCORDIA AERA.md,I - Pleroma Archive/World/Locations/Eos Multiverse/The Dark Forest Zone/Local Cluster/Totum/Verse Structure/Superclusters/Laniakea/Milky Way Galaxy/Sol System/Earth (Terra)/1890-2078/Post-WW3/ATLAS OF THE DISCORDIA AERA.md,New Readers Start Here/I - Pleroma Archive/World/Locations/Eos Multiverse/The Dark Forest Zone/Local Cluster/Totum/Verse Structure/Superclusters/Laniakea/Milky Way Galaxy/Sol System/Earth (Terra)/1890-2078/Post-WW3/ATLAS OF THE DISCORDIA AERA.md,yes,.md
Oceanus Procellarum (Ocean of Storms).md,I - Pleroma Archive/World/Locations/Eos Multiverse/The Dark Forest Zone/Local Cluster/Totum/Verse Structure/Superclusters/Laniakea/Milky Way Galaxy/Sol System/Earth (Terra)/2079-4000/Moon (Luna)/Locations/Oceanus Procellarum (Ocean of Storms).md,New Readers Start Here/I - Pleroma Archive/World/Locations/Eos Multiverse/The Dark Forest Zone/Local Cluster/Totum/Verse Structure/Superclusters/Laniakea/Milky Way Galaxy/Sol System/Earth (Terra)/2079-4000/Moon (Luna)/Locations/Oceanus Procellarum (Ocean of Storms).md,yes,.md
Mare Tranquillitatis (Sea of Tranquility).md,I - Pleroma Archive/World/Locations/Eos Multiverse/The Dark Forest Zone/Local Cluster/Totum/Verse Structure/Superclusters/Laniakea/Milky Way Galaxy/Sol System/Earth (Terra)/2079-4000/Moon (Luna)/Locations/Mare Tranquillitatis (Sea of Tranquility).md,New Readers Start Here/I - Pleroma Archive/World/Locations/Eos Multiverse/The Dark Forest Zone/Local Cluster/Totum/Verse Structure/Superclusters/Laniakea/Milky Way Galaxy/Sol System/Earth (Terra)/2079-4000/Moon (Luna)/Locations/Mare Tranquillitatis (Sea of Tranquility).md,yes,.md
Reiner Gamma (Lunar Swirl).md,I - Pleroma Archive/World/Locations/Eos Multiverse/The Dark Forest Zone/Local Cluster/Totum/Verse Structure/Superclusters/Laniakea/Milky Way Galaxy/Sol System/Earth (Terra)/2079-4000/Moon (Luna)/Locations/Reiner Gamma (Lunar Swirl).md,New Readers Start Here/I - Pleroma Archive/World/Locations/Eos Multiverse/The Dark Forest Zone/Local Cluster/Totum/Verse Structure/Superclusters/Laniakea/Milky Way Galaxy/Sol System/Earth (Terra)/2079-4000/Moon (Luna)/Locations/Reiner Gamma (Lunar Swirl).md,yes,.md
Hidden Side (Far Side of the Moon).md,I - Pleroma Archive/World/Locations/Eos Multiverse/The Dark Forest Zone/Local Cluster/Totum/Verse Structure/Superclusters/Laniakea/Milky Way Galaxy/Sol System/Earth (Terra)/2079-4000/Moon (Luna)/Locations/Hidden Side (Far Side of the Moon).md,New Readers Start Here/I - Pleroma Archive/World/Locations/Eos Multiverse/The Dark Forest Zone/Local Cluster/Totum/Verse Structure/Superclusters/Laniakea/Milky Way Galaxy/Sol System/Earth (Terra)/2079-4000/Moon (Luna)/Locations/Hidden Side (Far Side of the Moon).md,yes,.md
Aristarchus Plateau.md,I - Pleroma Archive/World/Locations/Eos Multiverse/The Dark Forest Zone/Local Cluster/Totum/Verse Structure/Superclusters/Laniakea/Milky Way Galaxy/Sol System/Earth (Terra)/2079-4000/Moon (Luna)/Locations/Aristarchus Plateau.md,New Readers Start Here/I - Pleroma Archive/World/Locations/Eos Multiverse/The Dark Forest Zone/Local Cluster/Totum/Verse Structure/Superclusters/Laniakea/Milky Way Galaxy/Sol System/Earth (Terra)/2079-4000/Moon (Luna)/Locations/Aristarchus Plateau.md,yes,.md
South PoleΓÇôAitken Basin (SPA Basin).md,I - Pleroma Archive/World/Locations/Eos Multiverse/The Dark Forest Zone/Local Cluster/Totum/Verse Structure/Superclusters/Laniakea/Milky Way Galaxy/Sol System/Earth (Terra)/2079-4000/Moon (Luna)/Locations/South PoleΓÇôAitken Basin (SPA Basin).md,New Readers Start Here/I - Pleroma Archive/World/Locations/Eos Multiverse/The Dark Forest Zone/Local Cluster/Totum/Verse Structure/Superclusters/Laniakea/Milky Way Galaxy/Sol System/Earth (Terra)/2079-4000/Moon (Luna)/Locations/South PoleΓÇôAitken Basin (SPA Basin).md,yes,.md
Pirates.md,I - Pleroma Archive/World/Locations/Eos Multiverse/The Dark Forest Zone/Local Cluster/Totum/Verse Structure/Superclusters/Laniakea/Milky Way Galaxy/Sol System/Earth (Terra)/2079-4000/Crime/Independents/Pirates.md,New Readers Start Here/I - Pleroma Archive/World/Locations/Eos Multiverse/The Dark Forest Zone/Local Cluster/Totum/Verse Structure/Superclusters/Laniakea/Milky Way Galaxy/Sol System/Earth (Terra)/2079-4000/Crime/Independents/Pirates.md,yes,.md
The Discipled Few__Zelots__8969df68.md,I - Pleroma Archive/World/Locations/Eos Multiverse/The Dark Forest Zone/Local Cluster/Totum/Verse Structure/Superclusters/Laniakea/Milky Way Galaxy/Sol System/Earth (Terra)/2079-4000/Crime/Zelots/The Discipled Few.md,New Readers Start Here/I - Pleroma Archive/World/Locations/Eos Multiverse/The Dark Forest Zone/Local Cluster/Totum/Verse Structure/Superclusters/Laniakea/Milky Way Galaxy/Sol System/Earth (Terra)/2079-4000/Crime/Zelots/The Discipled Few.md,yes,.md
The Jade Association__Syndicates__06bc13e0.md,I - Pleroma Archive/World/Locations/Eos Multiverse/The Dark Forest Zone/Local Cluster/Totum/Verse Structure/Superclusters/Laniakea/Milky Way Galaxy/Sol System/Earth (Terra)/2079-4000/Crime/Syndicates/The Jade Association.md,New Readers Start Here/I - Pleroma Archive/World/Locations/Eos Multiverse/The Dark Forest Zone/Local Cluster/Totum/Verse Structure/Superclusters/Laniakea/Milky Way Galaxy/Sol System/Earth (Terra)/2079-4000/Crime/Syndicates/The Jade Association.md,yes,.md
The Calabria Family__Families__9ab9e8ae.md,I - Pleroma Archive/World/Locations/Eos Multiverse/The Dark Forest Zone/Local Cluster/Totum/Verse Structure/Superclusters/Laniakea/Milky Way Galaxy/Sol System/Earth (Terra)/2079-4000/Crime/Families/The Calabria Family.md,New Readers Start Here/I - Pleroma Archive/World/Locations/Eos Multiverse/The Dark Forest Zone/Local Cluster/Totum/Verse Structure/Superclusters/Laniakea/Milky Way Galaxy/Sol System/Earth (Terra)/2079-4000/Crime/Families/The Calabria Family.md,yes,.md
The Luciano Family__Families__ba368121.md,I - Pleroma Archive/World/Locations/Eos Multiverse/The Dark Forest Zone/Local Cluster/Totum/Verse Structure/Superclusters/Laniakea/Milky Way Galaxy/Sol System/Earth (Terra)/2079-4000/Crime/Families/The Luciano Family.md,New Readers Start Here/I - Pleroma Archive/World/Locations/Eos Multiverse/The Dark Forest Zone/Local Cluster/Totum/Verse Structure/Superclusters/Laniakea/Milky Way Galaxy/Sol System/Earth (Terra)/2079-4000/Crime/Families/The Luciano Family.md,yes,.md
The Campania Family__Families__2e100af9.md,I - Pleroma Archive/World/Locations/Eos Multiverse/The Dark Forest Zone/Local Cluster/Totum/Verse Structure/Superclusters/Laniakea/Milky Way Galaxy/Sol System/Earth (Terra)/2079-4000/Crime/Families/The Campania Family.md,New Readers Start Here/I - Pleroma Archive/World/Locations/Eos Multiverse/The Dark Forest Zone/Local Cluster/Totum/Verse Structure/Superclusters/Laniakea/Milky Way Galaxy/Sol System/Earth (Terra)/2079-4000/Crime/Families/The Campania Family.md,yes,.md
The Magic Hills Cartel.md,I - Pleroma Archive/World/Locations/Eos Multiverse/The Dark Forest Zone/Local Cluster/Totum/Verse Structure/Superclusters/Laniakea/Milky Way Galaxy/Sol System/Earth (Terra)/2079-4000/Crime/Cartels/The Magic Hills Cartel.md,New Readers Start Here/I - Pleroma Archive/World/Locations/Eos Multiverse/The Dark Forest Zone/Local Cluster/Totum/Verse Structure/Superclusters/Laniakea/Milky Way Galaxy/Sol System/Earth (Terra)/2079-4000/Crime/Cartels/The Magic Hills Cartel.md,yes,.md
The Metal Death Tribe.md,I - Pleroma Archive/World/Locations/Eos Multiverse/The Dark Forest Zone/Local Cluster/Totum/Verse Structure/Superclusters/Laniakea/Milky Way Galaxy/Sol System/Earth (Terra)/2079-4000/Crime/Cartels/The Metal Death Tribe.md,New Readers Start Here/I - Pleroma Archive/World/Locations/Eos Multiverse/The Dark Forest Zone/Local Cluster/Totum/Verse Structure/Superclusters/Laniakea/Milky Way Galaxy/Sol System/Earth (Terra)/2079-4000/Crime/Cartels/The Metal Death Tribe.md,yes,.md
The Royal Needle__Cartels__d291a3c1.md,I - Pleroma Archive/World/Locations/Eos Multiverse/The Dark Forest Zone/Local Cluster/Totum/Verse Structure/Superclusters/Laniakea/Milky Way Galaxy/Sol System/Earth (Terra)/2079-4000/Crime/Cartels/The Royal Needle.md,New Readers Start Here/I - Pleroma Archive/World/Locations/Eos Multiverse/The Dark Forest Zone/Local Cluster/Totum/Verse Structure/Superclusters/Laniakea/Milky Way Galaxy/Sol System/Earth (Terra)/2079-4000/Crime/Cartels/The Royal Needle.md,yes,.md
The Blue Monkey Boys.md,I - Pleroma Archive/World/Locations/Eos Multiverse/The Dark Forest Zone/Local Cluster/Totum/Verse Structure/Superclusters/Laniakea/Milky Way Galaxy/Sol System/Earth (Terra)/2079-4000/Crime/Cartels/The Blue Monkey Boys.md,New Readers Start Here/I - Pleroma Archive/World/Locations/Eos Multiverse/The Dark Forest Zone/Local Cluster/Totum/Verse Structure/Superclusters/Laniakea/Milky Way Galaxy/Sol System/Earth (Terra)/2079-4000/Crime/Cartels/The Blue Monkey Boys.md,yes,.md
The Diamond Badger Cartel.md,I - Pleroma Archive/World/Locations/Eos Multiverse/The Dark Forest Zone/Local Cluster/Totum/Verse Structure/Superclusters/Laniakea/Milky Way Galaxy/Sol System/Earth (Terra)/2079-4000/Crime/Cartels/The Diamond Badger Cartel.md,New Readers Start Here/I - Pleroma Archive/World/Locations/Eos Multiverse/The Dark Forest Zone/Local Cluster/Totum/Verse Structure/Superclusters/Laniakea/Milky Way Galaxy/Sol System/Earth (Terra)/2079-4000/Crime/Cartels/The Diamond Badger Cartel.md,yes,.md
First Solar War.md,I - Pleroma Archive/World/Locations/Eos Multiverse/The Dark Forest Zone/Local Cluster/Totum/Verse Structure/Superclusters/Laniakea/Milky Way Galaxy/Sol System/Earth (Terra)/2079-4000/Colonial Union/Conflict/First Solar War.md,New Readers Start Here/I - Pleroma Archive/World/Locations/Eos Multiverse/The Dark Forest Zone/Local Cluster/Totum/Verse Structure/Superclusters/Laniakea/Milky Way Galaxy/Sol System/Earth (Terra)/2079-4000/Colonial Union/Conflict/First Solar War.md,yes,.md
Skirmishes.md,I - Pleroma Archive/World/Locations/Eos Multiverse/The Dark Forest Zone/Local Cluster/Totum/Verse Structure/Superclusters/Laniakea/Milky Way Galaxy/Sol System/Earth (Terra)/2079-4000/Colonial Union/Conflict/Skirmishes.md,New Readers Start Here/I - Pleroma Archive/World/Locations/Eos Multiverse/The Dark Forest Zone/Local Cluster/Totum/Verse Structure/Superclusters/Laniakea/Milky Way Galaxy/Sol System/Earth (Terra)/2079-4000/Colonial Union/Conflict/Skirmishes.md,yes,.md
Second Solar War.md,I - Pleroma Archive/World/Locations/Eos Multiverse/The Dark Forest Zone/Local Cluster/Totum/Verse Structure/Superclusters/Laniakea/Milky Way Galaxy/Sol System/Earth (Terra)/2079-4000/Colonial Union/Conflict/Second Solar War.md,New Readers Start Here/I - Pleroma Archive/World/Locations/Eos Multiverse/The Dark Forest Zone/Local Cluster/Totum/Verse Structure/Superclusters/Laniakea/Milky Way Galaxy/Sol System/Earth (Terra)/2079-4000/Colonial Union/Conflict/Second Solar War.md,yes,.md
The Kindred of Mars.md,I - Pleroma Archive/World/Locations/Eos Multiverse/The Dark Forest Zone/Local Cluster/Totum/Verse Structure/Superclusters/Laniakea/Milky Way Galaxy/Sol System/Earth (Terra)/2079-4000/Colonial Union/Governments&services/The Kindred of Mars.md,New Readers Start Here/I - Pleroma Archive/World/Locations/Eos Multiverse/The Dark Forest Zone/Local Cluster/Totum/Verse Structure/Superclusters/Laniakea/Milky Way Galaxy/Sol System/Earth (Terra)/2079-4000/Colonial Union/Governments&services/The Kindred of Mars.md,yes,.md
Miridians Ascent.md,I - Pleroma Archive/World/Locations/Eos Multiverse/The Dark Forest Zone/Local Cluster/Totum/Verse Structure/Superclusters/Laniakea/Milky Way Galaxy/Sol System/Earth (Terra)/2079-4000/Colonial Union/Governments&services/Miridians Ascent.md,New Readers Start Here/I - Pleroma Archive/World/Locations/Eos Multiverse/The Dark Forest Zone/Local Cluster/Totum/Verse Structure/Superclusters/Laniakea/Milky Way Galaxy/Sol System/Earth (Terra)/2079-4000/Colonial Union/Governments&services/Miridians Ascent.md,yes,.md
Colonial Worlds Postal Service.md,I - Pleroma Archive/World/Locations/Eos Multiverse/The Dark Forest Zone/Local Cluster/Totum/Verse Structure/Superclusters/Laniakea/Milky Way Galaxy/Sol System/Earth (Terra)/2079-4000/Colonial Union/Governments&services/Colonial Worlds Postal Service.md,New Readers Start Here/I - Pleroma Archive/World/Locations/Eos Multiverse/The Dark Forest Zone/Local Cluster/Totum/Verse Structure/Superclusters/Laniakea/Milky Way Galaxy/Sol System/Earth (Terra)/2079-4000/Colonial Union/Governments&services/Colonial Worlds Postal Service.md,yes,.md
Mercurian Colonial Development to Craterheart.md,I - Pleroma Archive/World/Locations/Eos Multiverse/The Dark Forest Zone/Local Cluster/Totum/Verse Structure/Superclusters/Laniakea/Milky Way Galaxy/Sol System/Earth (Terra)/2079-4000/Colonial Union/Intrastellar/Mercurian Colonial Development to Craterheart.md,New Readers Start Here/I - Pleroma Archive/World/Locations/Eos Multiverse/The Dark Forest Zone/Local Cluster/Totum/Verse Structure/Superclusters/Laniakea/Milky Way Galaxy/Sol System/Earth (Terra)/2079-4000/Colonial Union/Intrastellar/Mercurian Colonial Development to Craterheart.md,yes,.md
Mercury Colonial Committee - Legacy Concepts.md,I - Pleroma Archive/World/Locations/Eos Multiverse/The Dark Forest Zone/Local Cluster/Totum/Verse Structure/Superclusters/Laniakea/Milky Way Galaxy/Sol System/Earth (Terra)/2079-4000/Colonial Union/Intrastellar/Mercury Colonial Committee - Legacy Concepts.md,New Readers Start Here/I - Pleroma Archive/World/Locations/Eos Multiverse/The Dark Forest Zone/Local Cluster/Totum/Verse Structure/Superclusters/Laniakea/Milky Way Galaxy/Sol System/Earth (Terra)/2079-4000/Colonial Union/Intrastellar/Mercury Colonial Committee - Legacy Concepts.md,yes,.md
Colonial Committees - Canonical Development 3008-3600.md,I - Pleroma Archive/World/Locations/Eos Multiverse/The Dark Forest Zone/Local Cluster/Totum/Verse Structure/Superclusters/Laniakea/Milky Way Galaxy/Sol System/Earth (Terra)/2079-4000/Colonial Union/Intrastellar/Colonial Committees - Canonical Development 3008-3600.md,New Readers Start Here/I - Pleroma Archive/World/Locations/Eos Multiverse/The Dark Forest Zone/Local Cluster/Totum/Verse Structure/Superclusters/Laniakea/Milky Way Galaxy/Sol System/Earth (Terra)/2079-4000/Colonial Union/Intrastellar/Colonial Committees - Canonical Development 3008-3600.md,yes,.md
Mercury Colonial Committee.md,I - Pleroma Archive/World/Locations/Eos Multiverse/The Dark Forest Zone/Local Cluster/Totum/Verse Structure/Superclusters/Laniakea/Milky Way Galaxy/Sol System/Earth (Terra)/2079-4000/Colonial Union/Intrastellar/Mercury Colonial Committee.md,New Readers Start Here/I - Pleroma Archive/World/Locations/Eos Multiverse/The Dark Forest Zone/Local Cluster/Totum/Verse Structure/Superclusters/Laniakea/Milky Way Galaxy/Sol System/Earth (Terra)/2079-4000/Colonial Union/Intrastellar/Mercury Colonial Committee.md,yes,.md
Venus Colonial Committee - Legacy Concepts.md,I - Pleroma Archive/World/Locations/Eos Multiverse/The Dark Forest Zone/Local Cluster/Totum/Verse Structure/Superclusters/Laniakea/Milky Way Galaxy/Sol System/Earth (Terra)/2079-4000/Colonial Union/Intrastellar/Venus Colonial Committee - Legacy Concepts.md,New Readers Start Here/I - Pleroma Archive/World/Locations/Eos Multiverse/The Dark Forest Zone/Local Cluster/Totum/Verse Structure/Superclusters/Laniakea/Milky Way Galaxy/Sol System/Earth (Terra)/2079-4000/Colonial Union/Intrastellar/Venus Colonial Committee - Legacy Concepts.md,yes,.md
Venusian Colonial Development to Craterheart.md,I - Pleroma Archive/World/Locations/Eos Multiverse/The Dark Forest Zone/Local Cluster/Totum/Verse Structure/Superclusters/Laniakea/Milky Way Galaxy/Sol System/Earth (Terra)/2079-4000/Colonial Union/Intrastellar/Venusian Colonial Development to Craterheart.md,New Readers Start Here/I - Pleroma Archive/World/Locations/Eos Multiverse/The Dark Forest Zone/Local Cluster/Totum/Verse Structure/Superclusters/Laniakea/Milky Way Galaxy/Sol System/Earth (Terra)/2079-4000/Colonial Union/Intrastellar/Venusian Colonial Development to Craterheart.md,yes,.md
Venus Colonial Committee.md,I - Pleroma Archive/World/Locations/Eos Multiverse/The Dark Forest Zone/Local Cluster/Totum/Verse Structure/Superclusters/Laniakea/Milky Way Galaxy/Sol System/Earth (Terra)/2079-4000/Colonial Union/Intrastellar/Venus Colonial Committee.md,New Readers Start Here/I - Pleroma Archive/World/Locations/Eos Multiverse/The Dark Forest Zone/Local Cluster/Totum/Verse Structure/Superclusters/Laniakea/Milky Way Galaxy/Sol System/Earth (Terra)/2079-4000/Colonial Union/Intrastellar/Venus Colonial Committee.md,yes,.md
Ferrox Armaments.md,I - Pleroma Archive/World/Locations/Eos Multiverse/The Dark Forest Zone/Local Cluster/Totum/Verse Structure/Superclusters/Laniakea/Milky Way Galaxy/Sol System/Earth (Terra)/2079-4000/Fleets/Corporate Fleets/Ferrox Armaments.md,New Readers Start Here/I - Pleroma Archive/World/Locations/Eos Multiverse/The Dark Forest Zone/Local Cluster/Totum/Verse Structure/Superclusters/Laniakea/Milky Way Galaxy/Sol System/Earth (Terra)/2079-4000/Fleets/Corporate Fleets/Ferrox Armaments.md,yes,.md
Corporate Fleets.md,I - Pleroma Archive/World/Locations/Eos Multiverse/The Dark Forest Zone/Local Cluster/Totum/Verse Structure/Superclusters/Laniakea/Milky Way Galaxy/Sol System/Earth (Terra)/2079-4000/Fleets/Corporate Fleets/Corporate Fleets.md,New Readers Start Here/I - Pleroma Archive/World/Locations/Eos Multiverse/The Dark Forest Zone/Local Cluster/Totum/Verse Structure/Superclusters/Laniakea/Milky Way Galaxy/Sol System/Earth (Terra)/2079-4000/Fleets/Corporate Fleets/Corporate Fleets.md,yes,.md
Helios Magna.md,I - Pleroma Archive/World/Locations/Eos Multiverse/The Dark Forest Zone/Local Cluster/Totum/Verse Structure/Superclusters/Laniakea/Milky Way Galaxy/Sol System/Earth (Terra)/2079-4000/Fleets/Corporate Fleets/Helios Magna.md,New Readers Start Here/I - Pleroma Archive/World/Locations/Eos Multiverse/The Dark Forest Zone/Local Cluster/Totum/Verse Structure/Superclusters/Laniakea/Milky Way Galaxy/Sol System/Earth (Terra)/2079-4000/Fleets/Corporate Fleets/Helios Magna.md,yes,.md
Terraformx.md,I - Pleroma Archive/World/Locations/Eos Multiverse/The Dark Forest Zone/Local Cluster/Totum/Verse Structure/Superclusters/Laniakea/Milky Way Galaxy/Sol System/Earth (Terra)/2079-4000/Fleets/Corporate Fleets/Terraformx.md,New Readers Start Here/I - Pleroma Archive/World/Locations/Eos Multiverse/The Dark Forest Zone/Local Cluster/Totum/Verse Structure/Superclusters/Laniakea/Milky Way Galaxy/Sol System/Earth (Terra)/2079-4000/Fleets/Corporate Fleets/Terraformx.md,yes,.md
Locations__Locations__cfda08a8.md,I - Pleroma Archive/World/Locations/Eos Multiverse/The Dark Forest Zone/Local Cluster/Totum/Verse Structure/Superclusters/Laniakea/Milky Way Galaxy/Sol System/Earth (Terra)/1890-2078/Economy & Infrastructure/Locations/Locations.md,New Readers Start Here/I - Pleroma Archive/World/Locations/Eos Multiverse/The Dark Forest Zone/Local Cluster/Totum/Verse Structure/Superclusters/Laniakea/Milky Way Galaxy/Sol System/Earth (Terra)/1890-2078/Economy & Infrastructure/Locations/Locations.md,yes,.md
Lake Mega Chad.md,I - Pleroma Archive/World/Locations/Eos Multiverse/The Dark Forest Zone/Local Cluster/Totum/Verse Structure/Superclusters/Laniakea/Milky Way Galaxy/Sol System/Earth (Terra)/1890-2078/Economy & Infrastructure/Locations/Lake Mega Chad.md,New Readers Start Here/I - Pleroma Archive/World/Locations/Eos Multiverse/The Dark Forest Zone/Local Cluster/Totum/Verse Structure/Superclusters/Laniakea/Milky Way Galaxy/Sol System/Earth (Terra)/1890-2078/Economy & Infrastructure/Locations/Lake Mega Chad.md,yes,.md
Sequoyah (Native American state) 1907-1920.md,I - Pleroma Archive/World/Locations/Eos Multiverse/The Dark Forest Zone/Local Cluster/Totum/Verse Structure/Superclusters/Laniakea/Milky Way Galaxy/Sol System/Earth (Terra)/1890-2078/Economy & Infrastructure/Locations/Sequoyah (Native American state) 1907-1920.md,New Readers Start Here/I - Pleroma Archive/World/Locations/Eos Multiverse/The Dark Forest Zone/Local Cluster/Totum/Verse Structure/Superclusters/Laniakea/Milky Way Galaxy/Sol System/Earth (Terra)/1890-2078/Economy & Infrastructure/Locations/Sequoyah (Native American state) 1907-1920.md,yes,.md
(Al-noor) 1900.md,I - Pleroma Archive/World/Locations/Eos Multiverse/The Dark Forest Zone/Local Cluster/Totum/Verse Structure/Superclusters/Laniakea/Milky Way Galaxy/Sol System/Earth (Terra)/1890-2078/Economy & Infrastructure/Locations/(Al-noor) 1900.md,New Readers Start Here/I - Pleroma Archive/World/Locations/Eos Multiverse/The Dark Forest Zone/Local Cluster/Totum/Verse Structure/Superclusters/Laniakea/Milky Way Galaxy/Sol System/Earth (Terra)/1890-2078/Economy & Infrastructure/Locations/(Al-noor) 1900.md,yes,.md
The Rice and the Sword.md,I - Pleroma Archive/World/Locations/Eos Multiverse/The Dark Forest Zone/Local Cluster/Totum/Verse Structure/Superclusters/Laniakea/Milky Way Galaxy/Sol System/Earth (Terra)/1890-2078/Pre-WW3/Short Stories/The Rice and the Sword.md,New Readers Start Here/I - Pleroma Archive/World/Locations/Eos Multiverse/The Dark Forest Zone/Local Cluster/Totum/Verse Structure/Superclusters/Laniakea/Milky Way Galaxy/Sol System/Earth (Terra)/1890-2078/Pre-WW3/Short Stories/The Rice and the Sword.md,yes,.md
The Cloth and the Spear.md,I - Pleroma Archive/World/Locations/Eos Multiverse/The Dark Forest Zone/Local Cluster/Totum/Verse Structure/Superclusters/Laniakea/Milky Way Galaxy/Sol System/Earth (Terra)/1890-2078/Pre-WW3/Short Stories/The Cloth and the Spear.md,New Readers Start Here/I - Pleroma Archive/World/Locations/Eos Multiverse/The Dark Forest Zone/Local Cluster/Totum/Verse Structure/Superclusters/Laniakea/Milky Way Galaxy/Sol System/Earth (Terra)/1890-2078/Pre-WW3/Short Stories/The Cloth and the Spear.md,yes,.md
The Stone and the Child.md,I - Pleroma Archive/World/Locations/Eos Multiverse/The Dark Forest Zone/Local Cluster/Totum/Verse Structure/Superclusters/Laniakea/Milky Way Galaxy/Sol System/Earth (Terra)/1890-2078/Pre-WW3/Short Stories/The Stone and the Child.md,New Readers Start Here/I - Pleroma Archive/World/Locations/Eos Multiverse/The Dark Forest Zone/Local Cluster/Totum/Verse Structure/Superclusters/Laniakea/Milky Way Galaxy/Sol System/Earth (Terra)/1890-2078/Pre-WW3/Short Stories/The Stone and the Child.md,yes,.md
Numbers and Smoke.md,I - Pleroma Archive/World/Locations/Eos Multiverse/The Dark Forest Zone/Local Cluster/Totum/Verse Structure/Superclusters/Laniakea/Milky Way Galaxy/Sol System/Earth (Terra)/1890-2078/Pre-WW3/Short Stories/Numbers and Smoke.md,New Readers Start Here/I - Pleroma Archive/World/Locations/Eos Multiverse/The Dark Forest Zone/Local Cluster/Totum/Verse Structure/Superclusters/Laniakea/Milky Way Galaxy/Sol System/Earth (Terra)/1890-2078/Pre-WW3/Short Stories/Numbers and Smoke.md,yes,.md
The Mandate.md,I - Pleroma Archive/World/Locations/Eos Multiverse/The Dark Forest Zone/Local Cluster/Totum/Verse Structure/Superclusters/Laniakea/Milky Way Galaxy/Sol System/Earth (Terra)/1890-2078/Pre-WW3/Short Stories/The Mandate.md,New Readers Start Here/I - Pleroma Archive/World/Locations/Eos Multiverse/The Dark Forest Zone/Local Cluster/Totum/Verse Structure/Superclusters/Laniakea/Milky Way Galaxy/Sol System/Earth (Terra)/1890-2078/Pre-WW3/Short Stories/The Mandate.md,yes,.md
The Light of the Menorah.md,I - Pleroma Archive/World/Locations/Eos Multiverse/The Dark Forest Zone/Local Cluster/Totum/Verse Structure/Superclusters/Laniakea/Milky Way Galaxy/Sol System/Earth (Terra)/1890-2078/Pre-WW3/Short Stories/The Light of the Menorah.md,New Readers Start Here/I - Pleroma Archive/World/Locations/Eos Multiverse/The Dark Forest Zone/Local Cluster/Totum/Verse Structure/Superclusters/Laniakea/Milky Way Galaxy/Sol System/Earth (Terra)/1890-2078/Pre-WW3/Short Stories/The Light of the Menorah.md,yes,.md
Modern Day.md,I - Pleroma Archive/World/Locations/Eos Multiverse/The Dark Forest Zone/Local Cluster/Totum/Verse Structure/Superclusters/Laniakea/Milky Way Galaxy/Sol System/Earth (Terra)/1890-2078/Pre-WW3/Timeline/Modern Day.md,New Readers Start Here/I - Pleroma Archive/World/Locations/Eos Multiverse/The Dark Forest Zone/Local Cluster/Totum/Verse Structure/Superclusters/Laniakea/Milky Way Galaxy/Sol System/Earth (Terra)/1890-2078/Pre-WW3/Timeline/Modern Day.md,yes,.md
Daily Life__Timeline__c18c3116.md,I - Pleroma Archive/World/Locations/Eos Multiverse/The Dark Forest Zone/Local Cluster/Totum/Verse Structure/Superclusters/Laniakea/Milky Way Galaxy/Sol System/Earth (Terra)/1890-2078/Pre-WW3/Timeline/Daily Life.md,New Readers Start Here/I - Pleroma Archive/World/Locations/Eos Multiverse/The Dark Forest Zone/Local Cluster/Totum/Verse Structure/Superclusters/Laniakea/Milky Way Galaxy/Sol System/Earth (Terra)/1890-2078/Pre-WW3/Timeline/Daily Life.md,yes,.md
The Awakening.md,I - Pleroma Archive/World/Locations/Eos Multiverse/The Dark Forest Zone/Local Cluster/Totum/Verse Structure/Superclusters/Laniakea/Milky Way Galaxy/Sol System/Earth (Terra)/1890-2078/Pre-WW3/Timeline/The Awakening.md,New Readers Start Here/I - Pleroma Archive/World/Locations/Eos Multiverse/The Dark Forest Zone/Local Cluster/Totum/Verse Structure/Superclusters/Laniakea/Milky Way Galaxy/Sol System/Earth (Terra)/1890-2078/Pre-WW3/Timeline/The Awakening.md,yes,.md
Near Future.md,I - Pleroma Archive/World/Locations/Eos Multiverse/The Dark Forest Zone/Local Cluster/Totum/Verse Structure/Superclusters/Laniakea/Milky Way Galaxy/Sol System/Earth (Terra)/1890-2078/Pre-WW3/Timeline/Near Future.md,New Readers Start Here/I - Pleroma Archive/World/Locations/Eos Multiverse/The Dark Forest Zone/Local Cluster/Totum/Verse Structure/Superclusters/Laniakea/Milky Way Galaxy/Sol System/Earth (Terra)/1890-2078/Pre-WW3/Timeline/Near Future.md,yes,.md
One Minute To Midnight.md,I - Pleroma Archive/World/Locations/Eos Multiverse/The Dark Forest Zone/Local Cluster/Totum/Verse Structure/Superclusters/Laniakea/Milky Way Galaxy/Sol System/Earth (Terra)/1890-2078/Pre-WW3/Timeline/One Minute To Midnight.md,New Readers Start Here/I - Pleroma Archive/World/Locations/Eos Multiverse/The Dark Forest Zone/Local Cluster/Totum/Verse Structure/Superclusters/Laniakea/Milky Way Galaxy/Sol System/Earth (Terra)/1890-2078/Pre-WW3/Timeline/One Minute To Midnight.md,yes,.md
Post-War Order and Cold War Foundations.md,I - Pleroma Archive/World/Locations/Eos Multiverse/The Dark Forest Zone/Local Cluster/Totum/Verse Structure/Superclusters/Laniakea/Milky Way Galaxy/Sol System/Earth (Terra)/1890-2078/Pre-WW3/Timeline/Post-War Order and Cold War Foundations.md,New Readers Start Here/I - Pleroma Archive/World/Locations/Eos Multiverse/The Dark Forest Zone/Local Cluster/Totum/Verse Structure/Superclusters/Laniakea/Milky Way Galaxy/Sol System/Earth (Terra)/1890-2078/Pre-WW3/Timeline/Post-War Order and Cold War Foundations.md,yes,.md
Faith & Orders__Doctrine__f1b8eb82.md,I - Pleroma Archive/World/Locations/Eos Multiverse/The Dark Forest Zone/Local Cluster/Totum/Verse Structure/Superclusters/Laniakea/Milky Way Galaxy/Sol System/Earth (Terra)/1890-2078/Pre-WW3/Doctrine/Faith & Orders.md,New Readers Start Here/I - Pleroma Archive/World/Locations/Eos Multiverse/The Dark Forest Zone/Local Cluster/Totum/Verse Structure/Superclusters/Laniakea/Milky Way Galaxy/Sol System/Earth (Terra)/1890-2078/Pre-WW3/Doctrine/Faith & Orders.md,yes,.md
Schools of Thought__Doctrine__b994b8e5.md,I - Pleroma Archive/World/Locations/Eos Multiverse/The Dark Forest Zone/Local Cluster/Totum/Verse Structure/Superclusters/Laniakea/Milky Way Galaxy/Sol System/Earth (Terra)/1890-2078/Pre-WW3/Doctrine/Schools of Thought.md,New Readers Start Here/I - Pleroma Archive/World/Locations/Eos Multiverse/The Dark Forest Zone/Local Cluster/Totum/Verse Structure/Superclusters/Laniakea/Milky Way Galaxy/Sol System/Earth (Terra)/1890-2078/Pre-WW3/Doctrine/Schools of Thought.md,yes,.md
Neo Xia Sovereignty.md,I - Pleroma Archive/World/Locations/Eos Multiverse/The Dark Forest Zone/Local Cluster/Totum/Verse Structure/Superclusters/Laniakea/Milky Way Galaxy/Sol System/Earth (Terra)/1890-2078/Pre-WW3/Faction Profile/Neo Xia Sovereignty.md,New Readers Start Here/I - Pleroma Archive/World/Locations/Eos Multiverse/The Dark Forest Zone/Local Cluster/Totum/Verse Structure/Superclusters/Laniakea/Milky Way Galaxy/Sol System/Earth (Terra)/1890-2078/Pre-WW3/Faction Profile/Neo Xia Sovereignty.md,yes,.md
Faction Profile__Faction Profile__41ed1a82.md,I - Pleroma Archive/World/Locations/Eos Multiverse/The Dark Forest Zone/Local Cluster/Totum/Verse Structure/Superclusters/Laniakea/Milky Way Galaxy/Sol System/Earth (Terra)/1890-2078/Pre-WW3/Faction Profile/Faction Profile.md,New Readers Start Here/I - Pleroma Archive/World/Locations/Eos Multiverse/The Dark Forest Zone/Local Cluster/Totum/Verse Structure/Superclusters/Laniakea/Milky Way Galaxy/Sol System/Earth (Terra)/1890-2078/Pre-WW3/Faction Profile/Faction Profile.md,yes,.md
Deus Vult Novum.md,I - Pleroma Archive/World/Locations/Eos Multiverse/The Dark Forest Zone/Local Cluster/Totum/Verse Structure/Superclusters/Laniakea/Milky Way Galaxy/Sol System/Earth (Terra)/1890-2078/Pre-WW3/Faction Profile/Deus Vult Novum.md,New Readers Start Here/I - Pleroma Archive/World/Locations/Eos Multiverse/The Dark Forest Zone/Local Cluster/Totum/Verse Structure/Superclusters/Laniakea/Milky Way Galaxy/Sol System/Earth (Terra)/1890-2078/Pre-WW3/Faction Profile/Deus Vult Novum.md,yes,.md
Europolis.md,I - Pleroma Archive/World/Locations/Eos Multiverse/The Dark Forest Zone/Local Cluster/Totum/Verse Structure/Superclusters/Laniakea/Milky Way Galaxy/Sol System/Earth (Terra)/1890-2078/Pre-WW3/Faction Profile/Europolis.md,New Readers Start Here/I - Pleroma Archive/World/Locations/Eos Multiverse/The Dark Forest Zone/Local Cluster/Totum/Verse Structure/Superclusters/Laniakea/Milky Way Galaxy/Sol System/Earth (Terra)/1890-2078/Pre-WW3/Faction Profile/Europolis.md,yes,.md
Miriam Ben-David.md,I - Pleroma Archive/World/Locations/Eos Multiverse/The Dark Forest Zone/Local Cluster/Totum/Verse Structure/Superclusters/Laniakea/Milky Way Galaxy/Sol System/Earth (Terra)/1890-2078/Overview/Characters/Miriam Ben-David.md,New Readers Start Here/I - Pleroma Archive/World/Locations/Eos Multiverse/The Dark Forest Zone/Local Cluster/Totum/Verse Structure/Superclusters/Laniakea/Milky Way Galaxy/Sol System/Earth (Terra)/1890-2078/Overview/Characters/Miriam Ben-David.md,yes,.md
Akira Sato.md,I - Pleroma Archive/World/Locations/Eos Multiverse/The Dark Forest Zone/Local Cluster/Totum/Verse Structure/Superclusters/Laniakea/Milky Way Galaxy/Sol System/Earth (Terra)/1890-2078/Overview/Characters/Akira Sato.md,New Readers Start Here/I - Pleroma Archive/World/Locations/Eos Multiverse/The Dark Forest Zone/Local Cluster/Totum/Verse Structure/Superclusters/Laniakea/Milky Way Galaxy/Sol System/Earth (Terra)/1890-2078/Overview/Characters/Akira Sato.md,yes,.md
Elena Volkova.md,I - Pleroma Archive/World/Locations/Eos Multiverse/The Dark Forest Zone/Local Cluster/Totum/Verse Structure/Superclusters/Laniakea/Milky Way Galaxy/Sol System/Earth (Terra)/1890-2078/Overview/Characters/Elena Volkova.md,New Readers Start Here/I - Pleroma Archive/World/Locations/Eos Multiverse/The Dark Forest Zone/Local Cluster/Totum/Verse Structure/Superclusters/Laniakea/Milky Way Galaxy/Sol System/Earth (Terra)/1890-2078/Overview/Characters/Elena Volkova.md,yes,.md
Father Luca Moretti.md,I - Pleroma Archive/World/Locations/Eos Multiverse/The Dark Forest Zone/Local Cluster/Totum/Verse Structure/Superclusters/Laniakea/Milky Way Galaxy/Sol System/Earth (Terra)/1890-2078/Overview/Characters/Father Luca Moretti.md,New Readers Start Here/I - Pleroma Archive/World/Locations/Eos Multiverse/The Dark Forest Zone/Local Cluster/Totum/Verse Structure/Superclusters/Laniakea/Milky Way Galaxy/Sol System/Earth (Terra)/1890-2078/Overview/Characters/Father Luca Moretti.md,yes,.md
Yasin al-Khatib.md,I - Pleroma Archive/World/Locations/Eos Multiverse/The Dark Forest Zone/Local Cluster/Totum/Verse Structure/Superclusters/Laniakea/Milky Way Galaxy/Sol System/Earth (Terra)/1890-2078/Overview/Characters/Yasin al-Khatib.md,New Readers Start Here/I - Pleroma Archive/World/Locations/Eos Multiverse/The Dark Forest Zone/Local Cluster/Totum/Verse Structure/Superclusters/Laniakea/Milky Way Galaxy/Sol System/Earth (Terra)/1890-2078/Overview/Characters/Yasin al-Khatib.md,yes,.md
Dr. Wei Liang.md,I - Pleroma Archive/World/Locations/Eos Multiverse/The Dark Forest Zone/Local Cluster/Totum/Verse Structure/Superclusters/Laniakea/Milky Way Galaxy/Sol System/Earth (Terra)/1890-2078/Overview/Characters/Dr. Wei Liang.md,New Readers Start Here/I - Pleroma Archive/World/Locations/Eos Multiverse/The Dark Forest Zone/Local Cluster/Totum/Verse Structure/Superclusters/Laniakea/Milky Way Galaxy/Sol System/Earth (Terra)/1890-2078/Overview/Characters/Dr. Wei Liang.md,yes,.md
Characters__Characters__da43f68b.md,I - Pleroma Archive/World/Locations/Eos Multiverse/The Dark Forest Zone/Local Cluster/Totum/Verse Structure/Superclusters/Laniakea/Milky Way Galaxy/Sol System/Earth (Terra)/1890-2078/Overview/Characters/Characters.md,New Readers Start Here/I - Pleroma Archive/World/Locations/Eos Multiverse/The Dark Forest Zone/Local Cluster/Totum/Verse Structure/Superclusters/Laniakea/Milky Way Galaxy/Sol System/Earth (Terra)/1890-2078/Overview/Characters/Characters.md,yes,.md
The Alpine Helveticon.md,I - Pleroma Archive/World/Locations/Eos Multiverse/The Dark Forest Zone/Local Cluster/Totum/Verse Structure/Superclusters/Laniakea/Milky Way Galaxy/Sol System/Earth (Terra)/1890-2078/Post-WW3/City States/The Alpine Helveticon.md,New Readers Start Here/I - Pleroma Archive/World/Locations/Eos Multiverse/The Dark Forest Zone/Local Cluster/Totum/Verse Structure/Superclusters/Laniakea/Milky Way Galaxy/Sol System/Earth (Terra)/1890-2078/Post-WW3/City States/The Alpine Helveticon.md,yes,.md
The Antarctic Crown Cities.md,I - Pleroma Archive/World/Locations/Eos Multiverse/The Dark Forest Zone/Local Cluster/Totum/Verse Structure/Superclusters/Laniakea/Milky Way Galaxy/Sol System/Earth (Terra)/1890-2078/Post-WW3/City States/The Antarctic Crown Cities.md,New Readers Start Here/I - Pleroma Archive/World/Locations/Eos Multiverse/The Dark Forest Zone/Local Cluster/Totum/Verse Structure/Superclusters/Laniakea/Milky Way Galaxy/Sol System/Earth (Terra)/1890-2078/Post-WW3/City States/The Antarctic Crown Cities.md,yes,.md
The Paris Heights Commune.md,I - Pleroma Archive/World/Locations/Eos Multiverse/The Dark Forest Zone/Local Cluster/Totum/Verse Structure/Superclusters/Laniakea/Milky Way Galaxy/Sol System/Earth (Terra)/1890-2078/Post-WW3/City States/The Paris Heights Commune.md,New Readers Start Here/I - Pleroma Archive/World/Locations/Eos Multiverse/The Dark Forest Zone/Local Cluster/Totum/Verse Structure/Superclusters/Laniakea/Milky Way Galaxy/Sol System/Earth (Terra)/1890-2078/Post-WW3/City States/The Paris Heights Commune.md,yes,.md
The Sahara Salt Kingdoms.md,I - Pleroma Archive/World/Locations/Eos Multiverse/The Dark Forest Zone/Local Cluster/Totum/Verse Structure/Superclusters/Laniakea/Milky Way Galaxy/Sol System/Earth (Terra)/1890-2078/Post-WW3/City States/The Sahara Salt Kingdoms.md,New Readers Start Here/I - Pleroma Archive/World/Locations/Eos Multiverse/The Dark Forest Zone/Local Cluster/Totum/Verse Structure/Superclusters/Laniakea/Milky Way Galaxy/Sol System/Earth (Terra)/1890-2078/Post-WW3/City States/The Sahara Salt Kingdoms.md,yes,.md
The New Orleans Archipelago.md,I - Pleroma Archive/World/Locations/Eos Multiverse/The Dark Forest Zone/Local Cluster/Totum/Verse Structure/Superclusters/Laniakea/Milky Way Galaxy/Sol System/Earth (Terra)/1890-2078/Post-WW3/City States/The New Orleans Archipelago.md,New Readers Start Here/I - Pleroma Archive/World/Locations/Eos Multiverse/The Dark Forest Zone/Local Cluster/Totum/Verse Structure/Superclusters/Laniakea/Milky Way Galaxy/Sol System/Earth (Terra)/1890-2078/Post-WW3/City States/The New Orleans Archipelago.md,yes,.md
The Skygrave Republics.md,I - Pleroma Archive/World/Locations/Eos Multiverse/The Dark Forest Zone/Local Cluster/Totum/Verse Structure/Superclusters/Laniakea/Milky Way Galaxy/Sol System/Earth (Terra)/1890-2078/Post-WW3/City States/The Skygrave Republics.md,New Readers Start Here/I - Pleroma Archive/World/Locations/Eos Multiverse/The Dark Forest Zone/Local Cluster/Totum/Verse Structure/Superclusters/Laniakea/Milky Way Galaxy/Sol System/Earth (Terra)/1890-2078/Post-WW3/City States/The Skygrave Republics.md,yes,.md
The Andean Sky-Steppes.md,I - Pleroma Archive/World/Locations/Eos Multiverse/The Dark Forest Zone/Local Cluster/Totum/Verse Structure/Superclusters/Laniakea/Milky Way Galaxy/Sol System/Earth (Terra)/1890-2078/Post-WW3/City States/The Andean Sky-Steppes.md,New Readers Start Here/I - Pleroma Archive/World/Locations/Eos Multiverse/The Dark Forest Zone/Local Cluster/Totum/Verse Structure/Superclusters/Laniakea/Milky Way Galaxy/Sol System/Earth (Terra)/1890-2078/Post-WW3/City States/The Andean Sky-Steppes.md,yes,.md
The Neo-Kyoto Vault.md,I - Pleroma Archive/World/Locations/Eos Multiverse/The Dark Forest Zone/Local Cluster/Totum/Verse Structure/Superclusters/Laniakea/Milky Way Galaxy/Sol System/Earth (Terra)/1890-2078/Post-WW3/City States/The Neo-Kyoto Vault.md,New Readers Start Here/I - Pleroma Archive/World/Locations/Eos Multiverse/The Dark Forest Zone/Local Cluster/Totum/Verse Structure/Superclusters/Laniakea/Milky Way Galaxy/Sol System/Earth (Terra)/1890-2078/Post-WW3/City States/The Neo-Kyoto Vault.md,yes,.md
The Amazonian Mire Rovers.md,I - Pleroma Archive/World/Locations/Eos Multiverse/The Dark Forest Zone/Local Cluster/Totum/Verse Structure/Superclusters/Laniakea/Milky Way Galaxy/Sol System/Earth (Terra)/1890-2078/Post-WW3/City States/The Amazonian Mire Rovers.md,New Readers Start Here/I - Pleroma Archive/World/Locations/Eos Multiverse/The Dark Forest Zone/Local Cluster/Totum/Verse Structure/Superclusters/Laniakea/Milky Way Galaxy/Sol System/Earth (Terra)/1890-2078/Post-WW3/City States/The Amazonian Mire Rovers.md,yes,.md
The Gulfen Reach Clans.md,I - Pleroma Archive/World/Locations/Eos Multiverse/The Dark Forest Zone/Local Cluster/Totum/Verse Structure/Superclusters/Laniakea/Milky Way Galaxy/Sol System/Earth (Terra)/1890-2078/Post-WW3/City States/The Gulfen Reach Clans.md,New Readers Start Here/I - Pleroma Archive/World/Locations/Eos Multiverse/The Dark Forest Zone/Local Cluster/Totum/Verse Structure/Superclusters/Laniakea/Milky Way Galaxy/Sol System/Earth (Terra)/1890-2078/Post-WW3/City States/The Gulfen Reach Clans.md,yes,.md
The Red Sea Arcology Union.md,I - Pleroma Archive/World/Locations/Eos Multiverse/The Dark Forest Zone/Local Cluster/Totum/Verse Structure/Superclusters/Laniakea/Milky Way Galaxy/Sol System/Earth (Terra)/1890-2078/Post-WW3/City States/The Red Sea Arcology Union.md,New Readers Start Here/I - Pleroma Archive/World/Locations/Eos Multiverse/The Dark Forest Zone/Local Cluster/Totum/Verse Structure/Superclusters/Laniakea/Milky Way Galaxy/Sol System/Earth (Terra)/1890-2078/Post-WW3/City States/The Red Sea Arcology Union.md,yes,.md
The Hydrocliff Consortium.md,I - Pleroma Archive/World/Locations/Eos Multiverse/The Dark Forest Zone/Local Cluster/Totum/Verse Structure/Superclusters/Laniakea/Milky Way Galaxy/Sol System/Earth (Terra)/1890-2078/Post-WW3/City States/The Hydrocliff Consortium.md,New Readers Start Here/I - Pleroma Archive/World/Locations/Eos Multiverse/The Dark Forest Zone/Local Cluster/Totum/Verse Structure/Superclusters/Laniakea/Milky Way Galaxy/Sol System/Earth (Terra)/1890-2078/Post-WW3/City States/The Hydrocliff Consortium.md,yes,.md
Djimon Kade.md,I - Pleroma Archive/World/Locations/Eos Multiverse/The Dark Forest Zone/Local Cluster/Totum/Verse Structure/Superclusters/Laniakea/Milky Way Galaxy/Sol System/Earth (Terra)/1890-2078/Post-WW3/Immortals/Djimon Kade.md,New Readers Start Here/I - Pleroma Archive/World/Locations/Eos Multiverse/The Dark Forest Zone/Local Cluster/Totum/Verse Structure/Superclusters/Laniakea/Milky Way Galaxy/Sol System/Earth (Terra)/1890-2078/Post-WW3/Immortals/Djimon Kade.md,yes,.md
Nadiya Chernenko.md,I - Pleroma Archive/World/Locations/Eos Multiverse/The Dark Forest Zone/Local Cluster/Totum/Verse Structure/Superclusters/Laniakea/Milky Way Galaxy/Sol System/Earth (Terra)/1890-2078/Post-WW3/Immortals/Nadiya Chernenko.md,New Readers Start Here/I - Pleroma Archive/World/Locations/Eos Multiverse/The Dark Forest Zone/Local Cluster/Totum/Verse Structure/Superclusters/Laniakea/Milky Way Galaxy/Sol System/Earth (Terra)/1890-2078/Post-WW3/Immortals/Nadiya Chernenko.md,yes,.md
Immortals.md,I - Pleroma Archive/World/Locations/Eos Multiverse/The Dark Forest Zone/Local Cluster/Totum/Verse Structure/Superclusters/Laniakea/Milky Way Galaxy/Sol System/Earth (Terra)/1890-2078/Post-WW3/Immortals/Immortals.md,New Readers Start Here/I - Pleroma Archive/World/Locations/Eos Multiverse/The Dark Forest Zone/Local Cluster/Totum/Verse Structure/Superclusters/Laniakea/Milky Way Galaxy/Sol System/Earth (Terra)/1890-2078/Post-WW3/Immortals/Immortals.md,yes,.md
Rafael Mireles.md,I - Pleroma Archive/World/Locations/Eos Multiverse/The Dark Forest Zone/Local Cluster/Totum/Verse Structure/Superclusters/Laniakea/Milky Way Galaxy/Sol System/Earth (Terra)/1890-2078/Post-WW3/Immortals/Rafael Mireles.md,New Readers Start Here/I - Pleroma Archive/World/Locations/Eos Multiverse/The Dark Forest Zone/Local Cluster/Totum/Verse Structure/Superclusters/Laniakea/Milky Way Galaxy/Sol System/Earth (Terra)/1890-2078/Post-WW3/Immortals/Rafael Mireles.md,yes,.md
Helena Baudin.md,I - Pleroma Archive/World/Locations/Eos Multiverse/The Dark Forest Zone/Local Cluster/Totum/Verse Structure/Superclusters/Laniakea/Milky Way Galaxy/Sol System/Earth (Terra)/1890-2078/Post-WW3/Immortals/Helena Baudin.md,New Readers Start Here/I - Pleroma Archive/World/Locations/Eos Multiverse/The Dark Forest Zone/Local Cluster/Totum/Verse Structure/Superclusters/Laniakea/Milky Way Galaxy/Sol System/Earth (Terra)/1890-2078/Post-WW3/Immortals/Helena Baudin.md,yes,.md
Amara Zeweldi.md,I - Pleroma Archive/World/Locations/Eos Multiverse/The Dark Forest Zone/Local Cluster/Totum/Verse Structure/Superclusters/Laniakea/Milky Way Galaxy/Sol System/Earth (Terra)/1890-2078/Post-WW3/Immortals/Amara Zeweldi.md,New Readers Start Here/I - Pleroma Archive/World/Locations/Eos Multiverse/The Dark Forest Zone/Local Cluster/Totum/Verse Structure/Superclusters/Laniakea/Milky Way Galaxy/Sol System/Earth (Terra)/1890-2078/Post-WW3/Immortals/Amara Zeweldi.md,yes,.md
Mara Ellion.md,I - Pleroma Archive/World/Locations/Eos Multiverse/The Dark Forest Zone/Local Cluster/Totum/Verse Structure/Superclusters/Laniakea/Milky Way Galaxy/Sol System/Earth (Terra)/1890-2078/Post-WW3/Immortals/Mara Ellion.md,New Readers Start Here/I - Pleroma Archive/World/Locations/Eos Multiverse/The Dark Forest Zone/Local Cluster/Totum/Verse Structure/Superclusters/Laniakea/Milky Way Galaxy/Sol System/Earth (Terra)/1890-2078/Post-WW3/Immortals/Mara Ellion.md,yes,.md
Zahir al-Hayek.md,I - Pleroma Archive/World/Locations/Eos Multiverse/The Dark Forest Zone/Local Cluster/Totum/Verse Structure/Superclusters/Laniakea/Milky Way Galaxy/Sol System/Earth (Terra)/1890-2078/Post-WW3/Immortals/Zahir al-Hayek.md,New Readers Start Here/I - Pleroma Archive/World/Locations/Eos Multiverse/The Dark Forest Zone/Local Cluster/Totum/Verse Structure/Superclusters/Laniakea/Milky Way Galaxy/Sol System/Earth (Terra)/1890-2078/Post-WW3/Immortals/Zahir al-Hayek.md,yes,.md
Lucia Serrano-Ocampo.md,I - Pleroma Archive/World/Locations/Eos Multiverse/The Dark Forest Zone/Local Cluster/Totum/Verse Structure/Superclusters/Laniakea/Milky Way Galaxy/Sol System/Earth (Terra)/1890-2078/Post-WW3/Immortals/Lucia Serrano-Ocampo.md,New Readers Start Here/I - Pleroma Archive/World/Locations/Eos Multiverse/The Dark Forest Zone/Local Cluster/Totum/Verse Structure/Superclusters/Laniakea/Milky Way Galaxy/Sol System/Earth (Terra)/1890-2078/Post-WW3/Immortals/Lucia Serrano-Ocampo.md,yes,.md
Aya Takahashi.md,I - Pleroma Archive/World/Locations/Eos Multiverse/The Dark Forest Zone/Local Cluster/Totum/Verse Structure/Superclusters/Laniakea/Milky Way Galaxy/Sol System/Earth (Terra)/1890-2078/Post-WW3/Immortals/Aya Takahashi.md,New Readers Start Here/I - Pleroma Archive/World/Locations/Eos Multiverse/The Dark Forest Zone/Local Cluster/Totum/Verse Structure/Superclusters/Laniakea/Milky Way Galaxy/Sol System/Earth (Terra)/1890-2078/Post-WW3/Immortals/Aya Takahashi.md,yes,.md
Soren Thale.md,I - Pleroma Archive/World/Locations/Eos Multiverse/The Dark Forest Zone/Local Cluster/Totum/Verse Structure/Superclusters/Laniakea/Milky Way Galaxy/Sol System/Earth (Terra)/1890-2078/Post-WW3/Immortals/Soren Thale.md,New Readers Start Here/I - Pleroma Archive/World/Locations/Eos Multiverse/The Dark Forest Zone/Local Cluster/Totum/Verse Structure/Superclusters/Laniakea/Milky Way Galaxy/Sol System/Earth (Terra)/1890-2078/Post-WW3/Immortals/Soren Thale.md,yes,.md
Tobias Grayridge.md,I - Pleroma Archive/World/Locations/Eos Multiverse/The Dark Forest Zone/Local Cluster/Totum/Verse Structure/Superclusters/Laniakea/Milky Way Galaxy/Sol System/Earth (Terra)/1890-2078/Post-WW3/Immortals/Tobias Grayridge.md,New Readers Start Here/I - Pleroma Archive/World/Locations/Eos Multiverse/The Dark Forest Zone/Local Cluster/Totum/Verse Structure/Superclusters/Laniakea/Milky Way Galaxy/Sol System/Earth (Terra)/1890-2078/Post-WW3/Immortals/Tobias Grayridge.md,yes,.md
Cem Yildiz.md,I - Pleroma Archive/World/Locations/Eos Multiverse/The Dark Forest Zone/Local Cluster/Totum/Verse Structure/Superclusters/Laniakea/Milky Way Galaxy/Sol System/Earth (Terra)/1890-2078/Post-WW3/Immortals/Cem Yildiz.md,New Readers Start Here/I - Pleroma Archive/World/Locations/Eos Multiverse/The Dark Forest Zone/Local Cluster/Totum/Verse Structure/Superclusters/Laniakea/Milky Way Galaxy/Sol System/Earth (Terra)/1890-2078/Post-WW3/Immortals/Cem Yildiz.md,yes,.md
Isaac Pennington.md,I - Pleroma Archive/World/Locations/Eos Multiverse/The Dark Forest Zone/Local Cluster/Totum/Verse Structure/Superclusters/Laniakea/Milky Way Galaxy/Sol System/Earth (Terra)/1890-2078/Post-WW3/Immortals/Isaac Pennington.md,New Readers Start Here/I - Pleroma Archive/World/Locations/Eos Multiverse/The Dark Forest Zone/Local Cluster/Totum/Verse Structure/Superclusters/Laniakea/Milky Way Galaxy/Sol System/Earth (Terra)/1890-2078/Post-WW3/Immortals/Isaac Pennington.md,yes,.md
Gilgamesh Station.md,I - Pleroma Archive/World/Locations/Eos Multiverse/The Dark Forest Zone/Local Cluster/Totum/Verse Structure/Superclusters/Laniakea/Milky Way Galaxy/Sol System/Earth (Terra)/1890-2078/Post-WW3/Structures/Gilgamesh Station.md,New Readers Start Here/I - Pleroma Archive/World/Locations/Eos Multiverse/The Dark Forest Zone/Local Cluster/Totum/Verse Structure/Superclusters/Laniakea/Milky Way Galaxy/Sol System/Earth (Terra)/1890-2078/Post-WW3/Structures/Gilgamesh Station.md,yes,.md
"Orpheus, Eurydice Stations.md","I - Pleroma Archive/World/Locations/Eos Multiverse/The Dark Forest Zone/Local Cluster/Totum/Verse Structure/Superclusters/Laniakea/Milky Way Galaxy/Sol System/Earth (Terra)/1890-2078/Post-WW3/Structures/Orpheus, Eurydice Stations.md","New Readers Start Here/I - Pleroma Archive/World/Locations/Eos Multiverse/The Dark Forest Zone/Local Cluster/Totum/Verse Structure/Superclusters/Laniakea/Milky Way Galaxy/Sol System/Earth (Terra)/1890-2078/Post-WW3/Structures/Orpheus, Eurydice Stations.md",yes,.md
"Chulainn, Fionn & Oisin Stations.md","I - Pleroma Archive/World/Locations/Eos Multiverse/The Dark Forest Zone/Local Cluster/Totum/Verse Structure/Superclusters/Laniakea/Milky Way Galaxy/Sol System/Earth (Terra)/1890-2078/Post-WW3/Structures/Chulainn, Fionn & Oisin Stations.md","New Readers Start Here/I - Pleroma Archive/World/Locations/Eos Multiverse/The Dark Forest Zone/Local Cluster/Totum/Verse Structure/Superclusters/Laniakea/Milky Way Galaxy/Sol System/Earth (Terra)/1890-2078/Post-WW3/Structures/Chulainn, Fionn & Oisin Stations.md",yes,.md
Skyblocks.md,I - Pleroma Archive/World/Locations/Eos Multiverse/The Dark Forest Zone/Local Cluster/Totum/Verse Structure/Superclusters/Laniakea/Milky Way Galaxy/Sol System/Earth (Terra)/1890-2078/Post-WW3/Structures/Skyblocks.md,New Readers Start Here/I - Pleroma Archive/World/Locations/Eos Multiverse/The Dark Forest Zone/Local Cluster/Totum/Verse Structure/Superclusters/Laniakea/Milky Way Galaxy/Sol System/Earth (Terra)/1890-2078/Post-WW3/Structures/Skyblocks.md,yes,.md
Gateway & Welkin Stations.md,I - Pleroma Archive/World/Locations/Eos Multiverse/The Dark Forest Zone/Local Cluster/Totum/Verse Structure/Superclusters/Laniakea/Milky Way Galaxy/Sol System/Earth (Terra)/1890-2078/Post-WW3/Structures/Gateway & Welkin Stations.md,New Readers Start Here/I - Pleroma Archive/World/Locations/Eos Multiverse/The Dark Forest Zone/Local Cluster/Totum/Verse Structure/Superclusters/Laniakea/Milky Way Galaxy/Sol System/Earth (Terra)/1890-2078/Post-WW3/Structures/Gateway & Welkin Stations.md,yes,.md
Haumea.md,I - Pleroma Archive/World/Locations/Eos Multiverse/The Dark Forest Zone/Local Cluster/Totum/Verse Structure/Superclusters/Laniakea/Milky Way Galaxy/Sol System/Earth (Terra)/2079-4000/Colonial Union/Intrastellar/Celestial Objects/Haumea.md,New Readers Start Here/I - Pleroma Archive/World/Locations/Eos Multiverse/The Dark Forest Zone/Local Cluster/Totum/Verse Structure/Superclusters/Laniakea/Milky Way Galaxy/Sol System/Earth (Terra)/2079-4000/Colonial Union/Intrastellar/Celestial Objects/Haumea.md,yes,.md
Gonggong.md,I - Pleroma Archive/World/Locations/Eos Multiverse/The Dark Forest Zone/Local Cluster/Totum/Verse Structure/Superclusters/Laniakea/Milky Way Galaxy/Sol System/Earth (Terra)/2079-4000/Colonial Union/Intrastellar/Celestial Objects/Gonggong.md,New Readers Start Here/I - Pleroma Archive/World/Locations/Eos Multiverse/The Dark Forest Zone/Local Cluster/Totum/Verse Structure/Superclusters/Laniakea/Milky Way Galaxy/Sol System/Earth (Terra)/2079-4000/Colonial Union/Intrastellar/Celestial Objects/Gonggong.md,yes,.md
Quaoar.md,I - Pleroma Archive/World/Locations/Eos Multiverse/The Dark Forest Zone/Local Cluster/Totum/Verse Structure/Superclusters/Laniakea/Milky Way Galaxy/Sol System/Earth (Terra)/2079-4000/Colonial Union/Intrastellar/Celestial Objects/Quaoar.md,New Readers Start Here/I - Pleroma Archive/World/Locations/Eos Multiverse/The Dark Forest Zone/Local Cluster/Totum/Verse Structure/Superclusters/Laniakea/Milky Way Galaxy/Sol System/Earth (Terra)/2079-4000/Colonial Union/Intrastellar/Celestial Objects/Quaoar.md,yes,.md
Sedna.md,I - Pleroma Archive/World/Locations/Eos Multiverse/The Dark Forest Zone/Local Cluster/Totum/Verse Structure/Superclusters/Laniakea/Milky Way Galaxy/Sol System/Earth (Terra)/2079-4000/Colonial Union/Intrastellar/Celestial Objects/Sedna.md,New Readers Start Here/I - Pleroma Archive/World/Locations/Eos Multiverse/The Dark Forest Zone/Local Cluster/Totum/Verse Structure/Superclusters/Laniakea/Milky Way Galaxy/Sol System/Earth (Terra)/2079-4000/Colonial Union/Intrastellar/Celestial Objects/Sedna.md,yes,.md
Celestial Objects.md,I - Pleroma Archive/World/Locations/Eos Multiverse/The Dark Forest Zone/Local Cluster/Totum/Verse Structure/Superclusters/Laniakea/Milky Way Galaxy/Sol System/Earth (Terra)/2079-4000/Colonial Union/Intrastellar/Celestial Objects/Celestial Objects.md,New Readers Start Here/I - Pleroma Archive/World/Locations/Eos Multiverse/The Dark Forest Zone/Local Cluster/Totum/Verse Structure/Superclusters/Laniakea/Milky Way Galaxy/Sol System/Earth (Terra)/2079-4000/Colonial Union/Intrastellar/Celestial Objects/Celestial Objects.md,yes,.md
Eris.md,I - Pleroma Archive/World/Locations/Eos Multiverse/The Dark Forest Zone/Local Cluster/Totum/Verse Structure/Superclusters/Laniakea/Milky Way Galaxy/Sol System/Earth (Terra)/2079-4000/Colonial Union/Intrastellar/Celestial Objects/Eris.md,New Readers Start Here/I - Pleroma Archive/World/Locations/Eos Multiverse/The Dark Forest Zone/Local Cluster/Totum/Verse Structure/Superclusters/Laniakea/Milky Way Galaxy/Sol System/Earth (Terra)/2079-4000/Colonial Union/Intrastellar/Celestial Objects/Eris.md,yes,.md
Makemake.md,I - Pleroma Archive/World/Locations/Eos Multiverse/The Dark Forest Zone/Local Cluster/Totum/Verse Structure/Superclusters/Laniakea/Milky Way Galaxy/Sol System/Earth (Terra)/2079-4000/Colonial Union/Intrastellar/Celestial Objects/Makemake.md,New Readers Start Here/I - Pleroma Archive/World/Locations/Eos Multiverse/The Dark Forest Zone/Local Cluster/Totum/Verse Structure/Superclusters/Laniakea/Milky Way Galaxy/Sol System/Earth (Terra)/2079-4000/Colonial Union/Intrastellar/Celestial Objects/Makemake.md,yes,.md
Orcus.md,I - Pleroma Archive/World/Locations/Eos Multiverse/The Dark Forest Zone/Local Cluster/Totum/Verse Structure/Superclusters/Laniakea/Milky Way Galaxy/Sol System/Earth (Terra)/2079-4000/Colonial Union/Intrastellar/Celestial Objects/Orcus.md,New Readers Start Here/I - Pleroma Archive/World/Locations/Eos Multiverse/The Dark Forest Zone/Local Cluster/Totum/Verse Structure/Superclusters/Laniakea/Milky Way Galaxy/Sol System/Earth (Terra)/2079-4000/Colonial Union/Intrastellar/Celestial Objects/Orcus.md,yes,.md
Oberon.md,I - Pleroma Archive/World/Locations/Eos Multiverse/The Dark Forest Zone/Local Cluster/Totum/Verse Structure/Superclusters/Laniakea/Milky Way Galaxy/Sol System/Earth (Terra)/2079-4000/Colonial Union/Intrastellar/Uranus Colonial Committee/Oberon.md,New Readers Start Here/I - Pleroma Archive/World/Locations/Eos Multiverse/The Dark Forest Zone/Local Cluster/Totum/Verse Structure/Superclusters/Laniakea/Milky Way Galaxy/Sol System/Earth (Terra)/2079-4000/Colonial Union/Intrastellar/Uranus Colonial Committee/Oberon.md,yes,.md
Uranus Colonial Committee - Legacy Concepts.md,I - Pleroma Archive/World/Locations/Eos Multiverse/The Dark Forest Zone/Local Cluster/Totum/Verse Structure/Superclusters/Laniakea/Milky Way Galaxy/Sol System/Earth (Terra)/2079-4000/Colonial Union/Intrastellar/Uranus Colonial Committee/Uranus Colonial Committee - Legacy Concepts.md,New Readers Start Here/I - Pleroma Archive/World/Locations/Eos Multiverse/The Dark Forest Zone/Local Cluster/Totum/Verse Structure/Superclusters/Laniakea/Milky Way Galaxy/Sol System/Earth (Terra)/2079-4000/Colonial Union/Intrastellar/Uranus Colonial Committee/Uranus Colonial Committee - Legacy Concepts.md,yes,.md
Titania.md,I - Pleroma Archive/World/Locations/Eos Multiverse/The Dark Forest Zone/Local Cluster/Totum/Verse Structure/Superclusters/Laniakea/Milky Way Galaxy/Sol System/Earth (Terra)/2079-4000/Colonial Union/Intrastellar/Uranus Colonial Committee/Titania.md,New Readers Start Here/I - Pleroma Archive/World/Locations/Eos Multiverse/The Dark Forest Zone/Local Cluster/Totum/Verse Structure/Superclusters/Laniakea/Milky Way Galaxy/Sol System/Earth (Terra)/2079-4000/Colonial Union/Intrastellar/Uranus Colonial Committee/Titania.md,yes,.md
Uranian Colonial Development to Craterheart.md,I - Pleroma Archive/World/Locations/Eos Multiverse/The Dark Forest Zone/Local Cluster/Totum/Verse Structure/Superclusters/Laniakea/Milky Way Galaxy/Sol System/Earth (Terra)/2079-4000/Colonial Union/Intrastellar/Uranus Colonial Committee/Uranian Colonial Development to Craterheart.md,New Readers Start Here/I - Pleroma Archive/World/Locations/Eos Multiverse/The Dark Forest Zone/Local Cluster/Totum/Verse Structure/Superclusters/Laniakea/Milky Way Galaxy/Sol System/Earth (Terra)/2079-4000/Colonial Union/Intrastellar/Uranus Colonial Committee/Uranian Colonial Development to Craterheart.md,yes,.md
Uranus Colonial Committee.md,I - Pleroma Archive/World/Locations/Eos Multiverse/The Dark Forest Zone/Local Cluster/Totum/Verse Structure/Superclusters/Laniakea/Milky Way Galaxy/Sol System/Earth (Terra)/2079-4000/Colonial Union/Intrastellar/Uranus Colonial Committee/Uranus Colonial Committee.md,New Readers Start Here/I - Pleroma Archive/World/Locations/Eos Multiverse/The Dark Forest Zone/Local Cluster/Totum/Verse Structure/Superclusters/Laniakea/Milky Way Galaxy/Sol System/Earth (Terra)/2079-4000/Colonial Union/Intrastellar/Uranus Colonial Committee/Uranus Colonial Committee.md,yes,.md
Belt Colonial Committee - Legacy Concepts.md,I - Pleroma Archive/World/Locations/Eos Multiverse/The Dark Forest Zone/Local Cluster/Totum/Verse Structure/Superclusters/Laniakea/Milky Way Galaxy/Sol System/Earth (Terra)/2079-4000/Colonial Union/Intrastellar/Belt Colonial Committee/Belt Colonial Committee - Legacy Concepts.md,New Readers Start Here/I - Pleroma Archive/World/Locations/Eos Multiverse/The Dark Forest Zone/Local Cluster/Totum/Verse Structure/Superclusters/Laniakea/Milky Way Galaxy/Sol System/Earth (Terra)/2079-4000/Colonial Union/Intrastellar/Belt Colonial Committee/Belt Colonial Committee - Legacy Concepts.md,yes,.md
Timeline__Belt Colonial Committee__62c03ab4.md,I - Pleroma Archive/World/Locations/Eos Multiverse/The Dark Forest Zone/Local Cluster/Totum/Verse Structure/Superclusters/Laniakea/Milky Way Galaxy/Sol System/Earth (Terra)/2079-4000/Colonial Union/Intrastellar/Belt Colonial Committee/Timeline.md,New Readers Start Here/I - Pleroma Archive/World/Locations/Eos Multiverse/The Dark Forest Zone/Local Cluster/Totum/Verse Structure/Superclusters/Laniakea/Milky Way Galaxy/Sol System/Earth (Terra)/2079-4000/Colonial Union/Intrastellar/Belt Colonial Committee/Timeline.md,yes,.md
Belt Colonial Committee.md,I - Pleroma Archive/World/Locations/Eos Multiverse/The Dark Forest Zone/Local Cluster/Totum/Verse Structure/Superclusters/Laniakea/Milky Way Galaxy/Sol System/Earth (Terra)/2079-4000/Colonial Union/Intrastellar/Belt Colonial Committee/Belt Colonial Committee.md,New Readers Start Here/I - Pleroma Archive/World/Locations/Eos Multiverse/The Dark Forest Zone/Local Cluster/Totum/Verse Structure/Superclusters/Laniakea/Milky Way Galaxy/Sol System/Earth (Terra)/2079-4000/Colonial Union/Intrastellar/Belt Colonial Committee/Belt Colonial Committee.md,yes,.md
Belt Colonial Development to Craterheart.md,I - Pleroma Archive/World/Locations/Eos Multiverse/The Dark Forest Zone/Local Cluster/Totum/Verse Structure/Superclusters/Laniakea/Milky Way Galaxy/Sol System/Earth (Terra)/2079-4000/Colonial Union/Intrastellar/Belt Colonial Committee/Belt Colonial Development to Craterheart.md,New Readers Start Here/I - Pleroma Archive/World/Locations/Eos Multiverse/The Dark Forest Zone/Local Cluster/Totum/Verse Structure/Superclusters/Laniakea/Milky Way Galaxy/Sol System/Earth (Terra)/2079-4000/Colonial Union/Intrastellar/Belt Colonial Committee/Belt Colonial Development to Craterheart.md,yes,.md
The Shadow Economy of the Belt.md,I - Pleroma Archive/World/Locations/Eos Multiverse/The Dark Forest Zone/Local Cluster/Totum/Verse Structure/Superclusters/Laniakea/Milky Way Galaxy/Sol System/Earth (Terra)/2079-4000/Colonial Union/Intrastellar/Belt Colonial Committee/The Shadow Economy of the Belt.md,New Readers Start Here/I - Pleroma Archive/World/Locations/Eos Multiverse/The Dark Forest Zone/Local Cluster/Totum/Verse Structure/Superclusters/Laniakea/Milky Way Galaxy/Sol System/Earth (Terra)/2079-4000/Colonial Union/Intrastellar/Belt Colonial Committee/The Shadow Economy of the Belt.md,yes,.md
Neptune Colonial Committee - Legacy Concepts.md,I - Pleroma Archive/World/Locations/Eos Multiverse/The Dark Forest Zone/Local Cluster/Totum/Verse Structure/Superclusters/Laniakea/Milky Way Galaxy/Sol System/Earth (Terra)/2079-4000/Colonial Union/Intrastellar/Neptune Colonial Committee/Neptune Colonial Committee - Legacy Concepts.md,New Readers Start Here/I - Pleroma Archive/World/Locations/Eos Multiverse/The Dark Forest Zone/Local Cluster/Totum/Verse Structure/Superclusters/Laniakea/Milky Way Galaxy/Sol System/Earth (Terra)/2079-4000/Colonial Union/Intrastellar/Neptune Colonial Committee/Neptune Colonial Committee - Legacy Concepts.md,yes,.md
Neptune Colonial Committee.md,I - Pleroma Archive/World/Locations/Eos Multiverse/The Dark Forest Zone/Local Cluster/Totum/Verse Structure/Superclusters/Laniakea/Milky Way Galaxy/Sol System/Earth (Terra)/2079-4000/Colonial Union/Intrastellar/Neptune Colonial Committee/Neptune Colonial Committee.md,New Readers Start Here/I - Pleroma Archive/World/Locations/Eos Multiverse/The Dark Forest Zone/Local Cluster/Totum/Verse Structure/Superclusters/Laniakea/Milky Way Galaxy/Sol System/Earth (Terra)/2079-4000/Colonial Union/Intrastellar/Neptune Colonial Committee/Neptune Colonial Committee.md,yes,.md
Triton.md,I - Pleroma Archive/World/Locations/Eos Multiverse/The Dark Forest Zone/Local Cluster/Totum/Verse Structure/Superclusters/Laniakea/Milky Way Galaxy/Sol System/Earth (Terra)/2079-4000/Colonial Union/Intrastellar/Neptune Colonial Committee/Triton.md,New Readers Start Here/I - Pleroma Archive/World/Locations/Eos Multiverse/The Dark Forest Zone/Local Cluster/Totum/Verse Structure/Superclusters/Laniakea/Milky Way Galaxy/Sol System/Earth (Terra)/2079-4000/Colonial Union/Intrastellar/Neptune Colonial Committee/Triton.md,yes,.md
Neptunian Colonial Development to Craterheart.md,I - Pleroma Archive/World/Locations/Eos Multiverse/The Dark Forest Zone/Local Cluster/Totum/Verse Structure/Superclusters/Laniakea/Milky Way Galaxy/Sol System/Earth (Terra)/2079-4000/Colonial Union/Intrastellar/Neptune Colonial Committee/Neptunian Colonial Development to Craterheart.md,New Readers Start Here/I - Pleroma Archive/World/Locations/Eos Multiverse/The Dark Forest Zone/Local Cluster/Totum/Verse Structure/Superclusters/Laniakea/Milky Way Galaxy/Sol System/Earth (Terra)/2079-4000/Colonial Union/Intrastellar/Neptune Colonial Committee/Neptunian Colonial Development to Craterheart.md,yes,.md
Saturn Colonial Committee - Legacy Concepts.md,I - Pleroma Archive/World/Locations/Eos Multiverse/The Dark Forest Zone/Local Cluster/Totum/Verse Structure/Superclusters/Laniakea/Milky Way Galaxy/Sol System/Earth (Terra)/2079-4000/Colonial Union/Intrastellar/Saturn Colonial Committee/Saturn Colonial Committee - Legacy Concepts.md,New Readers Start Here/I - Pleroma Archive/World/Locations/Eos Multiverse/The Dark Forest Zone/Local Cluster/Totum/Verse Structure/Superclusters/Laniakea/Milky Way Galaxy/Sol System/Earth (Terra)/2079-4000/Colonial Union/Intrastellar/Saturn Colonial Committee/Saturn Colonial Committee - Legacy Concepts.md,yes,.md
Saturn Colonial Committee.md,I - Pleroma Archive/World/Locations/Eos Multiverse/The Dark Forest Zone/Local Cluster/Totum/Verse Structure/Superclusters/Laniakea/Milky Way Galaxy/Sol System/Earth (Terra)/2079-4000/Colonial Union/Intrastellar/Saturn Colonial Committee/Saturn Colonial Committee.md,New Readers Start Here/I - Pleroma Archive/World/Locations/Eos Multiverse/The Dark Forest Zone/Local Cluster/Totum/Verse Structure/Superclusters/Laniakea/Milky Way Galaxy/Sol System/Earth (Terra)/2079-4000/Colonial Union/Intrastellar/Saturn Colonial Committee/Saturn Colonial Committee.md,yes,.md
Saturnian Colonial Development to Craterheart.md,I - Pleroma Archive/World/Locations/Eos Multiverse/The Dark Forest Zone/Local Cluster/Totum/Verse Structure/Superclusters/Laniakea/Milky Way Galaxy/Sol System/Earth (Terra)/2079-4000/Colonial Union/Intrastellar/Saturn Colonial Committee/Saturnian Colonial Development to Craterheart.md,New Readers Start Here/I - Pleroma Archive/World/Locations/Eos Multiverse/The Dark Forest Zone/Local Cluster/Totum/Verse Structure/Superclusters/Laniakea/Milky Way Galaxy/Sol System/Earth (Terra)/2079-4000/Colonial Union/Intrastellar/Saturn Colonial Committee/Saturnian Colonial Development to Craterheart.md,yes,.md
Daily Life__Luna Colonial Committee__23b99ee8.md,I - Pleroma Archive/World/Locations/Eos Multiverse/The Dark Forest Zone/Local Cluster/Totum/Verse Structure/Superclusters/Laniakea/Milky Way Galaxy/Sol System/Earth (Terra)/2079-4000/Colonial Union/Intrastellar/Luna Colonial Committee/Daily Life.md,New Readers Start Here/I - Pleroma Archive/World/Locations/Eos Multiverse/The Dark Forest Zone/Local Cluster/Totum/Verse Structure/Superclusters/Laniakea/Milky Way Galaxy/Sol System/Earth (Terra)/2079-4000/Colonial Union/Intrastellar/Luna Colonial Committee/Daily Life.md,yes,.md
Luna Colonial Development to Craterheart.md,I - Pleroma Archive/World/Locations/Eos Multiverse/The Dark Forest Zone/Local Cluster/Totum/Verse Structure/Superclusters/Laniakea/Milky Way Galaxy/Sol System/Earth (Terra)/2079-4000/Colonial Union/Intrastellar/Luna Colonial Committee/Luna Colonial Development to Craterheart.md,New Readers Start Here/I - Pleroma Archive/World/Locations/Eos Multiverse/The Dark Forest Zone/Local Cluster/Totum/Verse Structure/Superclusters/Laniakea/Milky Way Galaxy/Sol System/Earth (Terra)/2079-4000/Colonial Union/Intrastellar/Luna Colonial Committee/Luna Colonial Development to Craterheart.md,yes,.md
Infrastructure.md,I - Pleroma Archive/World/Locations/Eos Multiverse/The Dark Forest Zone/Local Cluster/Totum/Verse Structure/Superclusters/Laniakea/Milky Way Galaxy/Sol System/Earth (Terra)/2079-4000/Colonial Union/Intrastellar/Luna Colonial Committee/Infrastructure.md,New Readers Start Here/I - Pleroma Archive/World/Locations/Eos Multiverse/The Dark Forest Zone/Local Cluster/Totum/Verse Structure/Superclusters/Laniakea/Milky Way Galaxy/Sol System/Earth (Terra)/2079-4000/Colonial Union/Intrastellar/Luna Colonial Committee/Infrastructure.md,yes,.md
Luna Colonial Committee.md,I - Pleroma Archive/World/Locations/Eos Multiverse/The Dark Forest Zone/Local Cluster/Totum/Verse Structure/Superclusters/Laniakea/Milky Way Galaxy/Sol System/Earth (Terra)/2079-4000/Colonial Union/Intrastellar/Luna Colonial Committee/Luna Colonial Committee.md,New Readers Start Here/I - Pleroma Archive/World/Locations/Eos Multiverse/The Dark Forest Zone/Local Cluster/Totum/Verse Structure/Superclusters/Laniakea/Milky Way Galaxy/Sol System/Earth (Terra)/2079-4000/Colonial Union/Intrastellar/Luna Colonial Committee/Luna Colonial Committee.md,yes,.md
The Cynthia Protectorate.md,I - Pleroma Archive/World/Locations/Eos Multiverse/The Dark Forest Zone/Local Cluster/Totum/Verse Structure/Superclusters/Laniakea/Milky Way Galaxy/Sol System/Earth (Terra)/2079-4000/Colonial Union/Intrastellar/Luna Colonial Committee/The Cynthia Protectorate.md,New Readers Start Here/I - Pleroma Archive/World/Locations/Eos Multiverse/The Dark Forest Zone/Local Cluster/Totum/Verse Structure/Superclusters/Laniakea/Milky Way Galaxy/Sol System/Earth (Terra)/2079-4000/Colonial Union/Intrastellar/Luna Colonial Committee/The Cynthia Protectorate.md,yes,.md
"Districts, Habitats, and Industries.md","I - Pleroma Archive/World/Locations/Eos Multiverse/The Dark Forest Zone/Local Cluster/Totum/Verse Structure/Superclusters/Laniakea/Milky Way Galaxy/Sol System/Earth (Terra)/2079-4000/Colonial Union/Intrastellar/Luna Colonial Committee/Districts, Habitats, and Industries.md","New Readers Start Here/I - Pleroma Archive/World/Locations/Eos Multiverse/The Dark Forest Zone/Local Cluster/Totum/Verse Structure/Superclusters/Laniakea/Milky Way Galaxy/Sol System/Earth (Terra)/2079-4000/Colonial Union/Intrastellar/Luna Colonial Committee/Districts, Habitats, and Industries.md",yes,.md
Luna Colonial Committee - Legacy Concepts.md,I - Pleroma Archive/World/Locations/Eos Multiverse/The Dark Forest Zone/Local Cluster/Totum/Verse Structure/Superclusters/Laniakea/Milky Way Galaxy/Sol System/Earth (Terra)/2079-4000/Colonial Union/Intrastellar/Luna Colonial Committee/Luna Colonial Committee - Legacy Concepts.md,New Readers Start Here/I - Pleroma Archive/World/Locations/Eos Multiverse/The Dark Forest Zone/Local Cluster/Totum/Verse Structure/Superclusters/Laniakea/Milky Way Galaxy/Sol System/Earth (Terra)/2079-4000/Colonial Union/Intrastellar/Luna Colonial Committee/Luna Colonial Committee - Legacy Concepts.md,yes,.md
The Great Storm.md,I - Pleroma Archive/World/Locations/Eos Multiverse/The Dark Forest Zone/Local Cluster/Totum/Verse Structure/Superclusters/Laniakea/Milky Way Galaxy/Sol System/Earth (Terra)/2079-4000/Colonial Union/Intrastellar/Jovial Colonial Committee/The Great Storm.md,New Readers Start Here/I - Pleroma Archive/World/Locations/Eos Multiverse/The Dark Forest Zone/Local Cluster/Totum/Verse Structure/Superclusters/Laniakea/Milky Way Galaxy/Sol System/Earth (Terra)/2079-4000/Colonial Union/Intrastellar/Jovial Colonial Committee/The Great Storm.md,yes,.md
Callisto.md,I - Pleroma Archive/World/Locations/Eos Multiverse/The Dark Forest Zone/Local Cluster/Totum/Verse Structure/Superclusters/Laniakea/Milky Way Galaxy/Sol System/Earth (Terra)/2079-4000/Colonial Union/Intrastellar/Jovial Colonial Committee/Callisto.md,New Readers Start Here/I - Pleroma Archive/World/Locations/Eos Multiverse/The Dark Forest Zone/Local Cluster/Totum/Verse Structure/Superclusters/Laniakea/Milky Way Galaxy/Sol System/Earth (Terra)/2079-4000/Colonial Union/Intrastellar/Jovial Colonial Committee/Callisto.md,yes,.md
Jovial Colonial Committee - Legacy Concepts.md,I - Pleroma Archive/World/Locations/Eos Multiverse/The Dark Forest Zone/Local Cluster/Totum/Verse Structure/Superclusters/Laniakea/Milky Way Galaxy/Sol System/Earth (Terra)/2079-4000/Colonial Union/Intrastellar/Jovial Colonial Committee/Jovial Colonial Committee - Legacy Concepts.md,New Readers Start Here/I - Pleroma Archive/World/Locations/Eos Multiverse/The Dark Forest Zone/Local Cluster/Totum/Verse Structure/Superclusters/Laniakea/Milky Way Galaxy/Sol System/Earth (Terra)/2079-4000/Colonial Union/Intrastellar/Jovial Colonial Committee/Jovial Colonial Committee - Legacy Concepts.md,yes,.md
Jovian Colonial Development to Craterheart.md,I - Pleroma Archive/World/Locations/Eos Multiverse/The Dark Forest Zone/Local Cluster/Totum/Verse Structure/Superclusters/Laniakea/Milky Way Galaxy/Sol System/Earth (Terra)/2079-4000/Colonial Union/Intrastellar/Jovial Colonial Committee/Jovian Colonial Development to Craterheart.md,New Readers Start Here/I - Pleroma Archive/World/Locations/Eos Multiverse/The Dark Forest Zone/Local Cluster/Totum/Verse Structure/Superclusters/Laniakea/Milky Way Galaxy/Sol System/Earth (Terra)/2079-4000/Colonial Union/Intrastellar/Jovial Colonial Committee/Jovian Colonial Development to Craterheart.md,yes,.md
Jovial Colonial Committee.md,I - Pleroma Archive/World/Locations/Eos Multiverse/The Dark Forest Zone/Local Cluster/Totum/Verse Structure/Superclusters/Laniakea/Milky Way Galaxy/Sol System/Earth (Terra)/2079-4000/Colonial Union/Intrastellar/Jovial Colonial Committee/Jovial Colonial Committee.md,New Readers Start Here/I - Pleroma Archive/World/Locations/Eos Multiverse/The Dark Forest Zone/Local Cluster/Totum/Verse Structure/Superclusters/Laniakea/Milky Way Galaxy/Sol System/Earth (Terra)/2079-4000/Colonial Union/Intrastellar/Jovial Colonial Committee/Jovial Colonial Committee.md,yes,.md
Deimos.md,I - Pleroma Archive/World/Locations/Eos Multiverse/The Dark Forest Zone/Local Cluster/Totum/Verse Structure/Superclusters/Laniakea/Milky Way Galaxy/Sol System/Earth (Terra)/2079-4000/Colonial Union/Intrastellar/Martian Colonial Committee/Deimos.md,New Readers Start Here/I - Pleroma Archive/World/Locations/Eos Multiverse/The Dark Forest Zone/Local Cluster/Totum/Verse Structure/Superclusters/Laniakea/Milky Way Galaxy/Sol System/Earth (Terra)/2079-4000/Colonial Union/Intrastellar/Martian Colonial Committee/Deimos.md,yes,.md
Martian Colonial Committee - Legacy Concepts.md,I - Pleroma Archive/World/Locations/Eos Multiverse/The Dark Forest Zone/Local Cluster/Totum/Verse Structure/Superclusters/Laniakea/Milky Way Galaxy/Sol System/Earth (Terra)/2079-4000/Colonial Union/Intrastellar/Martian Colonial Committee/Martian Colonial Committee - Legacy Concepts.md,New Readers Start Here/I - Pleroma Archive/World/Locations/Eos Multiverse/The Dark Forest Zone/Local Cluster/Totum/Verse Structure/Superclusters/Laniakea/Milky Way Galaxy/Sol System/Earth (Terra)/2079-4000/Colonial Union/Intrastellar/Martian Colonial Committee/Martian Colonial Committee - Legacy Concepts.md,yes,.md
Areopagus Station.md,I - Pleroma Archive/World/Locations/Eos Multiverse/The Dark Forest Zone/Local Cluster/Totum/Verse Structure/Superclusters/Laniakea/Milky Way Galaxy/Sol System/Earth (Terra)/2079-4000/Colonial Union/Intrastellar/Martian Colonial Committee/Areopagus Station.md,New Readers Start Here/I - Pleroma Archive/World/Locations/Eos Multiverse/The Dark Forest Zone/Local Cluster/Totum/Verse Structure/Superclusters/Laniakea/Milky Way Galaxy/Sol System/Earth (Terra)/2079-4000/Colonial Union/Intrastellar/Martian Colonial Committee/Areopagus Station.md,yes,.md
Martian Refueling Stations.md,I - Pleroma Archive/World/Locations/Eos Multiverse/The Dark Forest Zone/Local Cluster/Totum/Verse Structure/Superclusters/Laniakea/Milky Way Galaxy/Sol System/Earth (Terra)/2079-4000/Colonial Union/Intrastellar/Martian Colonial Committee/Martian Refueling Stations.md,New Readers Start Here/I - Pleroma Archive/World/Locations/Eos Multiverse/The Dark Forest Zone/Local Cluster/Totum/Verse Structure/Superclusters/Laniakea/Milky Way Galaxy/Sol System/Earth (Terra)/2079-4000/Colonial Union/Intrastellar/Martian Colonial Committee/Martian Refueling Stations.md,yes,.md
Starshades.md,I - Pleroma Archive/World/Locations/Eos Multiverse/The Dark Forest Zone/Local Cluster/Totum/Verse Structure/Superclusters/Laniakea/Milky Way Galaxy/Sol System/Earth (Terra)/2079-4000/Colonial Union/Intrastellar/Martian Colonial Committee/Starshades.md,New Readers Start Here/I - Pleroma Archive/World/Locations/Eos Multiverse/The Dark Forest Zone/Local Cluster/Totum/Verse Structure/Superclusters/Laniakea/Milky Way Galaxy/Sol System/Earth (Terra)/2079-4000/Colonial Union/Intrastellar/Martian Colonial Committee/Starshades.md,yes,.md
Martian Colonial Committee.md,I - Pleroma Archive/World/Locations/Eos Multiverse/The Dark Forest Zone/Local Cluster/Totum/Verse Structure/Superclusters/Laniakea/Milky Way Galaxy/Sol System/Earth (Terra)/2079-4000/Colonial Union/Intrastellar/Martian Colonial Committee/Martian Colonial Committee.md,New Readers Start Here/I - Pleroma Archive/World/Locations/Eos Multiverse/The Dark Forest Zone/Local Cluster/Totum/Verse Structure/Superclusters/Laniakea/Milky Way Galaxy/Sol System/Earth (Terra)/2079-4000/Colonial Union/Intrastellar/Martian Colonial Committee/Martian Colonial Committee.md,yes,.md
Phobos.md,I - Pleroma Archive/World/Locations/Eos Multiverse/The Dark Forest Zone/Local Cluster/Totum/Verse Structure/Superclusters/Laniakea/Milky Way Galaxy/Sol System/Earth (Terra)/2079-4000/Colonial Union/Intrastellar/Martian Colonial Committee/Phobos.md,New Readers Start Here/I - Pleroma Archive/World/Locations/Eos Multiverse/The Dark Forest Zone/Local Cluster/Totum/Verse Structure/Superclusters/Laniakea/Milky Way Galaxy/Sol System/Earth (Terra)/2079-4000/Colonial Union/Intrastellar/Martian Colonial Committee/Phobos.md,yes,.md
Martian Colonial Development to Craterheart.md,I - Pleroma Archive/World/Locations/Eos Multiverse/The Dark Forest Zone/Local Cluster/Totum/Verse Structure/Superclusters/Laniakea/Milky Way Galaxy/Sol System/Earth (Terra)/2079-4000/Colonial Union/Intrastellar/Martian Colonial Committee/Martian Colonial Development to Craterheart.md,New Readers Start Here/I - Pleroma Archive/World/Locations/Eos Multiverse/The Dark Forest Zone/Local Cluster/Totum/Verse Structure/Superclusters/Laniakea/Milky Way Galaxy/Sol System/Earth (Terra)/2079-4000/Colonial Union/Intrastellar/Martian Colonial Committee/Martian Colonial Development to Craterheart.md,yes,.md
Pluto Charon Colonial Committee - Legacy Concepts.md,I - Pleroma Archive/World/Locations/Eos Multiverse/The Dark Forest Zone/Local Cluster/Totum/Verse Structure/Superclusters/Laniakea/Milky Way Galaxy/Sol System/Earth (Terra)/2079-4000/Colonial Union/Intrastellar/Pluto Charon Colonial Committee/Pluto Charon Colonial Committee - Legacy Concepts.md,New Readers Start Here/I - Pleroma Archive/World/Locations/Eos Multiverse/The Dark Forest Zone/Local Cluster/Totum/Verse Structure/Superclusters/Laniakea/Milky Way Galaxy/Sol System/Earth (Terra)/2079-4000/Colonial Union/Intrastellar/Pluto Charon Colonial Committee/Pluto Charon Colonial Committee - Legacy Concepts.md,yes,.md
Pluto Charon Colonial Committee.md,I - Pleroma Archive/World/Locations/Eos Multiverse/The Dark Forest Zone/Local Cluster/Totum/Verse Structure/Superclusters/Laniakea/Milky Way Galaxy/Sol System/Earth (Terra)/2079-4000/Colonial Union/Intrastellar/Pluto Charon Colonial Committee/Pluto Charon Colonial Committee.md,New Readers Start Here/I - Pleroma Archive/World/Locations/Eos Multiverse/The Dark Forest Zone/Local Cluster/Totum/Verse Structure/Superclusters/Laniakea/Milky Way Galaxy/Sol System/Earth (Terra)/2079-4000/Colonial Union/Intrastellar/Pluto Charon Colonial Committee/Pluto Charon Colonial Committee.md,yes,.md
Watchtowers.md,I - Pleroma Archive/World/Locations/Eos Multiverse/The Dark Forest Zone/Local Cluster/Totum/Verse Structure/Superclusters/Laniakea/Milky Way Galaxy/Sol System/Earth (Terra)/2079-4000/Colonial Union/Intrastellar/Pluto Charon Colonial Committee/Watchtowers.md,New Readers Start Here/I - Pleroma Archive/World/Locations/Eos Multiverse/The Dark Forest Zone/Local Cluster/Totum/Verse Structure/Superclusters/Laniakea/Milky Way Galaxy/Sol System/Earth (Terra)/2079-4000/Colonial Union/Intrastellar/Pluto Charon Colonial Committee/Watchtowers.md,yes,.md
Pluto-Charon Colonial Development to Craterheart.md,I - Pleroma Archive/World/Locations/Eos Multiverse/The Dark Forest Zone/Local Cluster/Totum/Verse Structure/Superclusters/Laniakea/Milky Way Galaxy/Sol System/Earth (Terra)/2079-4000/Colonial Union/Intrastellar/Pluto Charon Colonial Committee/Pluto-Charon Colonial Development to Craterheart.md,New Readers Start Here/I - Pleroma Archive/World/Locations/Eos Multiverse/The Dark Forest Zone/Local Cluster/Totum/Verse Structure/Superclusters/Laniakea/Milky Way Galaxy/Sol System/Earth (Terra)/2079-4000/Colonial Union/Intrastellar/Pluto Charon Colonial Committee/Pluto-Charon Colonial Development to Craterheart.md,yes,.md
Acheron Station.md,I - Pleroma Archive/World/Locations/Eos Multiverse/The Dark Forest Zone/Local Cluster/Totum/Verse Structure/Superclusters/Laniakea/Milky Way Galaxy/Sol System/Earth (Terra)/2079-4000/Colonial Union/Intrastellar/Pluto Charon Colonial Committee/Acheron Station.md,New Readers Start Here/I - Pleroma Archive/World/Locations/Eos Multiverse/The Dark Forest Zone/Local Cluster/Totum/Verse Structure/Superclusters/Laniakea/Milky Way Galaxy/Sol System/Earth (Terra)/2079-4000/Colonial Union/Intrastellar/Pluto Charon Colonial Committee/Acheron Station.md,yes,.md
Hydroponics.md,I - Pleroma Archive/World/Locations/Eos Multiverse/The Dark Forest Zone/Local Cluster/Totum/Verse Structure/Superclusters/Laniakea/Milky Way Galaxy/Sol System/Earth (Terra)/2079-4000/Colonial Union/Technology/Tools/Hydroponics.md,New Readers Start Here/I - Pleroma Archive/World/Locations/Eos Multiverse/The Dark Forest Zone/Local Cluster/Totum/Verse Structure/Superclusters/Laniakea/Milky Way Galaxy/Sol System/Earth (Terra)/2079-4000/Colonial Union/Technology/Tools/Hydroponics.md,yes,.md
C.U. Energy Transfer Platforms & Towers.md,I - Pleroma Archive/World/Locations/Eos Multiverse/The Dark Forest Zone/Local Cluster/Totum/Verse Structure/Superclusters/Laniakea/Milky Way Galaxy/Sol System/Earth (Terra)/2079-4000/Colonial Union/Technology/Tools/C.U. Energy Transfer Platforms & Towers.md,New Readers Start Here/I - Pleroma Archive/World/Locations/Eos Multiverse/The Dark Forest Zone/Local Cluster/Totum/Verse Structure/Superclusters/Laniakea/Milky Way Galaxy/Sol System/Earth (Terra)/2079-4000/Colonial Union/Technology/Tools/C.U. Energy Transfer Platforms & Towers.md,yes,.md
Exploration & Survey Tools.md,I - Pleroma Archive/World/Locations/Eos Multiverse/The Dark Forest Zone/Local Cluster/Totum/Verse Structure/Superclusters/Laniakea/Milky Way Galaxy/Sol System/Earth (Terra)/2079-4000/Colonial Union/Technology/Tools/Exploration & Survey Tools.md,New Readers Start Here/I - Pleroma Archive/World/Locations/Eos Multiverse/The Dark Forest Zone/Local Cluster/Totum/Verse Structure/Superclusters/Laniakea/Milky Way Galaxy/Sol System/Earth (Terra)/2079-4000/Colonial Union/Technology/Tools/Exploration & Survey Tools.md,yes,.md
EcoForge Capsules.md,I - Pleroma Archive/World/Locations/Eos Multiverse/The Dark Forest Zone/Local Cluster/Totum/Verse Structure/Superclusters/Laniakea/Milky Way Galaxy/Sol System/Earth (Terra)/2079-4000/Colonial Union/Technology/Tools/EcoForge Capsules.md,New Readers Start Here/I - Pleroma Archive/World/Locations/Eos Multiverse/The Dark Forest Zone/Local Cluster/Totum/Verse Structure/Superclusters/Laniakea/Milky Way Galaxy/Sol System/Earth (Terra)/2079-4000/Colonial Union/Technology/Tools/EcoForge Capsules.md,yes,.md
Gravity Harness.md,I - Pleroma Archive/World/Locations/Eos Multiverse/The Dark Forest Zone/Local Cluster/Totum/Verse Structure/Superclusters/Laniakea/Milky Way Galaxy/Sol System/Earth (Terra)/2079-4000/Colonial Union/Technology/Tools/Gravity Harness.md,New Readers Start Here/I - Pleroma Archive/World/Locations/Eos Multiverse/The Dark Forest Zone/Local Cluster/Totum/Verse Structure/Superclusters/Laniakea/Milky Way Galaxy/Sol System/Earth (Terra)/2079-4000/Colonial Union/Technology/Tools/Gravity Harness.md,yes,.md
Civic & Cultural Modules.md,I - Pleroma Archive/World/Locations/Eos Multiverse/The Dark Forest Zone/Local Cluster/Totum/Verse Structure/Superclusters/Laniakea/Milky Way Galaxy/Sol System/Earth (Terra)/2079-4000/Colonial Union/Technology/Tools/Civic & Cultural Modules.md,New Readers Start Here/I - Pleroma Archive/World/Locations/Eos Multiverse/The Dark Forest Zone/Local Cluster/Totum/Verse Structure/Superclusters/Laniakea/Milky Way Galaxy/Sol System/Earth (Terra)/2079-4000/Colonial Union/Technology/Tools/Civic & Cultural Modules.md,yes,.md
ArcCell Arrays.md,I - Pleroma Archive/World/Locations/Eos Multiverse/The Dark Forest Zone/Local Cluster/Totum/Verse Structure/Superclusters/Laniakea/Milky Way Galaxy/Sol System/Earth (Terra)/2079-4000/Colonial Union/Technology/Tools/ArcCell Arrays.md,New Readers Start Here/I - Pleroma Archive/World/Locations/Eos Multiverse/The Dark Forest Zone/Local Cluster/Totum/Verse Structure/Superclusters/Laniakea/Milky Way Galaxy/Sol System/Earth (Terra)/2079-4000/Colonial Union/Technology/Tools/ArcCell Arrays.md,yes,.md
Medical & Biosafety Systems.md,I - Pleroma Archive/World/Locations/Eos Multiverse/The Dark Forest Zone/Local Cluster/Totum/Verse Structure/Superclusters/Laniakea/Milky Way Galaxy/Sol System/Earth (Terra)/2079-4000/Colonial Union/Technology/Tools/Medical & Biosafety Systems.md,New Readers Start Here/I - Pleroma Archive/World/Locations/Eos Multiverse/The Dark Forest Zone/Local Cluster/Totum/Verse Structure/Superclusters/Laniakea/Milky Way Galaxy/Sol System/Earth (Terra)/2079-4000/Colonial Union/Technology/Tools/Medical & Biosafety Systems.md,yes,.md
Security & Defense Systems.md,I - Pleroma Archive/World/Locations/Eos Multiverse/The Dark Forest Zone/Local Cluster/Totum/Verse Structure/Superclusters/Laniakea/Milky Way Galaxy/Sol System/Earth (Terra)/2079-4000/Colonial Union/Technology/Tools/Security & Defense Systems.md,New Readers Start Here/I - Pleroma Archive/World/Locations/Eos Multiverse/The Dark Forest Zone/Local Cluster/Totum/Verse Structure/Superclusters/Laniakea/Milky Way Galaxy/Sol System/Earth (Terra)/2079-4000/Colonial Union/Technology/Tools/Security & Defense Systems.md,yes,.md
Seed-Sector Terraform Pods.md,I - Pleroma Archive/World/Locations/Eos Multiverse/The Dark Forest Zone/Local Cluster/Totum/Verse Structure/Superclusters/Laniakea/Milky Way Galaxy/Sol System/Earth (Terra)/2079-4000/Colonial Union/Technology/Tools/Seed-Sector Terraform Pods.md,New Readers Start Here/I - Pleroma Archive/World/Locations/Eos Multiverse/The Dark Forest Zone/Local Cluster/Totum/Verse Structure/Superclusters/Laniakea/Milky Way Galaxy/Sol System/Earth (Terra)/2079-4000/Colonial Union/Technology/Tools/Seed-Sector Terraform Pods.md,yes,.md
L.E.A.F. Farms.md,I - Pleroma Archive/World/Locations/Eos Multiverse/The Dark Forest Zone/Local Cluster/Totum/Verse Structure/Superclusters/Laniakea/Milky Way Galaxy/Sol System/Earth (Terra)/2079-4000/Colonial Union/Technology/Tools/L.E.A.F. Farms.md,New Readers Start Here/I - Pleroma Archive/World/Locations/Eos Multiverse/The Dark Forest Zone/Local Cluster/Totum/Verse Structure/Superclusters/Laniakea/Milky Way Galaxy/Sol System/Earth (Terra)/2079-4000/Colonial Union/Technology/Tools/L.E.A.F. Farms.md,yes,.md
Human Cryonics.md,I - Pleroma Archive/World/Locations/Eos Multiverse/The Dark Forest Zone/Local Cluster/Totum/Verse Structure/Superclusters/Laniakea/Milky Way Galaxy/Sol System/Earth (Terra)/2079-4000/Colonial Union/Technology/Tools/Human Cryonics.md,New Readers Start Here/I - Pleroma Archive/World/Locations/Eos Multiverse/The Dark Forest Zone/Local Cluster/Totum/Verse Structure/Superclusters/Laniakea/Milky Way Galaxy/Sol System/Earth (Terra)/2079-4000/Colonial Union/Technology/Tools/Human Cryonics.md,yes,.md
Gravity Gym.md,I - Pleroma Archive/World/Locations/Eos Multiverse/The Dark Forest Zone/Local Cluster/Totum/Verse Structure/Superclusters/Laniakea/Milky Way Galaxy/Sol System/Earth (Terra)/2079-4000/Colonial Union/Technology/Tools/Gravity Gym.md,New Readers Start Here/I - Pleroma Archive/World/Locations/Eos Multiverse/The Dark Forest Zone/Local Cluster/Totum/Verse Structure/Superclusters/Laniakea/Milky Way Galaxy/Sol System/Earth (Terra)/2079-4000/Colonial Union/Technology/Tools/Gravity Gym.md,yes,.md
Transport & Mobility.md,I - Pleroma Archive/World/Locations/Eos Multiverse/The Dark Forest Zone/Local Cluster/Totum/Verse Structure/Superclusters/Laniakea/Milky Way Galaxy/Sol System/Earth (Terra)/2079-4000/Colonial Union/Technology/Tools/Transport & Mobility.md,New Readers Start Here/I - Pleroma Archive/World/Locations/Eos Multiverse/The Dark Forest Zone/Local Cluster/Totum/Verse Structure/Superclusters/Laniakea/Milky Way Galaxy/Sol System/Earth (Terra)/2079-4000/Colonial Union/Technology/Tools/Transport & Mobility.md,yes,.md
Planet Cracking.md,I - Pleroma Archive/World/Locations/Eos Multiverse/The Dark Forest Zone/Local Cluster/Totum/Verse Structure/Superclusters/Laniakea/Milky Way Galaxy/Sol System/Earth (Terra)/2079-4000/Colonial Union/Technology/Tools/Planet Cracking.md,New Readers Start Here/I - Pleroma Archive/World/Locations/Eos Multiverse/The Dark Forest Zone/Local Cluster/Totum/Verse Structure/Superclusters/Laniakea/Milky Way Galaxy/Sol System/Earth (Terra)/2079-4000/Colonial Union/Technology/Tools/Planet Cracking.md,yes,.md
"Knowledge, Logistics, and Communication.md","I - Pleroma Archive/World/Locations/Eos Multiverse/The Dark Forest Zone/Local Cluster/Totum/Verse Structure/Superclusters/Laniakea/Milky Way Galaxy/Sol System/Earth (Terra)/2079-4000/Colonial Union/Technology/Tools/Knowledge, Logistics, and Communication.md","New Readers Start Here/I - Pleroma Archive/World/Locations/Eos Multiverse/The Dark Forest Zone/Local Cluster/Totum/Verse Structure/Superclusters/Laniakea/Milky Way Galaxy/Sol System/Earth (Terra)/2079-4000/Colonial Union/Technology/Tools/Knowledge, Logistics, and Communication.md",yes,.md
Methuselah Ships.md,I - Pleroma Archive/World/Locations/Eos Multiverse/The Dark Forest Zone/Local Cluster/Totum/Verse Structure/Superclusters/Laniakea/Milky Way Galaxy/Sol System/Earth (Terra)/2079-4000/Colonial Union/Technology/Tools/Methuselah Ships.md,New Readers Start Here/I - Pleroma Archive/World/Locations/Eos Multiverse/The Dark Forest Zone/Local Cluster/Totum/Verse Structure/Superclusters/Laniakea/Milky Way Galaxy/Sol System/Earth (Terra)/2079-4000/Colonial Union/Technology/Tools/Methuselah Ships.md,yes,.md
F.A.B.R.I.C. Units.md,I - Pleroma Archive/World/Locations/Eos Multiverse/The Dark Forest Zone/Local Cluster/Totum/Verse Structure/Superclusters/Laniakea/Milky Way Galaxy/Sol System/Earth (Terra)/2079-4000/Colonial Union/Technology/Tools/F.A.B.R.I.C. Units.md,New Readers Start Here/I - Pleroma Archive/World/Locations/Eos Multiverse/The Dark Forest Zone/Local Cluster/Totum/Verse Structure/Superclusters/Laniakea/Milky Way Galaxy/Sol System/Earth (Terra)/2079-4000/Colonial Union/Technology/Tools/F.A.B.R.I.C. Units.md,yes,.md
Mag Boots.md,I - Pleroma Archive/World/Locations/Eos Multiverse/The Dark Forest Zone/Local Cluster/Totum/Verse Structure/Superclusters/Laniakea/Milky Way Galaxy/Sol System/Earth (Terra)/2079-4000/Colonial Union/Technology/Tools/Mag Boots.md,New Readers Start Here/I - Pleroma Archive/World/Locations/Eos Multiverse/The Dark Forest Zone/Local Cluster/Totum/Verse Structure/Superclusters/Laniakea/Milky Way Galaxy/Sol System/Earth (Terra)/2079-4000/Colonial Union/Technology/Tools/Mag Boots.md,yes,.md
Rockets.md,I - Pleroma Archive/World/Locations/Eos Multiverse/The Dark Forest Zone/Local Cluster/Totum/Verse Structure/Superclusters/Laniakea/Milky Way Galaxy/Sol System/Earth (Terra)/2079-4000/Colonial Union/Technology/Antimatter/Rockets.md,New Readers Start Here/I - Pleroma Archive/World/Locations/Eos Multiverse/The Dark Forest Zone/Local Cluster/Totum/Verse Structure/Superclusters/Laniakea/Milky Way Galaxy/Sol System/Earth (Terra)/2079-4000/Colonial Union/Technology/Antimatter/Rockets.md,yes,.md
Antimatter.md,I - Pleroma Archive/World/Locations/Eos Multiverse/The Dark Forest Zone/Local Cluster/Totum/Verse Structure/Superclusters/Laniakea/Milky Way Galaxy/Sol System/Earth (Terra)/2079-4000/Colonial Union/Technology/Antimatter/Antimatter.md,New Readers Start Here/I - Pleroma Archive/World/Locations/Eos Multiverse/The Dark Forest Zone/Local Cluster/Totum/Verse Structure/Superclusters/Laniakea/Milky Way Galaxy/Sol System/Earth (Terra)/2079-4000/Colonial Union/Technology/Antimatter/Antimatter.md,yes,.md
Production.md,I - Pleroma Archive/World/Locations/Eos Multiverse/The Dark Forest Zone/Local Cluster/Totum/Verse Structure/Superclusters/Laniakea/Milky Way Galaxy/Sol System/Earth (Terra)/2079-4000/Colonial Union/Technology/Antimatter/Production.md,New Readers Start Here/I - Pleroma Archive/World/Locations/Eos Multiverse/The Dark Forest Zone/Local Cluster/Totum/Verse Structure/Superclusters/Laniakea/Milky Way Galaxy/Sol System/Earth (Terra)/2079-4000/Colonial Union/Technology/Antimatter/Production.md,yes,.md
Multi-Link FTL Node.md,I - Pleroma Archive/World/Locations/Eos Multiverse/The Dark Forest Zone/Local Cluster/Totum/Verse Structure/Superclusters/Laniakea/Milky Way Galaxy/Sol System/Earth (Terra)/2079-4000/Colonial Union/Technology/FTL/Multi-Link FTL Node.md,New Readers Start Here/I - Pleroma Archive/World/Locations/Eos Multiverse/The Dark Forest Zone/Local Cluster/Totum/Verse Structure/Superclusters/Laniakea/Milky Way Galaxy/Sol System/Earth (Terra)/2079-4000/Colonial Union/Technology/FTL/Multi-Link FTL Node.md,yes,.md
Paired FTL Node.md,I - Pleroma Archive/World/Locations/Eos Multiverse/The Dark Forest Zone/Local Cluster/Totum/Verse Structure/Superclusters/Laniakea/Milky Way Galaxy/Sol System/Earth (Terra)/2079-4000/Colonial Union/Technology/FTL/Paired FTL Node.md,New Readers Start Here/I - Pleroma Archive/World/Locations/Eos Multiverse/The Dark Forest Zone/Local Cluster/Totum/Verse Structure/Superclusters/Laniakea/Milky Way Galaxy/Sol System/Earth (Terra)/2079-4000/Colonial Union/Technology/FTL/Paired FTL Node.md,yes,.md
Colonies__Colonies__f41e91af.md,I - Pleroma Archive/World/Locations/Eos Multiverse/The Dark Forest Zone/Local Cluster/Totum/Verse Structure/Superclusters/Laniakea/Milky Way Galaxy/Sol System/Earth (Terra)/2079-4000/Colonial Union/Interstellar/Colonies/Colonies.md,New Readers Start Here/I - Pleroma Archive/World/Locations/Eos Multiverse/The Dark Forest Zone/Local Cluster/Totum/Verse Structure/Superclusters/Laniakea/Milky Way Galaxy/Sol System/Earth (Terra)/2079-4000/Colonial Union/Interstellar/Colonies/Colonies.md,yes,.md
Syria.md,I - Pleroma Archive/World/Locations/Eos Multiverse/The Dark Forest Zone/Local Cluster/Totum/Verse Structure/Superclusters/Laniakea/Milky Way Galaxy/Sol System/Earth (Terra)/1890-2078/Economy & Infrastructure/Locations/Countries/Syria.md,New Readers Start Here/I - Pleroma Archive/World/Locations/Eos Multiverse/The Dark Forest Zone/Local Cluster/Totum/Verse Structure/Superclusters/Laniakea/Milky Way Galaxy/Sol System/Earth (Terra)/1890-2078/Economy & Infrastructure/Locations/Countries/Syria.md,yes,.md
United Arab Emirates.md,I - Pleroma Archive/World/Locations/Eos Multiverse/The Dark Forest Zone/Local Cluster/Totum/Verse Structure/Superclusters/Laniakea/Milky Way Galaxy/Sol System/Earth (Terra)/1890-2078/Economy & Infrastructure/Locations/Countries/United Arab Emirates.md,New Readers Start Here/I - Pleroma Archive/World/Locations/Eos Multiverse/The Dark Forest Zone/Local Cluster/Totum/Verse Structure/Superclusters/Laniakea/Milky Way Galaxy/Sol System/Earth (Terra)/1890-2078/Economy & Infrastructure/Locations/Countries/United Arab Emirates.md,yes,.md
India.md,I - Pleroma Archive/World/Locations/Eos Multiverse/The Dark Forest Zone/Local Cluster/Totum/Verse Structure/Superclusters/Laniakea/Milky Way Galaxy/Sol System/Earth (Terra)/1890-2078/Economy & Infrastructure/Locations/Countries/India.md,New Readers Start Here/I - Pleroma Archive/World/Locations/Eos Multiverse/The Dark Forest Zone/Local Cluster/Totum/Verse Structure/Superclusters/Laniakea/Milky Way Galaxy/Sol System/Earth (Terra)/1890-2078/Economy & Infrastructure/Locations/Countries/India.md,yes,.md
Saudi Arabia.md,I - Pleroma Archive/World/Locations/Eos Multiverse/The Dark Forest Zone/Local Cluster/Totum/Verse Structure/Superclusters/Laniakea/Milky Way Galaxy/Sol System/Earth (Terra)/1890-2078/Economy & Infrastructure/Locations/Countries/Saudi Arabia.md,New Readers Start Here/I - Pleroma Archive/World/Locations/Eos Multiverse/The Dark Forest Zone/Local Cluster/Totum/Verse Structure/Superclusters/Laniakea/Milky Way Galaxy/Sol System/Earth (Terra)/1890-2078/Economy & Infrastructure/Locations/Countries/Saudi Arabia.md,yes,.md
Iraq.md,I - Pleroma Archive/World/Locations/Eos Multiverse/The Dark Forest Zone/Local Cluster/Totum/Verse Structure/Superclusters/Laniakea/Milky Way Galaxy/Sol System/Earth (Terra)/1890-2078/Economy & Infrastructure/Locations/Countries/Iraq.md,New Readers Start Here/I - Pleroma Archive/World/Locations/Eos Multiverse/The Dark Forest Zone/Local Cluster/Totum/Verse Structure/Superclusters/Laniakea/Milky Way Galaxy/Sol System/Earth (Terra)/1890-2078/Economy & Infrastructure/Locations/Countries/Iraq.md,yes,.md
Turkmenistan.md,I - Pleroma Archive/World/Locations/Eos Multiverse/The Dark Forest Zone/Local Cluster/Totum/Verse Structure/Superclusters/Laniakea/Milky Way Galaxy/Sol System/Earth (Terra)/1890-2078/Economy & Infrastructure/Locations/Countries/Turkmenistan.md,New Readers Start Here/I - Pleroma Archive/World/Locations/Eos Multiverse/The Dark Forest Zone/Local Cluster/Totum/Verse Structure/Superclusters/Laniakea/Milky Way Galaxy/Sol System/Earth (Terra)/1890-2078/Economy & Infrastructure/Locations/Countries/Turkmenistan.md,yes,.md
Oman.md,I - Pleroma Archive/World/Locations/Eos Multiverse/The Dark Forest Zone/Local Cluster/Totum/Verse Structure/Superclusters/Laniakea/Milky Way Galaxy/Sol System/Earth (Terra)/1890-2078/Economy & Infrastructure/Locations/Countries/Oman.md,New Readers Start Here/I - Pleroma Archive/World/Locations/Eos Multiverse/The Dark Forest Zone/Local Cluster/Totum/Verse Structure/Superclusters/Laniakea/Milky Way Galaxy/Sol System/Earth (Terra)/1890-2078/Economy & Infrastructure/Locations/Countries/Oman.md,yes,.md
Alkebulan Union__Countries__c6a678cd.md,I - Pleroma Archive/World/Locations/Eos Multiverse/The Dark Forest Zone/Local Cluster/Totum/Verse Structure/Superclusters/Laniakea/Milky Way Galaxy/Sol System/Earth (Terra)/1890-2078/Economy & Infrastructure/Locations/Countries/Alkebulan Union.md,New Readers Start Here/I - Pleroma Archive/World/Locations/Eos Multiverse/The Dark Forest Zone/Local Cluster/Totum/Verse Structure/Superclusters/Laniakea/Milky Way Galaxy/Sol System/Earth (Terra)/1890-2078/Economy & Infrastructure/Locations/Countries/Alkebulan Union.md,yes,.md
Afghanistan.md,I - Pleroma Archive/World/Locations/Eos Multiverse/The Dark Forest Zone/Local Cluster/Totum/Verse Structure/Superclusters/Laniakea/Milky Way Galaxy/Sol System/Earth (Terra)/1890-2078/Economy & Infrastructure/Locations/Countries/Afghanistan.md,New Readers Start Here/I - Pleroma Archive/World/Locations/Eos Multiverse/The Dark Forest Zone/Local Cluster/Totum/Verse Structure/Superclusters/Laniakea/Milky Way Galaxy/Sol System/Earth (Terra)/1890-2078/Economy & Infrastructure/Locations/Countries/Afghanistan.md,yes,.md
Iran.md,I - Pleroma Archive/World/Locations/Eos Multiverse/The Dark Forest Zone/Local Cluster/Totum/Verse Structure/Superclusters/Laniakea/Milky Way Galaxy/Sol System/Earth (Terra)/1890-2078/Economy & Infrastructure/Locations/Countries/Iran.md,New Readers Start Here/I - Pleroma Archive/World/Locations/Eos Multiverse/The Dark Forest Zone/Local Cluster/Totum/Verse Structure/Superclusters/Laniakea/Milky Way Galaxy/Sol System/Earth (Terra)/1890-2078/Economy & Infrastructure/Locations/Countries/Iran.md,yes,.md
Pakistan.md,I - Pleroma Archive/World/Locations/Eos Multiverse/The Dark Forest Zone/Local Cluster/Totum/Verse Structure/Superclusters/Laniakea/Milky Way Galaxy/Sol System/Earth (Terra)/1890-2078/Economy & Infrastructure/Locations/Countries/Pakistan.md,New Readers Start Here/I - Pleroma Archive/World/Locations/Eos Multiverse/The Dark Forest Zone/Local Cluster/Totum/Verse Structure/Superclusters/Laniakea/Milky Way Galaxy/Sol System/Earth (Terra)/1890-2078/Economy & Infrastructure/Locations/Countries/Pakistan.md,yes,.md
Ethiopia.md,I - Pleroma Archive/World/Locations/Eos Multiverse/The Dark Forest Zone/Local Cluster/Totum/Verse Structure/Superclusters/Laniakea/Milky Way Galaxy/Sol System/Earth (Terra)/1890-2078/Economy & Infrastructure/Locations/Countries/Ethiopia.md,New Readers Start Here/I - Pleroma Archive/World/Locations/Eos Multiverse/The Dark Forest Zone/Local Cluster/Totum/Verse Structure/Superclusters/Laniakea/Milky Way Galaxy/Sol System/Earth (Terra)/1890-2078/Economy & Infrastructure/Locations/Countries/Ethiopia.md,yes,.md
Dar es Salaam.md,I - Pleroma Archive/World/Locations/Eos Multiverse/The Dark Forest Zone/Local Cluster/Totum/Verse Structure/Superclusters/Laniakea/Milky Way Galaxy/Sol System/Earth (Terra)/1890-2078/Economy & Infrastructure/Locations/Cities/Dar es Salaam.md,New Readers Start Here/I - Pleroma Archive/World/Locations/Eos Multiverse/The Dark Forest Zone/Local Cluster/Totum/Verse Structure/Superclusters/Laniakea/Milky Way Galaxy/Sol System/Earth (Terra)/1890-2078/Economy & Infrastructure/Locations/Cities/Dar es Salaam.md,yes,.md
Ho chi minh.md,I - Pleroma Archive/World/Locations/Eos Multiverse/The Dark Forest Zone/Local Cluster/Totum/Verse Structure/Superclusters/Laniakea/Milky Way Galaxy/Sol System/Earth (Terra)/1890-2078/Economy & Infrastructure/Locations/Cities/Ho chi minh.md,New Readers Start Here/I - Pleroma Archive/World/Locations/Eos Multiverse/The Dark Forest Zone/Local Cluster/Totum/Verse Structure/Superclusters/Laniakea/Milky Way Galaxy/Sol System/Earth (Terra)/1890-2078/Economy & Infrastructure/Locations/Cities/Ho chi minh.md,yes,.md
Khartoum.md,I - Pleroma Archive/World/Locations/Eos Multiverse/The Dark Forest Zone/Local Cluster/Totum/Verse Structure/Superclusters/Laniakea/Milky Way Galaxy/Sol System/Earth (Terra)/1890-2078/Economy & Infrastructure/Locations/Cities/Khartoum.md,New Readers Start Here/I - Pleroma Archive/World/Locations/Eos Multiverse/The Dark Forest Zone/Local Cluster/Totum/Verse Structure/Superclusters/Laniakea/Milky Way Galaxy/Sol System/Earth (Terra)/1890-2078/Economy & Infrastructure/Locations/Cities/Khartoum.md,yes,.md
Pune.md,I - Pleroma Archive/World/Locations/Eos Multiverse/The Dark Forest Zone/Local Cluster/Totum/Verse Structure/Superclusters/Laniakea/Milky Way Galaxy/Sol System/Earth (Terra)/1890-2078/Economy & Infrastructure/Locations/Cities/Pune.md,New Readers Start Here/I - Pleroma Archive/World/Locations/Eos Multiverse/The Dark Forest Zone/Local Cluster/Totum/Verse Structure/Superclusters/Laniakea/Milky Way Galaxy/Sol System/Earth (Terra)/1890-2078/Economy & Infrastructure/Locations/Cities/Pune.md,yes,.md
Tehran.md,I - Pleroma Archive/World/Locations/Eos Multiverse/The Dark Forest Zone/Local Cluster/Totum/Verse Structure/Superclusters/Laniakea/Milky Way Galaxy/Sol System/Earth (Terra)/1890-2078/Economy & Infrastructure/Locations/Cities/Tehran.md,New Readers Start Here/I - Pleroma Archive/World/Locations/Eos Multiverse/The Dark Forest Zone/Local Cluster/Totum/Verse Structure/Superclusters/Laniakea/Milky Way Galaxy/Sol System/Earth (Terra)/1890-2078/Economy & Infrastructure/Locations/Cities/Tehran.md,yes,.md
Baghdad.md,I - Pleroma Archive/World/Locations/Eos Multiverse/The Dark Forest Zone/Local Cluster/Totum/Verse Structure/Superclusters/Laniakea/Milky Way Galaxy/Sol System/Earth (Terra)/1890-2078/Economy & Infrastructure/Locations/Cities/Baghdad.md,New Readers Start Here/I - Pleroma Archive/World/Locations/Eos Multiverse/The Dark Forest Zone/Local Cluster/Totum/Verse Structure/Superclusters/Laniakea/Milky Way Galaxy/Sol System/Earth (Terra)/1890-2078/Economy & Infrastructure/Locations/Cities/Baghdad.md,yes,.md
Chengdu.md,I - Pleroma Archive/World/Locations/Eos Multiverse/The Dark Forest Zone/Local Cluster/Totum/Verse Structure/Superclusters/Laniakea/Milky Way Galaxy/Sol System/Earth (Terra)/1890-2078/Economy & Infrastructure/Locations/Cities/Chengdu.md,New Readers Start Here/I - Pleroma Archive/World/Locations/Eos Multiverse/The Dark Forest Zone/Local Cluster/Totum/Verse Structure/Superclusters/Laniakea/Milky Way Galaxy/Sol System/Earth (Terra)/1890-2078/Economy & Infrastructure/Locations/Cities/Chengdu.md,yes,.md
Chicago.md,I - Pleroma Archive/World/Locations/Eos Multiverse/The Dark Forest Zone/Local Cluster/Totum/Verse Structure/Superclusters/Laniakea/Milky Way Galaxy/Sol System/Earth (Terra)/1890-2078/Economy & Infrastructure/Locations/Cities/Chicago.md,New Readers Start Here/I - Pleroma Archive/World/Locations/Eos Multiverse/The Dark Forest Zone/Local Cluster/Totum/Verse Structure/Superclusters/Laniakea/Milky Way Galaxy/Sol System/Earth (Terra)/1890-2078/Economy & Infrastructure/Locations/Cities/Chicago.md,yes,.md
Ahmedabad.md,I - Pleroma Archive/World/Locations/Eos Multiverse/The Dark Forest Zone/Local Cluster/Totum/Verse Structure/Superclusters/Laniakea/Milky Way Galaxy/Sol System/Earth (Terra)/1890-2078/Economy & Infrastructure/Locations/Cities/Ahmedabad.md,New Readers Start Here/I - Pleroma Archive/World/Locations/Eos Multiverse/The Dark Forest Zone/Local Cluster/Totum/Verse Structure/Superclusters/Laniakea/Milky Way Galaxy/Sol System/Earth (Terra)/1890-2078/Economy & Infrastructure/Locations/Cities/Ahmedabad.md,yes,.md
Nanjing.md,I - Pleroma Archive/World/Locations/Eos Multiverse/The Dark Forest Zone/Local Cluster/Totum/Verse Structure/Superclusters/Laniakea/Milky Way Galaxy/Sol System/Earth (Terra)/1890-2078/Economy & Infrastructure/Locations/Cities/Nanjing.md,New Readers Start Here/I - Pleroma Archive/World/Locations/Eos Multiverse/The Dark Forest Zone/Local Cluster/Totum/Verse Structure/Superclusters/Laniakea/Milky Way Galaxy/Sol System/Earth (Terra)/1890-2078/Economy & Infrastructure/Locations/Cities/Nanjing.md,yes,.md
London.md,I - Pleroma Archive/World/Locations/Eos Multiverse/The Dark Forest Zone/Local Cluster/Totum/Verse Structure/Superclusters/Laniakea/Milky Way Galaxy/Sol System/Earth (Terra)/1890-2078/Economy & Infrastructure/Locations/Cities/London.md,New Readers Start Here/I - Pleroma Archive/World/Locations/Eos Multiverse/The Dark Forest Zone/Local Cluster/Totum/Verse Structure/Superclusters/Laniakea/Milky Way Galaxy/Sol System/Earth (Terra)/1890-2078/Economy & Infrastructure/Locations/Cities/London.md,yes,.md
Ubuntu City.md,I - Pleroma Archive/World/Locations/Eos Multiverse/The Dark Forest Zone/Local Cluster/Totum/Verse Structure/Superclusters/Laniakea/Milky Way Galaxy/Sol System/Earth (Terra)/1890-2078/Economy & Infrastructure/Locations/Cities/Ubuntu City.md,New Readers Start Here/I - Pleroma Archive/World/Locations/Eos Multiverse/The Dark Forest Zone/Local Cluster/Totum/Verse Structure/Superclusters/Laniakea/Milky Way Galaxy/Sol System/Earth (Terra)/1890-2078/Economy & Infrastructure/Locations/Cities/Ubuntu City.md,yes,.md
Surat.md,I - Pleroma Archive/World/Locations/Eos Multiverse/The Dark Forest Zone/Local Cluster/Totum/Verse Structure/Superclusters/Laniakea/Milky Way Galaxy/Sol System/Earth (Terra)/1890-2078/Economy & Infrastructure/Locations/Cities/Surat.md,New Readers Start Here/I - Pleroma Archive/World/Locations/Eos Multiverse/The Dark Forest Zone/Local Cluster/Totum/Verse Structure/Superclusters/Laniakea/Milky Way Galaxy/Sol System/Earth (Terra)/1890-2078/Economy & Infrastructure/Locations/Cities/Surat.md,yes,.md
Nairobi.md,I - Pleroma Archive/World/Locations/Eos Multiverse/The Dark Forest Zone/Local Cluster/Totum/Verse Structure/Superclusters/Laniakea/Milky Way Galaxy/Sol System/Earth (Terra)/1890-2078/Economy & Infrastructure/Locations/Cities/Nairobi.md,New Readers Start Here/I - Pleroma Archive/World/Locations/Eos Multiverse/The Dark Forest Zone/Local Cluster/Totum/Verse Structure/Superclusters/Laniakea/Milky Way Galaxy/Sol System/Earth (Terra)/1890-2078/Economy & Infrastructure/Locations/Cities/Nairobi.md,yes,.md
Luanda.md,I - Pleroma Archive/World/Locations/Eos Multiverse/The Dark Forest Zone/Local Cluster/Totum/Verse Structure/Superclusters/Laniakea/Milky Way Galaxy/Sol System/Earth (Terra)/1890-2078/Economy & Infrastructure/Locations/Cities/Luanda.md,New Readers Start Here/I - Pleroma Archive/World/Locations/Eos Multiverse/The Dark Forest Zone/Local Cluster/Totum/Verse Structure/Superclusters/Laniakea/Milky Way Galaxy/Sol System/Earth (Terra)/1890-2078/Economy & Infrastructure/Locations/Cities/Luanda.md,yes,.md
Information saturation.md,I - Pleroma Archive/World/Locations/Eos Multiverse/The Dark Forest Zone/Local Cluster/Totum/Verse Structure/Superclusters/Laniakea/Milky Way Galaxy/Sol System/Earth (Terra)/1890-2078/Pre-WW3/Timeline/Culture & Technology/Information saturation.md,New Readers Start Here/I - Pleroma Archive/World/Locations/Eos Multiverse/The Dark Forest Zone/Local Cluster/Totum/Verse Structure/Superclusters/Laniakea/Milky Way Galaxy/Sol System/Earth (Terra)/1890-2078/Pre-WW3/Timeline/Culture & Technology/Information saturation.md,yes,.md
Space stagnation.md,I - Pleroma Archive/World/Locations/Eos Multiverse/The Dark Forest Zone/Local Cluster/Totum/Verse Structure/Superclusters/Laniakea/Milky Way Galaxy/Sol System/Earth (Terra)/1890-2078/Pre-WW3/Timeline/Culture & Technology/Space stagnation.md,New Readers Start Here/I - Pleroma Archive/World/Locations/Eos Multiverse/The Dark Forest Zone/Local Cluster/Totum/Verse Structure/Superclusters/Laniakea/Milky Way Galaxy/Sol System/Earth (Terra)/1890-2078/Pre-WW3/Timeline/Culture & Technology/Space stagnation.md,yes,.md
Biotech realism.md,I - Pleroma Archive/World/Locations/Eos Multiverse/The Dark Forest Zone/Local Cluster/Totum/Verse Structure/Superclusters/Laniakea/Milky Way Galaxy/Sol System/Earth (Terra)/1890-2078/Pre-WW3/Timeline/Culture & Technology/Biotech realism.md,New Readers Start Here/I - Pleroma Archive/World/Locations/Eos Multiverse/The Dark Forest Zone/Local Cluster/Totum/Verse Structure/Superclusters/Laniakea/Milky Way Galaxy/Sol System/Earth (Terra)/1890-2078/Pre-WW3/Timeline/Culture & Technology/Biotech realism.md,yes,.md
Sea-level migration.md,I - Pleroma Archive/World/Locations/Eos Multiverse/The Dark Forest Zone/Local Cluster/Totum/Verse Structure/Superclusters/Laniakea/Milky Way Galaxy/Sol System/Earth (Terra)/1890-2078/Pre-WW3/Timeline/Environment/Sea-level migration.md,New Readers Start Here/I - Pleroma Archive/World/Locations/Eos Multiverse/The Dark Forest Zone/Local Cluster/Totum/Verse Structure/Superclusters/Laniakea/Milky Way Galaxy/Sol System/Earth (Terra)/1890-2078/Pre-WW3/Timeline/Environment/Sea-level migration.md,yes,.md
water management.md,I - Pleroma Archive/World/Locations/Eos Multiverse/The Dark Forest Zone/Local Cluster/Totum/Verse Structure/Superclusters/Laniakea/Milky Way Galaxy/Sol System/Earth (Terra)/1890-2078/Pre-WW3/Timeline/Environment/water management.md,New Readers Start Here/I - Pleroma Archive/World/Locations/Eos Multiverse/The Dark Forest Zone/Local Cluster/Totum/Verse Structure/Superclusters/Laniakea/Milky Way Galaxy/Sol System/Earth (Terra)/1890-2078/Pre-WW3/Timeline/Environment/water management.md,yes,.md
Crop failures.md,I - Pleroma Archive/World/Locations/Eos Multiverse/The Dark Forest Zone/Local Cluster/Totum/Verse Structure/Superclusters/Laniakea/Milky Way Galaxy/Sol System/Earth (Terra)/1890-2078/Pre-WW3/Timeline/Environment/Crop failures.md,New Readers Start Here/I - Pleroma Archive/World/Locations/Eos Multiverse/The Dark Forest Zone/Local Cluster/Totum/Verse Structure/Superclusters/Laniakea/Milky Way Galaxy/Sol System/Earth (Terra)/1890-2078/Pre-WW3/Timeline/Environment/Crop failures.md,yes,.md
Supply-chain addiction.md,I - Pleroma Archive/World/Locations/Eos Multiverse/The Dark Forest Zone/Local Cluster/Totum/Verse Structure/Superclusters/Laniakea/Milky Way Galaxy/Sol System/Earth (Terra)/1890-2078/Pre-WW3/Timeline/Foundations/Supply-chain addiction.md,New Readers Start Here/I - Pleroma Archive/World/Locations/Eos Multiverse/The Dark Forest Zone/Local Cluster/Totum/Verse Structure/Superclusters/Laniakea/Milky Way Galaxy/Sol System/Earth (Terra)/1890-2078/Pre-WW3/Timeline/Foundations/Supply-chain addiction.md,yes,.md
AI incrementalism.md,I - Pleroma Archive/World/Locations/Eos Multiverse/The Dark Forest Zone/Local Cluster/Totum/Verse Structure/Superclusters/Laniakea/Milky Way Galaxy/Sol System/Earth (Terra)/1890-2078/Pre-WW3/Timeline/Foundations/AI incrementalism.md,New Readers Start Here/I - Pleroma Archive/World/Locations/Eos Multiverse/The Dark Forest Zone/Local Cluster/Totum/Verse Structure/Superclusters/Laniakea/Milky Way Galaxy/Sol System/Earth (Terra)/1890-2078/Pre-WW3/Timeline/Foundations/AI incrementalism.md,yes,.md
Energy plateau.md,I - Pleroma Archive/World/Locations/Eos Multiverse/The Dark Forest Zone/Local Cluster/Totum/Verse Structure/Superclusters/Laniakea/Milky Way Galaxy/Sol System/Earth (Terra)/1890-2078/Pre-WW3/Timeline/Foundations/Energy plateau.md,New Readers Start Here/I - Pleroma Archive/World/Locations/Eos Multiverse/The Dark Forest Zone/Local Cluster/Totum/Verse Structure/Superclusters/Laniakea/Milky Way Galaxy/Sol System/Earth (Terra)/1890-2078/Pre-WW3/Timeline/Foundations/Energy plateau.md,yes,.md
Multipolar inertia.md,I - Pleroma Archive/World/Locations/Eos Multiverse/The Dark Forest Zone/Local Cluster/Totum/Verse Structure/Superclusters/Laniakea/Milky Way Galaxy/Sol System/Earth (Terra)/1890-2078/Pre-WW3/Timeline/Politics/Multipolar inertia.md,New Readers Start Here/I - Pleroma Archive/World/Locations/Eos Multiverse/The Dark Forest Zone/Local Cluster/Totum/Verse Structure/Superclusters/Laniakea/Milky Way Galaxy/Sol System/Earth (Terra)/1890-2078/Pre-WW3/Timeline/Politics/Multipolar inertia.md,yes,.md
Populist loops.md,I - Pleroma Archive/World/Locations/Eos Multiverse/The Dark Forest Zone/Local Cluster/Totum/Verse Structure/Superclusters/Laniakea/Milky Way Galaxy/Sol System/Earth (Terra)/1890-2078/Pre-WW3/Timeline/Politics/Populist loops.md,New Readers Start Here/I - Pleroma Archive/World/Locations/Eos Multiverse/The Dark Forest Zone/Local Cluster/Totum/Verse Structure/Superclusters/Laniakea/Milky Way Galaxy/Sol System/Earth (Terra)/1890-2078/Pre-WW3/Timeline/Politics/Populist loops.md,yes,.md
UN technocracy morph.md,I - Pleroma Archive/World/Locations/Eos Multiverse/The Dark Forest Zone/Local Cluster/Totum/Verse Structure/Superclusters/Laniakea/Milky Way Galaxy/Sol System/Earth (Terra)/1890-2078/Pre-WW3/Timeline/Politics/UN technocracy morph.md,New Readers Start Here/I - Pleroma Archive/World/Locations/Eos Multiverse/The Dark Forest Zone/Local Cluster/Totum/Verse Structure/Superclusters/Laniakea/Milky Way Galaxy/Sol System/Earth (Terra)/1890-2078/Pre-WW3/Timeline/Politics/UN technocracy morph.md,yes,.md
Holy Grail.md,I - Pleroma Archive/World/Locations/Eos Multiverse/The Dark Forest Zone/Local Cluster/Totum/Verse Structure/Superclusters/Laniakea/Milky Way Galaxy/Sol System/Earth (Terra)/1890-2078/Pre-WW3/Doctrine/Relics/Holy Grail.md,New Readers Start Here/I - Pleroma Archive/World/Locations/Eos Multiverse/The Dark Forest Zone/Local Cluster/Totum/Verse Structure/Superclusters/Laniakea/Milky Way Galaxy/Sol System/Earth (Terra)/1890-2078/Pre-WW3/Doctrine/Relics/Holy Grail.md,yes,.md
Book of Enoch.md,I - Pleroma Archive/World/Locations/Eos Multiverse/The Dark Forest Zone/Local Cluster/Totum/Verse Structure/Superclusters/Laniakea/Milky Way Galaxy/Sol System/Earth (Terra)/1890-2078/Pre-WW3/Doctrine/Relics/Book of Enoch.md,New Readers Start Here/I - Pleroma Archive/World/Locations/Eos Multiverse/The Dark Forest Zone/Local Cluster/Totum/Verse Structure/Superclusters/Laniakea/Milky Way Galaxy/Sol System/Earth (Terra)/1890-2078/Pre-WW3/Doctrine/Relics/Book of Enoch.md,yes,.md
Menorah (Temple).md,I - Pleroma Archive/World/Locations/Eos Multiverse/The Dark Forest Zone/Local Cluster/Totum/Verse Structure/Superclusters/Laniakea/Milky Way Galaxy/Sol System/Earth (Terra)/1890-2078/Pre-WW3/Doctrine/Relics/Menorah (Temple).md,New Readers Start Here/I - Pleroma Archive/World/Locations/Eos Multiverse/The Dark Forest Zone/Local Cluster/Totum/Verse Structure/Superclusters/Laniakea/Milky Way Galaxy/Sol System/Earth (Terra)/1890-2078/Pre-WW3/Doctrine/Relics/Menorah (Temple).md,yes,.md
Sudarium of Oviedo.md,I - Pleroma Archive/World/Locations/Eos Multiverse/The Dark Forest Zone/Local Cluster/Totum/Verse Structure/Superclusters/Laniakea/Milky Way Galaxy/Sol System/Earth (Terra)/1890-2078/Pre-WW3/Doctrine/Relics/Sudarium of Oviedo.md,New Readers Start Here/I - Pleroma Archive/World/Locations/Eos Multiverse/The Dark Forest Zone/Local Cluster/Totum/Verse Structure/Superclusters/Laniakea/Milky Way Galaxy/Sol System/Earth (Terra)/1890-2078/Pre-WW3/Doctrine/Relics/Sudarium of Oviedo.md,yes,.md
Voynich Manuscript.md,I - Pleroma Archive/World/Locations/Eos Multiverse/The Dark Forest Zone/Local Cluster/Totum/Verse Structure/Superclusters/Laniakea/Milky Way Galaxy/Sol System/Earth (Terra)/1890-2078/Pre-WW3/Doctrine/Relics/Voynich Manuscript.md,New Readers Start Here/I - Pleroma Archive/World/Locations/Eos Multiverse/The Dark Forest Zone/Local Cluster/Totum/Verse Structure/Superclusters/Laniakea/Milky Way Galaxy/Sol System/Earth (Terra)/1890-2078/Pre-WW3/Doctrine/Relics/Voynich Manuscript.md,yes,.md
Delphi Omphalos Stone.md,I - Pleroma Archive/World/Locations/Eos Multiverse/The Dark Forest Zone/Local Cluster/Totum/Verse Structure/Superclusters/Laniakea/Milky Way Galaxy/Sol System/Earth (Terra)/1890-2078/Pre-WW3/Doctrine/Relics/Delphi Omphalos Stone.md,New Readers Start Here/I - Pleroma Archive/World/Locations/Eos Multiverse/The Dark Forest Zone/Local Cluster/Totum/Verse Structure/Superclusters/Laniakea/Milky Way Galaxy/Sol System/Earth (Terra)/1890-2078/Pre-WW3/Doctrine/Relics/Delphi Omphalos Stone.md,yes,.md
Sword of Ali (Dhu al-Fiqar).md,I - Pleroma Archive/World/Locations/Eos Multiverse/The Dark Forest Zone/Local Cluster/Totum/Verse Structure/Superclusters/Laniakea/Milky Way Galaxy/Sol System/Earth (Terra)/1890-2078/Pre-WW3/Doctrine/Relics/Sword of Ali (Dhu al-Fiqar).md,New Readers Start Here/I - Pleroma Archive/World/Locations/Eos Multiverse/The Dark Forest Zone/Local Cluster/Totum/Verse Structure/Superclusters/Laniakea/Milky Way Galaxy/Sol System/Earth (Terra)/1890-2078/Pre-WW3/Doctrine/Relics/Sword of Ali (Dhu al-Fiqar).md,yes,.md
Picatrix (Gha╠äyat al-H╠úaki╠äm.md,I - Pleroma Archive/World/Locations/Eos Multiverse/The Dark Forest Zone/Local Cluster/Totum/Verse Structure/Superclusters/Laniakea/Milky Way Galaxy/Sol System/Earth (Terra)/1890-2078/Pre-WW3/Doctrine/Relics/Picatrix (Gha╠äyat al-H╠úaki╠äm.md,New Readers Start Here/I - Pleroma Archive/World/Locations/Eos Multiverse/The Dark Forest Zone/Local Cluster/Totum/Verse Structure/Superclusters/Laniakea/Milky Way Galaxy/Sol System/Earth (Terra)/1890-2078/Pre-WW3/Doctrine/Relics/Picatrix (Gha╠äyat al-H╠úaki╠äm.md,yes,.md
Relics__Relics__757ceb34.md,I - Pleroma Archive/World/Locations/Eos Multiverse/The Dark Forest Zone/Local Cluster/Totum/Verse Structure/Superclusters/Laniakea/Milky Way Galaxy/Sol System/Earth (Terra)/1890-2078/Pre-WW3/Doctrine/Relics/Relics.md,New Readers Start Here/I - Pleroma Archive/World/Locations/Eos Multiverse/The Dark Forest Zone/Local Cluster/Totum/Verse Structure/Superclusters/Laniakea/Milky Way Galaxy/Sol System/Earth (Terra)/1890-2078/Pre-WW3/Doctrine/Relics/Relics.md,yes,.md
Golem Scroll - Sefer Yetzirah variant.md,I - Pleroma Archive/World/Locations/Eos Multiverse/The Dark Forest Zone/Local Cluster/Totum/Verse Structure/Superclusters/Laniakea/Milky Way Galaxy/Sol System/Earth (Terra)/1890-2078/Pre-WW3/Doctrine/Relics/Golem Scroll - Sefer Yetzirah variant.md,New Readers Start Here/I - Pleroma Archive/World/Locations/Eos Multiverse/The Dark Forest Zone/Local Cluster/Totum/Verse Structure/Superclusters/Laniakea/Milky Way Galaxy/Sol System/Earth (Terra)/1890-2078/Pre-WW3/Doctrine/Relics/Golem Scroll - Sefer Yetzirah variant.md,yes,.md
Knife of the Final Meal.md,I - Pleroma Archive/World/Locations/Eos Multiverse/The Dark Forest Zone/Local Cluster/Totum/Verse Structure/Superclusters/Laniakea/Milky Way Galaxy/Sol System/Earth (Terra)/1890-2078/Pre-WW3/Doctrine/Relics/Knife of the Final Meal.md,New Readers Start Here/I - Pleroma Archive/World/Locations/Eos Multiverse/The Dark Forest Zone/Local Cluster/Totum/Verse Structure/Superclusters/Laniakea/Milky Way Galaxy/Sol System/Earth (Terra)/1890-2078/Pre-WW3/Doctrine/Relics/Knife of the Final Meal.md,yes,.md
Sibylline Books.md,I - Pleroma Archive/World/Locations/Eos Multiverse/The Dark Forest Zone/Local Cluster/Totum/Verse Structure/Superclusters/Laniakea/Milky Way Galaxy/Sol System/Earth (Terra)/1890-2078/Pre-WW3/Doctrine/Relics/Sibylline Books.md,New Readers Start Here/I - Pleroma Archive/World/Locations/Eos Multiverse/The Dark Forest Zone/Local Cluster/Totum/Verse Structure/Superclusters/Laniakea/Milky Way Galaxy/Sol System/Earth (Terra)/1890-2078/Pre-WW3/Doctrine/Relics/Sibylline Books.md,yes,.md
Seal of Solomon.md,I - Pleroma Archive/World/Locations/Eos Multiverse/The Dark Forest Zone/Local Cluster/Totum/Verse Structure/Superclusters/Laniakea/Milky Way Galaxy/Sol System/Earth (Terra)/1890-2078/Pre-WW3/Doctrine/Relics/Seal of Solomon.md,New Readers Start Here/I - Pleroma Archive/World/Locations/Eos Multiverse/The Dark Forest Zone/Local Cluster/Totum/Verse Structure/Superclusters/Laniakea/Milky Way Galaxy/Sol System/Earth (Terra)/1890-2078/Pre-WW3/Doctrine/Relics/Seal of Solomon.md,yes,.md
Pythagorean Tablets.md,I - Pleroma Archive/World/Locations/Eos Multiverse/The Dark Forest Zone/Local Cluster/Totum/Verse Structure/Superclusters/Laniakea/Milky Way Galaxy/Sol System/Earth (Terra)/1890-2078/Pre-WW3/Doctrine/Relics/Pythagorean Tablets.md,New Readers Start Here/I - Pleroma Archive/World/Locations/Eos Multiverse/The Dark Forest Zone/Local Cluster/Totum/Verse Structure/Superclusters/Laniakea/Milky Way Galaxy/Sol System/Earth (Terra)/1890-2078/Pre-WW3/Doctrine/Relics/Pythagorean Tablets.md,yes,.md
Sefer HaRazim.md,I - Pleroma Archive/World/Locations/Eos Multiverse/The Dark Forest Zone/Local Cluster/Totum/Verse Structure/Superclusters/Laniakea/Milky Way Galaxy/Sol System/Earth (Terra)/1890-2078/Pre-WW3/Doctrine/Relics/Sefer HaRazim.md,New Readers Start Here/I - Pleroma Archive/World/Locations/Eos Multiverse/The Dark Forest Zone/Local Cluster/Totum/Verse Structure/Superclusters/Laniakea/Milky Way Galaxy/Sol System/Earth (Terra)/1890-2078/Pre-WW3/Doctrine/Relics/Sefer HaRazim.md,yes,.md
AshokaΓÇÖs Pillars.md,I - Pleroma Archive/World/Locations/Eos Multiverse/The Dark Forest Zone/Local Cluster/Totum/Verse Structure/Superclusters/Laniakea/Milky Way Galaxy/Sol System/Earth (Terra)/1890-2078/Pre-WW3/Doctrine/Relics/AshokaΓÇÖs Pillars.md,New Readers Start Here/I - Pleroma Archive/World/Locations/Eos Multiverse/The Dark Forest Zone/Local Cluster/Totum/Verse Structure/Superclusters/Laniakea/Milky Way Galaxy/Sol System/Earth (Terra)/1890-2078/Pre-WW3/Doctrine/Relics/AshokaΓÇÖs Pillars.md,yes,.md
Iron Crown of Lombardy.md,I - Pleroma Archive/World/Locations/Eos Multiverse/The Dark Forest Zone/Local Cluster/Totum/Verse Structure/Superclusters/Laniakea/Milky Way Galaxy/Sol System/Earth (Terra)/1890-2078/Pre-WW3/Doctrine/Relics/Iron Crown of Lombardy.md,New Readers Start Here/I - Pleroma Archive/World/Locations/Eos Multiverse/The Dark Forest Zone/Local Cluster/Totum/Verse Structure/Superclusters/Laniakea/Milky Way Galaxy/Sol System/Earth (Terra)/1890-2078/Pre-WW3/Doctrine/Relics/Iron Crown of Lombardy.md,yes,.md
Zohar (Kabbalah).md,I - Pleroma Archive/World/Locations/Eos Multiverse/The Dark Forest Zone/Local Cluster/Totum/Verse Structure/Superclusters/Laniakea/Milky Way Galaxy/Sol System/Earth (Terra)/1890-2078/Pre-WW3/Doctrine/Relics/Zohar (Kabbalah).md,New Readers Start Here/I - Pleroma Archive/World/Locations/Eos Multiverse/The Dark Forest Zone/Local Cluster/Totum/Verse Structure/Superclusters/Laniakea/Milky Way Galaxy/Sol System/Earth (Terra)/1890-2078/Pre-WW3/Doctrine/Relics/Zohar (Kabbalah).md,yes,.md
Sword of Kusanagi.md,I - Pleroma Archive/World/Locations/Eos Multiverse/The Dark Forest Zone/Local Cluster/Totum/Verse Structure/Superclusters/Laniakea/Milky Way Galaxy/Sol System/Earth (Terra)/1890-2078/Pre-WW3/Doctrine/Relics/Sword of Kusanagi.md,New Readers Start Here/I - Pleroma Archive/World/Locations/Eos Multiverse/The Dark Forest Zone/Local Cluster/Totum/Verse Structure/Superclusters/Laniakea/Milky Way Galaxy/Sol System/Earth (Terra)/1890-2078/Pre-WW3/Doctrine/Relics/Sword of Kusanagi.md,yes,.md
Dead Sea Scrolls (expanded).md,I - Pleroma Archive/World/Locations/Eos Multiverse/The Dark Forest Zone/Local Cluster/Totum/Verse Structure/Superclusters/Laniakea/Milky Way Galaxy/Sol System/Earth (Terra)/1890-2078/Pre-WW3/Doctrine/Relics/Dead Sea Scrolls (expanded).md,New Readers Start Here/I - Pleroma Archive/World/Locations/Eos Multiverse/The Dark Forest Zone/Local Cluster/Totum/Verse Structure/Superclusters/Laniakea/Milky Way Galaxy/Sol System/Earth (Terra)/1890-2078/Pre-WW3/Doctrine/Relics/Dead Sea Scrolls (expanded).md,yes,.md
Saraswati Crystal.md,I - Pleroma Archive/World/Locations/Eos Multiverse/The Dark Forest Zone/Local Cluster/Totum/Verse Structure/Superclusters/Laniakea/Milky Way Galaxy/Sol System/Earth (Terra)/1890-2078/Pre-WW3/Doctrine/Relics/Saraswati Crystal.md,New Readers Start Here/I - Pleroma Archive/World/Locations/Eos Multiverse/The Dark Forest Zone/Local Cluster/Totum/Verse Structure/Superclusters/Laniakea/Milky Way Galaxy/Sol System/Earth (Terra)/1890-2078/Pre-WW3/Doctrine/Relics/Saraswati Crystal.md,yes,.md
Jade Seal of China (Heirloom Seal).md,I - Pleroma Archive/World/Locations/Eos Multiverse/The Dark Forest Zone/Local Cluster/Totum/Verse Structure/Superclusters/Laniakea/Milky Way Galaxy/Sol System/Earth (Terra)/1890-2078/Pre-WW3/Doctrine/Relics/Jade Seal of China (Heirloom Seal).md,New Readers Start Here/I - Pleroma Archive/World/Locations/Eos Multiverse/The Dark Forest Zone/Local Cluster/Totum/Verse Structure/Superclusters/Laniakea/Milky Way Galaxy/Sol System/Earth (Terra)/1890-2078/Pre-WW3/Doctrine/Relics/Jade Seal of China (Heirloom Seal).md,yes,.md
Emerald Tablet of Hermes.md,I - Pleroma Archive/World/Locations/Eos Multiverse/The Dark Forest Zone/Local Cluster/Totum/Verse Structure/Superclusters/Laniakea/Milky Way Galaxy/Sol System/Earth (Terra)/1890-2078/Pre-WW3/Doctrine/Relics/Emerald Tablet of Hermes.md,New Readers Start Here/I - Pleroma Archive/World/Locations/Eos Multiverse/The Dark Forest Zone/Local Cluster/Totum/Verse Structure/Superclusters/Laniakea/Milky Way Galaxy/Sol System/Earth (Terra)/1890-2078/Pre-WW3/Doctrine/Relics/Emerald Tablet of Hermes.md,yes,.md
Black Stone of Mecca.md,I - Pleroma Archive/World/Locations/Eos Multiverse/The Dark Forest Zone/Local Cluster/Totum/Verse Structure/Superclusters/Laniakea/Milky Way Galaxy/Sol System/Earth (Terra)/1890-2078/Pre-WW3/Doctrine/Relics/Black Stone of Mecca.md,New Readers Start Here/I - Pleroma Archive/World/Locations/Eos Multiverse/The Dark Forest Zone/Local Cluster/Totum/Verse Structure/Superclusters/Laniakea/Milky Way Galaxy/Sol System/Earth (Terra)/1890-2078/Pre-WW3/Doctrine/Relics/Black Stone of Mecca.md,yes,.md
Shroud of Turin.md,I - Pleroma Archive/World/Locations/Eos Multiverse/The Dark Forest Zone/Local Cluster/Totum/Verse Structure/Superclusters/Laniakea/Milky Way Galaxy/Sol System/Earth (Terra)/1890-2078/Pre-WW3/Doctrine/Relics/Shroud of Turin.md,New Readers Start Here/I - Pleroma Archive/World/Locations/Eos Multiverse/The Dark Forest Zone/Local Cluster/Totum/Verse Structure/Superclusters/Laniakea/Milky Way Galaxy/Sol System/Earth (Terra)/1890-2078/Pre-WW3/Doctrine/Relics/Shroud of Turin.md,yes,.md
Spear of Longinus.md,I - Pleroma Archive/World/Locations/Eos Multiverse/The Dark Forest Zone/Local Cluster/Totum/Verse Structure/Superclusters/Laniakea/Milky Way Galaxy/Sol System/Earth (Terra)/1890-2078/Pre-WW3/Doctrine/Relics/Spear of Longinus.md,New Readers Start Here/I - Pleroma Archive/World/Locations/Eos Multiverse/The Dark Forest Zone/Local Cluster/Totum/Verse Structure/Superclusters/Laniakea/Milky Way Galaxy/Sol System/Earth (Terra)/1890-2078/Pre-WW3/Doctrine/Relics/Spear of Longinus.md,yes,.md
Gospels of Judas - Mary - Thomas.md,I - Pleroma Archive/World/Locations/Eos Multiverse/The Dark Forest Zone/Local Cluster/Totum/Verse Structure/Superclusters/Laniakea/Milky Way Galaxy/Sol System/Earth (Terra)/1890-2078/Pre-WW3/Doctrine/Relics/Gospels of Judas - Mary - Thomas.md,New Readers Start Here/I - Pleroma Archive/World/Locations/Eos Multiverse/The Dark Forest Zone/Local Cluster/Totum/Verse Structure/Superclusters/Laniakea/Milky Way Galaxy/Sol System/Earth (Terra)/1890-2078/Pre-WW3/Doctrine/Relics/Gospels of Judas - Mary - Thomas.md,yes,.md
Ark of the Covenant.md,I - Pleroma Archive/World/Locations/Eos Multiverse/The Dark Forest Zone/Local Cluster/Totum/Verse Structure/Superclusters/Laniakea/Milky Way Galaxy/Sol System/Earth (Terra)/1890-2078/Pre-WW3/Doctrine/Relics/Ark of the Covenant.md,New Readers Start Here/I - Pleroma Archive/World/Locations/Eos Multiverse/The Dark Forest Zone/Local Cluster/Totum/Verse Structure/Superclusters/Laniakea/Milky Way Galaxy/Sol System/Earth (Terra)/1890-2078/Pre-WW3/Doctrine/Relics/Ark of the Covenant.md,yes,.md
Hoshen (Priestly Breastplate).md,I - Pleroma Archive/World/Locations/Eos Multiverse/The Dark Forest Zone/Local Cluster/Totum/Verse Structure/Superclusters/Laniakea/Milky Way Galaxy/Sol System/Earth (Terra)/1890-2078/Pre-WW3/Doctrine/Relics/Hoshen (Priestly Breastplate).md,New Readers Start Here/I - Pleroma Archive/World/Locations/Eos Multiverse/The Dark Forest Zone/Local Cluster/Totum/Verse Structure/Superclusters/Laniakea/Milky Way Galaxy/Sol System/Earth (Terra)/1890-2078/Pre-WW3/Doctrine/Relics/Hoshen (Priestly Breastplate).md,yes,.md
Book of Jubilees.md,I - Pleroma Archive/World/Locations/Eos Multiverse/The Dark Forest Zone/Local Cluster/Totum/Verse Structure/Superclusters/Laniakea/Milky Way Galaxy/Sol System/Earth (Terra)/1890-2078/Pre-WW3/Doctrine/Relics/Book of Jubilees.md,New Readers Start Here/I - Pleroma Archive/World/Locations/Eos Multiverse/The Dark Forest Zone/Local Cluster/Totum/Verse Structure/Superclusters/Laniakea/Milky Way Galaxy/Sol System/Earth (Terra)/1890-2078/Pre-WW3/Doctrine/Relics/Book of Jubilees.md,yes,.md
Yamama Caliphate.md,I - Pleroma Archive/World/Locations/Eos Multiverse/The Dark Forest Zone/Local Cluster/Totum/Verse Structure/Superclusters/Laniakea/Milky Way Galaxy/Sol System/Earth (Terra)/1890-2078/Pre-WW3/Faction Profile/Yamama Caliphate/Yamama Caliphate.md,New Readers Start Here/I - Pleroma Archive/World/Locations/Eos Multiverse/The Dark Forest Zone/Local Cluster/Totum/Verse Structure/Superclusters/Laniakea/Milky Way Galaxy/Sol System/Earth (Terra)/1890-2078/Pre-WW3/Faction Profile/Yamama Caliphate/Yamama Caliphate.md,yes,.md
Abdulrahman bin Ali Al-Saud.md,I - Pleroma Archive/World/Locations/Eos Multiverse/The Dark Forest Zone/Local Cluster/Totum/Verse Structure/Superclusters/Laniakea/Milky Way Galaxy/Sol System/Earth (Terra)/1890-2078/Pre-WW3/Faction Profile/Yamama Caliphate/Abdulrahman bin Ali Al-Saud.md,New Readers Start Here/I - Pleroma Archive/World/Locations/Eos Multiverse/The Dark Forest Zone/Local Cluster/Totum/Verse Structure/Superclusters/Laniakea/Milky Way Galaxy/Sol System/Earth (Terra)/1890-2078/Pre-WW3/Faction Profile/Yamama Caliphate/Abdulrahman bin Ali Al-Saud.md,yes,.md
"The Sword of the Ummah, the Voice of God.md","I - Pleroma Archive/World/Locations/Eos Multiverse/The Dark Forest Zone/Local Cluster/Totum/Verse Structure/Superclusters/Laniakea/Milky Way Galaxy/Sol System/Earth (Terra)/1890-2078/Pre-WW3/Faction Profile/Yamama Caliphate/The Sword of the Ummah, the Voice of God.md","New Readers Start Here/I - Pleroma Archive/World/Locations/Eos Multiverse/The Dark Forest Zone/Local Cluster/Totum/Verse Structure/Superclusters/Laniakea/Milky Way Galaxy/Sol System/Earth (Terra)/1890-2078/Pre-WW3/Faction Profile/Yamama Caliphate/The Sword of the Ummah, the Voice of God.md",yes,.md
Representative of the Alkebulan Union.md,I - Pleroma Archive/World/Locations/Eos Multiverse/The Dark Forest Zone/Local Cluster/Totum/Verse Structure/Superclusters/Laniakea/Milky Way Galaxy/Sol System/Earth (Terra)/1890-2078/Pre-WW3/Faction Profile/Alkebulan Union/Representative of the Alkebulan Union.md,New Readers Start Here/I - Pleroma Archive/World/Locations/Eos Multiverse/The Dark Forest Zone/Local Cluster/Totum/Verse Structure/Superclusters/Laniakea/Milky Way Galaxy/Sol System/Earth (Terra)/1890-2078/Pre-WW3/Faction Profile/Alkebulan Union/Representative of the Alkebulan Union.md,yes,.md
Alkebulan Union__Alkebulan Union__ea8de02e.md,I - Pleroma Archive/World/Locations/Eos Multiverse/The Dark Forest Zone/Local Cluster/Totum/Verse Structure/Superclusters/Laniakea/Milky Way Galaxy/Sol System/Earth (Terra)/1890-2078/Pre-WW3/Faction Profile/Alkebulan Union/Alkebulan Union.md,New Readers Start Here/I - Pleroma Archive/World/Locations/Eos Multiverse/The Dark Forest Zone/Local Cluster/Totum/Verse Structure/Superclusters/Laniakea/Milky Way Galaxy/Sol System/Earth (Terra)/1890-2078/Pre-WW3/Faction Profile/Alkebulan Union/Alkebulan Union.md,yes,.md
Union Reborn.md,I - Pleroma Archive/World/Locations/Eos Multiverse/The Dark Forest Zone/Local Cluster/Totum/Verse Structure/Superclusters/Laniakea/Milky Way Galaxy/Sol System/Earth (Terra)/1890-2078/Pre-WW3/Faction Profile/CRINK/Union Reborn.md,New Readers Start Here/I - Pleroma Archive/World/Locations/Eos Multiverse/The Dark Forest Zone/Local Cluster/Totum/Verse Structure/Superclusters/Laniakea/Milky Way Galaxy/Sol System/Earth (Terra)/1890-2078/Pre-WW3/Faction Profile/CRINK/Union Reborn.md,yes,.md
The fourth international (Comintern).md,I - Pleroma Archive/World/Locations/Eos Multiverse/The Dark Forest Zone/Local Cluster/Totum/Verse Structure/Superclusters/Laniakea/Milky Way Galaxy/Sol System/Earth (Terra)/1890-2078/Pre-WW3/Faction Profile/CRINK/The fourth international (Comintern).md,New Readers Start Here/I - Pleroma Archive/World/Locations/Eos Multiverse/The Dark Forest Zone/Local Cluster/Totum/Verse Structure/Superclusters/Laniakea/Milky Way Galaxy/Sol System/Earth (Terra)/1890-2078/Pre-WW3/Faction Profile/CRINK/The fourth international (Comintern).md,yes,.md
Republic of Persia.md,I - Pleroma Archive/World/Locations/Eos Multiverse/The Dark Forest Zone/Local Cluster/Totum/Verse Structure/Superclusters/Laniakea/Milky Way Galaxy/Sol System/Earth (Terra)/1890-2078/Pre-WW3/Faction Profile/Republic of Persia/Republic of Persia.md,New Readers Start Here/I - Pleroma Archive/World/Locations/Eos Multiverse/The Dark Forest Zone/Local Cluster/Totum/Verse Structure/Superclusters/Laniakea/Milky Way Galaxy/Sol System/Earth (Terra)/1890-2078/Pre-WW3/Faction Profile/Republic of Persia/Republic of Persia.md,yes,.md
Kourosh Navid Pahlavan.md,I - Pleroma Archive/World/Locations/Eos Multiverse/The Dark Forest Zone/Local Cluster/Totum/Verse Structure/Superclusters/Laniakea/Milky Way Galaxy/Sol System/Earth (Terra)/1890-2078/Pre-WW3/Faction Profile/Republic of Persia/Kourosh Navid Pahlavan.md,New Readers Start Here/I - Pleroma Archive/World/Locations/Eos Multiverse/The Dark Forest Zone/Local Cluster/Totum/Verse Structure/Superclusters/Laniakea/Milky Way Galaxy/Sol System/Earth (Terra)/1890-2078/Pre-WW3/Faction Profile/Republic of Persia/Kourosh Navid Pahlavan.md,yes,.md
Pacific Compact.md,I - Pleroma Archive/World/Locations/Eos Multiverse/The Dark Forest Zone/Local Cluster/Totum/Verse Structure/Superclusters/Laniakea/Milky Way Galaxy/Sol System/Earth (Terra)/1890-2078/Pre-WW3/Faction Profile/Pacific Compact/Pacific Compact.md,New Readers Start Here/I - Pleroma Archive/World/Locations/Eos Multiverse/The Dark Forest Zone/Local Cluster/Totum/Verse Structure/Superclusters/Laniakea/Milky Way Galaxy/Sol System/Earth (Terra)/1890-2078/Pre-WW3/Faction Profile/Pacific Compact/Pacific Compact.md,yes,.md
Representative.md,I - Pleroma Archive/World/Locations/Eos Multiverse/The Dark Forest Zone/Local Cluster/Totum/Verse Structure/Superclusters/Laniakea/Milky Way Galaxy/Sol System/Earth (Terra)/1890-2078/Pre-WW3/Faction Profile/Pacific Compact/Representative.md,New Readers Start Here/I - Pleroma Archive/World/Locations/Eos Multiverse/The Dark Forest Zone/Local Cluster/Totum/Verse Structure/Superclusters/Laniakea/Milky Way Galaxy/Sol System/Earth (Terra)/1890-2078/Pre-WW3/Faction Profile/Pacific Compact/Representative.md,yes,.md
Chimera Security Concepts.md,I - Pleroma Archive/World/Locations/Eos Multiverse/The Dark Forest Zone/Local Cluster/Totum/Verse Structure/Superclusters/Laniakea/Milky Way Galaxy/Sol System/Earth (Terra)/1890-2078/Pre-WW3/Faction Profile/Chimera Security Concepts/Chimera Security Concepts.md,New Readers Start Here/I - Pleroma Archive/World/Locations/Eos Multiverse/The Dark Forest Zone/Local Cluster/Totum/Verse Structure/Superclusters/Laniakea/Milky Way Galaxy/Sol System/Earth (Terra)/1890-2078/Pre-WW3/Faction Profile/Chimera Security Concepts/Chimera Security Concepts.md,yes,.md
USA.md,I - Pleroma Archive/World/Locations/Eos Multiverse/The Dark Forest Zone/Local Cluster/Totum/Verse Structure/Superclusters/Laniakea/Milky Way Galaxy/Sol System/Earth (Terra)/1890-2078/Pre-WW3/Faction Profile/UAR/USA.md,New Readers Start Here/I - Pleroma Archive/World/Locations/Eos Multiverse/The Dark Forest Zone/Local Cluster/Totum/Verse Structure/Superclusters/Laniakea/Milky Way Galaxy/Sol System/Earth (Terra)/1890-2078/Pre-WW3/Faction Profile/UAR/USA.md,yes,.md
Canada.md,I - Pleroma Archive/World/Locations/Eos Multiverse/The Dark Forest Zone/Local Cluster/Totum/Verse Structure/Superclusters/Laniakea/Milky Way Galaxy/Sol System/Earth (Terra)/1890-2078/Pre-WW3/Faction Profile/UAR/Canada.md,New Readers Start Here/I - Pleroma Archive/World/Locations/Eos Multiverse/The Dark Forest Zone/Local Cluster/Totum/Verse Structure/Superclusters/Laniakea/Milky Way Galaxy/Sol System/Earth (Terra)/1890-2078/Pre-WW3/Faction Profile/UAR/Canada.md,yes,.md
Globalist Liberalist Candidate.md,I - Pleroma Archive/World/Locations/Eos Multiverse/The Dark Forest Zone/Local Cluster/Totum/Verse Structure/Superclusters/Laniakea/Milky Way Galaxy/Sol System/Earth (Terra)/1890-2078/Pre-WW3/Faction Profile/UAR/Globalist Liberalist Candidate.md,New Readers Start Here/I - Pleroma Archive/World/Locations/Eos Multiverse/The Dark Forest Zone/Local Cluster/Totum/Verse Structure/Superclusters/Laniakea/Milky Way Galaxy/Sol System/Earth (Terra)/1890-2078/Pre-WW3/Faction Profile/UAR/Globalist Liberalist Candidate.md,yes,.md
UAR.md,I - Pleroma Archive/World/Locations/Eos Multiverse/The Dark Forest Zone/Local Cluster/Totum/Verse Structure/Superclusters/Laniakea/Milky Way Galaxy/Sol System/Earth (Terra)/1890-2078/Pre-WW3/Faction Profile/UAR/UAR.md,New Readers Start Here/I - Pleroma Archive/World/Locations/Eos Multiverse/The Dark Forest Zone/Local Cluster/Totum/Verse Structure/Superclusters/Laniakea/Milky Way Galaxy/Sol System/Earth (Terra)/1890-2078/Pre-WW3/Faction Profile/UAR/UAR.md,yes,.md
South America.md,I - Pleroma Archive/World/Locations/Eos Multiverse/The Dark Forest Zone/Local Cluster/Totum/Verse Structure/Superclusters/Laniakea/Milky Way Galaxy/Sol System/Earth (Terra)/1890-2078/Pre-WW3/Faction Profile/UAR/South America.md,New Readers Start Here/I - Pleroma Archive/World/Locations/Eos Multiverse/The Dark Forest Zone/Local Cluster/Totum/Verse Structure/Superclusters/Laniakea/Milky Way Galaxy/Sol System/Earth (Terra)/1890-2078/Pre-WW3/Faction Profile/UAR/South America.md,yes,.md
Constitutionalist Nationalist Candidate.md,I - Pleroma Archive/World/Locations/Eos Multiverse/The Dark Forest Zone/Local Cluster/Totum/Verse Structure/Superclusters/Laniakea/Milky Way Galaxy/Sol System/Earth (Terra)/1890-2078/Pre-WW3/Faction Profile/UAR/Constitutionalist Nationalist Candidate.md,New Readers Start Here/I - Pleroma Archive/World/Locations/Eos Multiverse/The Dark Forest Zone/Local Cluster/Totum/Verse Structure/Superclusters/Laniakea/Milky Way Galaxy/Sol System/Earth (Terra)/1890-2078/Pre-WW3/Faction Profile/UAR/Constitutionalist Nationalist Candidate.md,yes,.md
Eros Station.md,I - Pleroma Archive/World/Locations/Eos Multiverse/The Dark Forest Zone/Local Cluster/Totum/Verse Structure/Superclusters/Laniakea/Milky Way Galaxy/Sol System/Earth (Terra)/2079-4000/Colonial Union/Intrastellar/Belt Colonial Committee/Locations/Eros Station.md,New Readers Start Here/I - Pleroma Archive/World/Locations/Eos Multiverse/The Dark Forest Zone/Local Cluster/Totum/Verse Structure/Superclusters/Laniakea/Milky Way Galaxy/Sol System/Earth (Terra)/2079-4000/Colonial Union/Intrastellar/Belt Colonial Committee/Locations/Eros Station.md,yes,.md
Vesta Station.md,I - Pleroma Archive/World/Locations/Eos Multiverse/The Dark Forest Zone/Local Cluster/Totum/Verse Structure/Superclusters/Laniakea/Milky Way Galaxy/Sol System/Earth (Terra)/2079-4000/Colonial Union/Intrastellar/Belt Colonial Committee/Locations/Vesta Station.md,New Readers Start Here/I - Pleroma Archive/World/Locations/Eos Multiverse/The Dark Forest Zone/Local Cluster/Totum/Verse Structure/Superclusters/Laniakea/Milky Way Galaxy/Sol System/Earth (Terra)/2079-4000/Colonial Union/Intrastellar/Belt Colonial Committee/Locations/Vesta Station.md,yes,.md
Juno Station.md,I - Pleroma Archive/World/Locations/Eos Multiverse/The Dark Forest Zone/Local Cluster/Totum/Verse Structure/Superclusters/Laniakea/Milky Way Galaxy/Sol System/Earth (Terra)/2079-4000/Colonial Union/Intrastellar/Belt Colonial Committee/Locations/Juno Station.md,New Readers Start Here/I - Pleroma Archive/World/Locations/Eos Multiverse/The Dark Forest Zone/Local Cluster/Totum/Verse Structure/Superclusters/Laniakea/Milky Way Galaxy/Sol System/Earth (Terra)/2079-4000/Colonial Union/Intrastellar/Belt Colonial Committee/Locations/Juno Station.md,yes,.md
Ceres.md,I - Pleroma Archive/World/Locations/Eos Multiverse/The Dark Forest Zone/Local Cluster/Totum/Verse Structure/Superclusters/Laniakea/Milky Way Galaxy/Sol System/Earth (Terra)/2079-4000/Colonial Union/Intrastellar/Belt Colonial Committee/Locations/Ceres.md,New Readers Start Here/I - Pleroma Archive/World/Locations/Eos Multiverse/The Dark Forest Zone/Local Cluster/Totum/Verse Structure/Superclusters/Laniakea/Milky Way Galaxy/Sol System/Earth (Terra)/2079-4000/Colonial Union/Intrastellar/Belt Colonial Committee/Locations/Ceres.md,yes,.md
Pallas Station.md,I - Pleroma Archive/World/Locations/Eos Multiverse/The Dark Forest Zone/Local Cluster/Totum/Verse Structure/Superclusters/Laniakea/Milky Way Galaxy/Sol System/Earth (Terra)/2079-4000/Colonial Union/Intrastellar/Belt Colonial Committee/Locations/Pallas Station.md,New Readers Start Here/I - Pleroma Archive/World/Locations/Eos Multiverse/The Dark Forest Zone/Local Cluster/Totum/Verse Structure/Superclusters/Laniakea/Milky Way Galaxy/Sol System/Earth (Terra)/2079-4000/Colonial Union/Intrastellar/Belt Colonial Committee/Locations/Pallas Station.md,yes,.md
Titan.md,I - Pleroma Archive/World/Locations/Eos Multiverse/The Dark Forest Zone/Local Cluster/Totum/Verse Structure/Superclusters/Laniakea/Milky Way Galaxy/Sol System/Earth (Terra)/2079-4000/Colonial Union/Intrastellar/Saturn Colonial Committee/Titan/Titan.md,New Readers Start Here/I - Pleroma Archive/World/Locations/Eos Multiverse/The Dark Forest Zone/Local Cluster/Totum/Verse Structure/Superclusters/Laniakea/Milky Way Galaxy/Sol System/Earth (Terra)/2079-4000/Colonial Union/Intrastellar/Saturn Colonial Committee/Titan/Titan.md,yes,.md
Titan Station.md,I - Pleroma Archive/World/Locations/Eos Multiverse/The Dark Forest Zone/Local Cluster/Totum/Verse Structure/Superclusters/Laniakea/Milky Way Galaxy/Sol System/Earth (Terra)/2079-4000/Colonial Union/Intrastellar/Saturn Colonial Committee/Titan/Titan Station.md,New Readers Start Here/I - Pleroma Archive/World/Locations/Eos Multiverse/The Dark Forest Zone/Local Cluster/Totum/Verse Structure/Superclusters/Laniakea/Milky Way Galaxy/Sol System/Earth (Terra)/2079-4000/Colonial Union/Intrastellar/Saturn Colonial Committee/Titan/Titan Station.md,yes,.md
Ganymede Station.md,I - Pleroma Archive/World/Locations/Eos Multiverse/The Dark Forest Zone/Local Cluster/Totum/Verse Structure/Superclusters/Laniakea/Milky Way Galaxy/Sol System/Earth (Terra)/2079-4000/Colonial Union/Intrastellar/Jovial Colonial Committee/Ganymede/Ganymede Station.md,New Readers Start Here/I - Pleroma Archive/World/Locations/Eos Multiverse/The Dark Forest Zone/Local Cluster/Totum/Verse Structure/Superclusters/Laniakea/Milky Way Galaxy/Sol System/Earth (Terra)/2079-4000/Colonial Union/Intrastellar/Jovial Colonial Committee/Ganymede/Ganymede Station.md,yes,.md
Ganymede.md,I - Pleroma Archive/World/Locations/Eos Multiverse/The Dark Forest Zone/Local Cluster/Totum/Verse Structure/Superclusters/Laniakea/Milky Way Galaxy/Sol System/Earth (Terra)/2079-4000/Colonial Union/Intrastellar/Jovial Colonial Committee/Ganymede/Ganymede.md,New Readers Start Here/I - Pleroma Archive/World/Locations/Eos Multiverse/The Dark Forest Zone/Local Cluster/Totum/Verse Structure/Superclusters/Laniakea/Milky Way Galaxy/Sol System/Earth (Terra)/2079-4000/Colonial Union/Intrastellar/Jovial Colonial Committee/Ganymede/Ganymede.md,yes,.md
Europa.md,I - Pleroma Archive/World/Locations/Eos Multiverse/The Dark Forest Zone/Local Cluster/Totum/Verse Structure/Superclusters/Laniakea/Milky Way Galaxy/Sol System/Earth (Terra)/2079-4000/Colonial Union/Intrastellar/Jovial Colonial Committee/Europa/Europa.md,New Readers Start Here/I - Pleroma Archive/World/Locations/Eos Multiverse/The Dark Forest Zone/Local Cluster/Totum/Verse Structure/Superclusters/Laniakea/Milky Way Galaxy/Sol System/Earth (Terra)/2079-4000/Colonial Union/Intrastellar/Jovial Colonial Committee/Europa/Europa.md,yes,.md
Government__Kuomin Empire__bae2dfd5.md,I - Pleroma Archive/World/Locations/Eos Multiverse/The Dark Forest Zone/Local Cluster/Totum/Verse Structure/Superclusters/Laniakea/Milky Way Galaxy/Sol System/Earth (Terra)/2079-4000/Colonial Union/Interstellar/Colonies/Kuomin Empire/Government.md,New Readers Start Here/I - Pleroma Archive/World/Locations/Eos Multiverse/The Dark Forest Zone/Local Cluster/Totum/Verse Structure/Superclusters/Laniakea/Milky Way Galaxy/Sol System/Earth (Terra)/2079-4000/Colonial Union/Interstellar/Colonies/Kuomin Empire/Government.md,yes,.md
Kuomin Empire.md,I - Pleroma Archive/World/Locations/Eos Multiverse/The Dark Forest Zone/Local Cluster/Totum/Verse Structure/Superclusters/Laniakea/Milky Way Galaxy/Sol System/Earth (Terra)/2079-4000/Colonial Union/Interstellar/Colonies/Kuomin Empire/Kuomin Empire.md,New Readers Start Here/I - Pleroma Archive/World/Locations/Eos Multiverse/The Dark Forest Zone/Local Cluster/Totum/Verse Structure/Superclusters/Laniakea/Milky Way Galaxy/Sol System/Earth (Terra)/2079-4000/Colonial Union/Interstellar/Colonies/Kuomin Empire/Kuomin Empire.md,yes,.md
System__Kuomin Empire__7aaf90b3.md,I - Pleroma Archive/World/Locations/Eos Multiverse/The Dark Forest Zone/Local Cluster/Totum/Verse Structure/Superclusters/Laniakea/Milky Way Galaxy/Sol System/Earth (Terra)/2079-4000/Colonial Union/Interstellar/Colonies/Kuomin Empire/System.md,New Readers Start Here/I - Pleroma Archive/World/Locations/Eos Multiverse/The Dark Forest Zone/Local Cluster/Totum/Verse Structure/Superclusters/Laniakea/Milky Way Galaxy/Sol System/Earth (Terra)/2079-4000/Colonial Union/Interstellar/Colonies/Kuomin Empire/System.md,yes,.md
Society & Culture__Kuomin Empire__0109a3f4.md,I - Pleroma Archive/World/Locations/Eos Multiverse/The Dark Forest Zone/Local Cluster/Totum/Verse Structure/Superclusters/Laniakea/Milky Way Galaxy/Sol System/Earth (Terra)/2079-4000/Colonial Union/Interstellar/Colonies/Kuomin Empire/Society & Culture.md,New Readers Start Here/I - Pleroma Archive/World/Locations/Eos Multiverse/The Dark Forest Zone/Local Cluster/Totum/Verse Structure/Superclusters/Laniakea/Milky Way Galaxy/Sol System/Earth (Terra)/2079-4000/Colonial Union/Interstellar/Colonies/Kuomin Empire/Society & Culture.md,yes,.md
Economy__Kuomin Empire__56f61f27.md,I - Pleroma Archive/World/Locations/Eos Multiverse/The Dark Forest Zone/Local Cluster/Totum/Verse Structure/Superclusters/Laniakea/Milky Way Galaxy/Sol System/Earth (Terra)/2079-4000/Colonial Union/Interstellar/Colonies/Kuomin Empire/Economy.md,New Readers Start Here/I - Pleroma Archive/World/Locations/Eos Multiverse/The Dark Forest Zone/Local Cluster/Totum/Verse Structure/Superclusters/Laniakea/Milky Way Galaxy/Sol System/Earth (Terra)/2079-4000/Colonial Union/Interstellar/Colonies/Kuomin Empire/Economy.md,yes,.md
System__Star Union__a4a39787.md,I - Pleroma Archive/World/Locations/Eos Multiverse/The Dark Forest Zone/Local Cluster/Totum/Verse Structure/Superclusters/Laniakea/Milky Way Galaxy/Sol System/Earth (Terra)/2079-4000/Colonial Union/Interstellar/Colonies/Star Union/System.md,New Readers Start Here/I - Pleroma Archive/World/Locations/Eos Multiverse/The Dark Forest Zone/Local Cluster/Totum/Verse Structure/Superclusters/Laniakea/Milky Way Galaxy/Sol System/Earth (Terra)/2079-4000/Colonial Union/Interstellar/Colonies/Star Union/System.md,yes,.md
Star Union.md,I - Pleroma Archive/World/Locations/Eos Multiverse/The Dark Forest Zone/Local Cluster/Totum/Verse Structure/Superclusters/Laniakea/Milky Way Galaxy/Sol System/Earth (Terra)/2079-4000/Colonial Union/Interstellar/Colonies/Star Union/Star Union.md,New Readers Start Here/I - Pleroma Archive/World/Locations/Eos Multiverse/The Dark Forest Zone/Local Cluster/Totum/Verse Structure/Superclusters/Laniakea/Milky Way Galaxy/Sol System/Earth (Terra)/2079-4000/Colonial Union/Interstellar/Colonies/Star Union/Star Union.md,yes,.md
System__United Authority of Systems__8e8fe224.md,I - Pleroma Archive/World/Locations/Eos Multiverse/The Dark Forest Zone/Local Cluster/Totum/Verse Structure/Superclusters/Laniakea/Milky Way Galaxy/Sol System/Earth (Terra)/2079-4000/Colonial Union/Interstellar/Colonies/United Authority of Systems/System.md,New Readers Start Here/I - Pleroma Archive/World/Locations/Eos Multiverse/The Dark Forest Zone/Local Cluster/Totum/Verse Structure/Superclusters/Laniakea/Milky Way Galaxy/Sol System/Earth (Terra)/2079-4000/Colonial Union/Interstellar/Colonies/United Authority of Systems/System.md,yes,.md
United Authority of Systems.md,I - Pleroma Archive/World/Locations/Eos Multiverse/The Dark Forest Zone/Local Cluster/Totum/Verse Structure/Superclusters/Laniakea/Milky Way Galaxy/Sol System/Earth (Terra)/2079-4000/Colonial Union/Interstellar/Colonies/United Authority of Systems/United Authority of Systems.md,New Readers Start Here/I - Pleroma Archive/World/Locations/Eos Multiverse/The Dark Forest Zone/Local Cluster/Totum/Verse Structure/Superclusters/Laniakea/Milky Way Galaxy/Sol System/Earth (Terra)/2079-4000/Colonial Union/Interstellar/Colonies/United Authority of Systems/United Authority of Systems.md,yes,.md
System__Kuroda Federation__0cfa9aac.md,I - Pleroma Archive/World/Locations/Eos Multiverse/The Dark Forest Zone/Local Cluster/Totum/Verse Structure/Superclusters/Laniakea/Milky Way Galaxy/Sol System/Earth (Terra)/2079-4000/Colonial Union/Interstellar/Colonies/Kuroda Federation/System.md,New Readers Start Here/I - Pleroma Archive/World/Locations/Eos Multiverse/The Dark Forest Zone/Local Cluster/Totum/Verse Structure/Superclusters/Laniakea/Milky Way Galaxy/Sol System/Earth (Terra)/2079-4000/Colonial Union/Interstellar/Colonies/Kuroda Federation/System.md,yes,.md
Kuroda Federation.md,I - Pleroma Archive/World/Locations/Eos Multiverse/The Dark Forest Zone/Local Cluster/Totum/Verse Structure/Superclusters/Laniakea/Milky Way Galaxy/Sol System/Earth (Terra)/2079-4000/Colonial Union/Interstellar/Colonies/Kuroda Federation/Kuroda Federation.md,New Readers Start Here/I - Pleroma Archive/World/Locations/Eos Multiverse/The Dark Forest Zone/Local Cluster/Totum/Verse Structure/Superclusters/Laniakea/Milky Way Galaxy/Sol System/Earth (Terra)/2079-4000/Colonial Union/Interstellar/Colonies/Kuroda Federation/Kuroda Federation.md,yes,.md
Praovis Mandate.md,I - Pleroma Archive/World/Locations/Eos Multiverse/The Dark Forest Zone/Local Cluster/Totum/Verse Structure/Superclusters/Laniakea/Milky Way Galaxy/Sol System/Earth (Terra)/2079-4000/Colonial Union/Interstellar/Colonies/Praovis Mandate/Praovis Mandate.md,New Readers Start Here/I - Pleroma Archive/World/Locations/Eos Multiverse/The Dark Forest Zone/Local Cluster/Totum/Verse Structure/Superclusters/Laniakea/Milky Way Galaxy/Sol System/Earth (Terra)/2079-4000/Colonial Union/Interstellar/Colonies/Praovis Mandate/Praovis Mandate.md,yes,.md
System__Praovis Mandate__0e86871a.md,I - Pleroma Archive/World/Locations/Eos Multiverse/The Dark Forest Zone/Local Cluster/Totum/Verse Structure/Superclusters/Laniakea/Milky Way Galaxy/Sol System/Earth (Terra)/2079-4000/Colonial Union/Interstellar/Colonies/Praovis Mandate/System.md,New Readers Start Here/I - Pleroma Archive/World/Locations/Eos Multiverse/The Dark Forest Zone/Local Cluster/Totum/Verse Structure/Superclusters/Laniakea/Milky Way Galaxy/Sol System/Earth (Terra)/2079-4000/Colonial Union/Interstellar/Colonies/Praovis Mandate/System.md,yes,.md
Leslarut System.md,I - Pleroma Archive/World/Locations/Eos Multiverse/The Dark Forest Zone/Local Cluster/Totum/Verse Structure/Superclusters/Laniakea/Milky Way Galaxy/Sol System/Earth (Terra)/2079-4000/Colonial Union/Interstellar/Colonies/Equilon Union/Leslarut System.md,New Readers Start Here/I - Pleroma Archive/World/Locations/Eos Multiverse/The Dark Forest Zone/Local Cluster/Totum/Verse Structure/Superclusters/Laniakea/Milky Way Galaxy/Sol System/Earth (Terra)/2079-4000/Colonial Union/Interstellar/Colonies/Equilon Union/Leslarut System.md,yes,.md
Equilon Union.md,I - Pleroma Archive/World/Locations/Eos Multiverse/The Dark Forest Zone/Local Cluster/Totum/Verse Structure/Superclusters/Laniakea/Milky Way Galaxy/Sol System/Earth (Terra)/2079-4000/Colonial Union/Interstellar/Colonies/Equilon Union/Equilon Union.md,New Readers Start Here/I - Pleroma Archive/World/Locations/Eos Multiverse/The Dark Forest Zone/Local Cluster/Totum/Verse Structure/Superclusters/Laniakea/Milky Way Galaxy/Sol System/Earth (Terra)/2079-4000/Colonial Union/Interstellar/Colonies/Equilon Union/Equilon Union.md,yes,.md
Technology & Art__Austro Guard__94ddab9d.md,I - Pleroma Archive/World/Locations/Eos Multiverse/The Dark Forest Zone/Local Cluster/Totum/Verse Structure/Superclusters/Laniakea/Milky Way Galaxy/Sol System/Earth (Terra)/2079-4000/Colonial Union/Interstellar/Colonies/Austro Guard/Technology & Art.md,New Readers Start Here/I - Pleroma Archive/World/Locations/Eos Multiverse/The Dark Forest Zone/Local Cluster/Totum/Verse Structure/Superclusters/Laniakea/Milky Way Galaxy/Sol System/Earth (Terra)/2079-4000/Colonial Union/Interstellar/Colonies/Austro Guard/Technology & Art.md,yes,.md
Military__Austro Guard__2efc1723.md,I - Pleroma Archive/World/Locations/Eos Multiverse/The Dark Forest Zone/Local Cluster/Totum/Verse Structure/Superclusters/Laniakea/Milky Way Galaxy/Sol System/Earth (Terra)/2079-4000/Colonial Union/Interstellar/Colonies/Austro Guard/Military.md,New Readers Start Here/I - Pleroma Archive/World/Locations/Eos Multiverse/The Dark Forest Zone/Local Cluster/Totum/Verse Structure/Superclusters/Laniakea/Milky Way Galaxy/Sol System/Earth (Terra)/2079-4000/Colonial Union/Interstellar/Colonies/Austro Guard/Military.md,yes,.md
System__Austro Guard__f7fd4799.md,I - Pleroma Archive/World/Locations/Eos Multiverse/The Dark Forest Zone/Local Cluster/Totum/Verse Structure/Superclusters/Laniakea/Milky Way Galaxy/Sol System/Earth (Terra)/2079-4000/Colonial Union/Interstellar/Colonies/Austro Guard/System.md,New Readers Start Here/I - Pleroma Archive/World/Locations/Eos Multiverse/The Dark Forest Zone/Local Cluster/Totum/Verse Structure/Superclusters/Laniakea/Milky Way Galaxy/Sol System/Earth (Terra)/2079-4000/Colonial Union/Interstellar/Colonies/Austro Guard/System.md,yes,.md
Austro Guard.md,I - Pleroma Archive/World/Locations/Eos Multiverse/The Dark Forest Zone/Local Cluster/Totum/Verse Structure/Superclusters/Laniakea/Milky Way Galaxy/Sol System/Earth (Terra)/2079-4000/Colonial Union/Interstellar/Colonies/Austro Guard/Austro Guard.md,New Readers Start Here/I - Pleroma Archive/World/Locations/Eos Multiverse/The Dark Forest Zone/Local Cluster/Totum/Verse Structure/Superclusters/Laniakea/Milky Way Galaxy/Sol System/Earth (Terra)/2079-4000/Colonial Union/Interstellar/Colonies/Austro Guard/Austro Guard.md,yes,.md
Identity__Austro Guard__f67eaa5e.md,I - Pleroma Archive/World/Locations/Eos Multiverse/The Dark Forest Zone/Local Cluster/Totum/Verse Structure/Superclusters/Laniakea/Milky Way Galaxy/Sol System/Earth (Terra)/2079-4000/Colonial Union/Interstellar/Colonies/Austro Guard/Identity.md,New Readers Start Here/I - Pleroma Archive/World/Locations/Eos Multiverse/The Dark Forest Zone/Local Cluster/Totum/Verse Structure/Superclusters/Laniakea/Milky Way Galaxy/Sol System/Earth (Terra)/2079-4000/Colonial Union/Interstellar/Colonies/Austro Guard/Identity.md,yes,.md
Economy__Austro Guard__c567f9cc.md,I - Pleroma Archive/World/Locations/Eos Multiverse/The Dark Forest Zone/Local Cluster/Totum/Verse Structure/Superclusters/Laniakea/Milky Way Galaxy/Sol System/Earth (Terra)/2079-4000/Colonial Union/Interstellar/Colonies/Austro Guard/Economy.md,New Readers Start Here/I - Pleroma Archive/World/Locations/Eos Multiverse/The Dark Forest Zone/Local Cluster/Totum/Verse Structure/Superclusters/Laniakea/Milky Way Galaxy/Sol System/Earth (Terra)/2079-4000/Colonial Union/Interstellar/Colonies/Austro Guard/Economy.md,yes,.md
System__Union of Recresh__d81893ba.md,I - Pleroma Archive/World/Locations/Eos Multiverse/The Dark Forest Zone/Local Cluster/Totum/Verse Structure/Superclusters/Laniakea/Milky Way Galaxy/Sol System/Earth (Terra)/2079-4000/Colonial Union/Interstellar/Colonies/Union of Recresh/System.md,New Readers Start Here/I - Pleroma Archive/World/Locations/Eos Multiverse/The Dark Forest Zone/Local Cluster/Totum/Verse Structure/Superclusters/Laniakea/Milky Way Galaxy/Sol System/Earth (Terra)/2079-4000/Colonial Union/Interstellar/Colonies/Union of Recresh/System.md,yes,.md
Union of Recresh.md,I - Pleroma Archive/World/Locations/Eos Multiverse/The Dark Forest Zone/Local Cluster/Totum/Verse Structure/Superclusters/Laniakea/Milky Way Galaxy/Sol System/Earth (Terra)/2079-4000/Colonial Union/Interstellar/Colonies/Union of Recresh/Union of Recresh.md,New Readers Start Here/I - Pleroma Archive/World/Locations/Eos Multiverse/The Dark Forest Zone/Local Cluster/Totum/Verse Structure/Superclusters/Laniakea/Milky Way Galaxy/Sol System/Earth (Terra)/2079-4000/Colonial Union/Interstellar/Colonies/Union of Recresh/Union of Recresh.md,yes,.md
System__Sudhakar States__ef6ce3de.md,I - Pleroma Archive/World/Locations/Eos Multiverse/The Dark Forest Zone/Local Cluster/Totum/Verse Structure/Superclusters/Laniakea/Milky Way Galaxy/Sol System/Earth (Terra)/2079-4000/Colonial Union/Interstellar/Colonies/Sudhakar States/System.md,New Readers Start Here/I - Pleroma Archive/World/Locations/Eos Multiverse/The Dark Forest Zone/Local Cluster/Totum/Verse Structure/Superclusters/Laniakea/Milky Way Galaxy/Sol System/Earth (Terra)/2079-4000/Colonial Union/Interstellar/Colonies/Sudhakar States/System.md,yes,.md
Sudhakar States.md,I - Pleroma Archive/World/Locations/Eos Multiverse/The Dark Forest Zone/Local Cluster/Totum/Verse Structure/Superclusters/Laniakea/Milky Way Galaxy/Sol System/Earth (Terra)/2079-4000/Colonial Union/Interstellar/Colonies/Sudhakar States/Sudhakar States.md,New Readers Start Here/I - Pleroma Archive/World/Locations/Eos Multiverse/The Dark Forest Zone/Local Cluster/Totum/Verse Structure/Superclusters/Laniakea/Milky Way Galaxy/Sol System/Earth (Terra)/2079-4000/Colonial Union/Interstellar/Colonies/Sudhakar States/Sudhakar States.md,yes,.md
System__Rythecroa union__0a933762.md,I - Pleroma Archive/World/Locations/Eos Multiverse/The Dark Forest Zone/Local Cluster/Totum/Verse Structure/Superclusters/Laniakea/Milky Way Galaxy/Sol System/Earth (Terra)/2079-4000/Colonial Union/Interstellar/Colonies/Rythecroa union/System.md,New Readers Start Here/I - Pleroma Archive/World/Locations/Eos Multiverse/The Dark Forest Zone/Local Cluster/Totum/Verse Structure/Superclusters/Laniakea/Milky Way Galaxy/Sol System/Earth (Terra)/2079-4000/Colonial Union/Interstellar/Colonies/Rythecroa union/System.md,yes,.md
Rythecroa union.md,I - Pleroma Archive/World/Locations/Eos Multiverse/The Dark Forest Zone/Local Cluster/Totum/Verse Structure/Superclusters/Laniakea/Milky Way Galaxy/Sol System/Earth (Terra)/2079-4000/Colonial Union/Interstellar/Colonies/Rythecroa union/Rythecroa union.md,New Readers Start Here/I - Pleroma Archive/World/Locations/Eos Multiverse/The Dark Forest Zone/Local Cluster/Totum/Verse Structure/Superclusters/Laniakea/Milky Way Galaxy/Sol System/Earth (Terra)/2079-4000/Colonial Union/Interstellar/Colonies/Rythecroa union/Rythecroa union.md,yes,.md
Technology & Art__Eprea Hindutva__4a32256f.md,I - Pleroma Archive/World/Locations/Eos Multiverse/The Dark Forest Zone/Local Cluster/Totum/Verse Structure/Superclusters/Laniakea/Milky Way Galaxy/Sol System/Earth (Terra)/2079-4000/Colonial Union/Interstellar/Colonies/Eprea Hindutva/Technology & Art.md,New Readers Start Here/I - Pleroma Archive/World/Locations/Eos Multiverse/The Dark Forest Zone/Local Cluster/Totum/Verse Structure/Superclusters/Laniakea/Milky Way Galaxy/Sol System/Earth (Terra)/2079-4000/Colonial Union/Interstellar/Colonies/Eprea Hindutva/Technology & Art.md,yes,.md
Government__Eprea Hindutva__2ca6e5f5.md,I - Pleroma Archive/World/Locations/Eos Multiverse/The Dark Forest Zone/Local Cluster/Totum/Verse Structure/Superclusters/Laniakea/Milky Way Galaxy/Sol System/Earth (Terra)/2079-4000/Colonial Union/Interstellar/Colonies/Eprea Hindutva/Government.md,New Readers Start Here/I - Pleroma Archive/World/Locations/Eos Multiverse/The Dark Forest Zone/Local Cluster/Totum/Verse Structure/Superclusters/Laniakea/Milky Way Galaxy/Sol System/Earth (Terra)/2079-4000/Colonial Union/Interstellar/Colonies/Eprea Hindutva/Government.md,yes,.md
Military__Eprea Hindutva__193476b5.md,I - Pleroma Archive/World/Locations/Eos Multiverse/The Dark Forest Zone/Local Cluster/Totum/Verse Structure/Superclusters/Laniakea/Milky Way Galaxy/Sol System/Earth (Terra)/2079-4000/Colonial Union/Interstellar/Colonies/Eprea Hindutva/Military.md,New Readers Start Here/I - Pleroma Archive/World/Locations/Eos Multiverse/The Dark Forest Zone/Local Cluster/Totum/Verse Structure/Superclusters/Laniakea/Milky Way Galaxy/Sol System/Earth (Terra)/2079-4000/Colonial Union/Interstellar/Colonies/Eprea Hindutva/Military.md,yes,.md
System__Eprea Hindutva__d4124d89.md,I - Pleroma Archive/World/Locations/Eos Multiverse/The Dark Forest Zone/Local Cluster/Totum/Verse Structure/Superclusters/Laniakea/Milky Way Galaxy/Sol System/Earth (Terra)/2079-4000/Colonial Union/Interstellar/Colonies/Eprea Hindutva/System.md,New Readers Start Here/I - Pleroma Archive/World/Locations/Eos Multiverse/The Dark Forest Zone/Local Cluster/Totum/Verse Structure/Superclusters/Laniakea/Milky Way Galaxy/Sol System/Earth (Terra)/2079-4000/Colonial Union/Interstellar/Colonies/Eprea Hindutva/System.md,yes,.md
Society & Culture__Eprea Hindutva__c2425611.md,I - Pleroma Archive/World/Locations/Eos Multiverse/The Dark Forest Zone/Local Cluster/Totum/Verse Structure/Superclusters/Laniakea/Milky Way Galaxy/Sol System/Earth (Terra)/2079-4000/Colonial Union/Interstellar/Colonies/Eprea Hindutva/Society & Culture.md,New Readers Start Here/I - Pleroma Archive/World/Locations/Eos Multiverse/The Dark Forest Zone/Local Cluster/Totum/Verse Structure/Superclusters/Laniakea/Milky Way Galaxy/Sol System/Earth (Terra)/2079-4000/Colonial Union/Interstellar/Colonies/Eprea Hindutva/Society & Culture.md,yes,.md
Eprea Hindutva.md,I - Pleroma Archive/World/Locations/Eos Multiverse/The Dark Forest Zone/Local Cluster/Totum/Verse Structure/Superclusters/Laniakea/Milky Way Galaxy/Sol System/Earth (Terra)/2079-4000/Colonial Union/Interstellar/Colonies/Eprea Hindutva/Eprea Hindutva.md,New Readers Start Here/I - Pleroma Archive/World/Locations/Eos Multiverse/The Dark Forest Zone/Local Cluster/Totum/Verse Structure/Superclusters/Laniakea/Milky Way Galaxy/Sol System/Earth (Terra)/2079-4000/Colonial Union/Interstellar/Colonies/Eprea Hindutva/Eprea Hindutva.md,yes,.md
Identity__Eprea Hindutva__7999e282.md,I - Pleroma Archive/World/Locations/Eos Multiverse/The Dark Forest Zone/Local Cluster/Totum/Verse Structure/Superclusters/Laniakea/Milky Way Galaxy/Sol System/Earth (Terra)/2079-4000/Colonial Union/Interstellar/Colonies/Eprea Hindutva/Identity.md,New Readers Start Here/I - Pleroma Archive/World/Locations/Eos Multiverse/The Dark Forest Zone/Local Cluster/Totum/Verse Structure/Superclusters/Laniakea/Milky Way Galaxy/Sol System/Earth (Terra)/2079-4000/Colonial Union/Interstellar/Colonies/Eprea Hindutva/Identity.md,yes,.md
Economy__Eprea Hindutva__4a0f52e7.md,I - Pleroma Archive/World/Locations/Eos Multiverse/The Dark Forest Zone/Local Cluster/Totum/Verse Structure/Superclusters/Laniakea/Milky Way Galaxy/Sol System/Earth (Terra)/2079-4000/Colonial Union/Interstellar/Colonies/Eprea Hindutva/Economy.md,New Readers Start Here/I - Pleroma Archive/World/Locations/Eos Multiverse/The Dark Forest Zone/Local Cluster/Totum/Verse Structure/Superclusters/Laniakea/Milky Way Galaxy/Sol System/Earth (Terra)/2079-4000/Colonial Union/Interstellar/Colonies/Eprea Hindutva/Economy.md,yes,.md
System__Proxima Commonwealth__d55e5012.md,I - Pleroma Archive/World/Locations/Eos Multiverse/The Dark Forest Zone/Local Cluster/Totum/Verse Structure/Superclusters/Laniakea/Milky Way Galaxy/Sol System/Earth (Terra)/2079-4000/Colonial Union/Interstellar/Colonies/Proxima Commonwealth/System.md,New Readers Start Here/I - Pleroma Archive/World/Locations/Eos Multiverse/The Dark Forest Zone/Local Cluster/Totum/Verse Structure/Superclusters/Laniakea/Milky Way Galaxy/Sol System/Earth (Terra)/2079-4000/Colonial Union/Interstellar/Colonies/Proxima Commonwealth/System.md,yes,.md
New Alexandria.md,I - Pleroma Archive/World/Locations/Eos Multiverse/The Dark Forest Zone/Local Cluster/Totum/Verse Structure/Superclusters/Laniakea/Milky Way Galaxy/Sol System/Earth (Terra)/2079-4000/Colonial Union/Interstellar/Colonies/Proxima Commonwealth/New Alexandria.md,New Readers Start Here/I - Pleroma Archive/World/Locations/Eos Multiverse/The Dark Forest Zone/Local Cluster/Totum/Verse Structure/Superclusters/Laniakea/Milky Way Galaxy/Sol System/Earth (Terra)/2079-4000/Colonial Union/Interstellar/Colonies/Proxima Commonwealth/New Alexandria.md,yes,.md
Proxima Commonwealth.md,I - Pleroma Archive/World/Locations/Eos Multiverse/The Dark Forest Zone/Local Cluster/Totum/Verse Structure/Superclusters/Laniakea/Milky Way Galaxy/Sol System/Earth (Terra)/2079-4000/Colonial Union/Interstellar/Colonies/Proxima Commonwealth/Proxima Commonwealth.md,New Readers Start Here/I - Pleroma Archive/World/Locations/Eos Multiverse/The Dark Forest Zone/Local Cluster/Totum/Verse Structure/Superclusters/Laniakea/Milky Way Galaxy/Sol System/Earth (Terra)/2079-4000/Colonial Union/Interstellar/Colonies/Proxima Commonwealth/Proxima Commonwealth.md,yes,.md
Yauturn Sovereignty.md,I - Pleroma Archive/World/Locations/Eos Multiverse/The Dark Forest Zone/Local Cluster/Totum/Verse Structure/Superclusters/Laniakea/Milky Way Galaxy/Sol System/Earth (Terra)/2079-4000/Colonial Union/Interstellar/Colonies/Yauturn Sovereignty/Yauturn Sovereignty.md,New Readers Start Here/I - Pleroma Archive/World/Locations/Eos Multiverse/The Dark Forest Zone/Local Cluster/Totum/Verse Structure/Superclusters/Laniakea/Milky Way Galaxy/Sol System/Earth (Terra)/2079-4000/Colonial Union/Interstellar/Colonies/Yauturn Sovereignty/Yauturn Sovereignty.md,yes,.md
System__Yauturn Sovereignty__43f6f07c.md,I - Pleroma Archive/World/Locations/Eos Multiverse/The Dark Forest Zone/Local Cluster/Totum/Verse Structure/Superclusters/Laniakea/Milky Way Galaxy/Sol System/Earth (Terra)/2079-4000/Colonial Union/Interstellar/Colonies/Yauturn Sovereignty/System.md,New Readers Start Here/I - Pleroma Archive/World/Locations/Eos Multiverse/The Dark Forest Zone/Local Cluster/Totum/Verse Structure/Superclusters/Laniakea/Milky Way Galaxy/Sol System/Earth (Terra)/2079-4000/Colonial Union/Interstellar/Colonies/Yauturn Sovereignty/System.md,yes,.md
Technology & Art__Estela Integralism__4319311d.md,I - Pleroma Archive/World/Locations/Eos Multiverse/The Dark Forest Zone/Local Cluster/Totum/Verse Structure/Superclusters/Laniakea/Milky Way Galaxy/Sol System/Earth (Terra)/2079-4000/Colonial Union/Interstellar/Colonies/Estela Integralism/Technology & Art.md,New Readers Start Here/I - Pleroma Archive/World/Locations/Eos Multiverse/The Dark Forest Zone/Local Cluster/Totum/Verse Structure/Superclusters/Laniakea/Milky Way Galaxy/Sol System/Earth (Terra)/2079-4000/Colonial Union/Interstellar/Colonies/Estela Integralism/Technology & Art.md,yes,.md
Estela Integralism.md,I - Pleroma Archive/World/Locations/Eos Multiverse/The Dark Forest Zone/Local Cluster/Totum/Verse Structure/Superclusters/Laniakea/Milky Way Galaxy/Sol System/Earth (Terra)/2079-4000/Colonial Union/Interstellar/Colonies/Estela Integralism/Estela Integralism.md,New Readers Start Here/I - Pleroma Archive/World/Locations/Eos Multiverse/The Dark Forest Zone/Local Cluster/Totum/Verse Structure/Superclusters/Laniakea/Milky Way Galaxy/Sol System/Earth (Terra)/2079-4000/Colonial Union/Interstellar/Colonies/Estela Integralism/Estela Integralism.md,yes,.md
Government__Estela Integralism__a766f236.md,I - Pleroma Archive/World/Locations/Eos Multiverse/The Dark Forest Zone/Local Cluster/Totum/Verse Structure/Superclusters/Laniakea/Milky Way Galaxy/Sol System/Earth (Terra)/2079-4000/Colonial Union/Interstellar/Colonies/Estela Integralism/Government.md,New Readers Start Here/I - Pleroma Archive/World/Locations/Eos Multiverse/The Dark Forest Zone/Local Cluster/Totum/Verse Structure/Superclusters/Laniakea/Milky Way Galaxy/Sol System/Earth (Terra)/2079-4000/Colonial Union/Interstellar/Colonies/Estela Integralism/Government.md,yes,.md
Military__Estela Integralism__5ef1eca8.md,I - Pleroma Archive/World/Locations/Eos Multiverse/The Dark Forest Zone/Local Cluster/Totum/Verse Structure/Superclusters/Laniakea/Milky Way Galaxy/Sol System/Earth (Terra)/2079-4000/Colonial Union/Interstellar/Colonies/Estela Integralism/Military.md,New Readers Start Here/I - Pleroma Archive/World/Locations/Eos Multiverse/The Dark Forest Zone/Local Cluster/Totum/Verse Structure/Superclusters/Laniakea/Milky Way Galaxy/Sol System/Earth (Terra)/2079-4000/Colonial Union/Interstellar/Colonies/Estela Integralism/Military.md,yes,.md
System__Estela Integralism__c2f9f699.md,I - Pleroma Archive/World/Locations/Eos Multiverse/The Dark Forest Zone/Local Cluster/Totum/Verse Structure/Superclusters/Laniakea/Milky Way Galaxy/Sol System/Earth (Terra)/2079-4000/Colonial Union/Interstellar/Colonies/Estela Integralism/System.md,New Readers Start Here/I - Pleroma Archive/World/Locations/Eos Multiverse/The Dark Forest Zone/Local Cluster/Totum/Verse Structure/Superclusters/Laniakea/Milky Way Galaxy/Sol System/Earth (Terra)/2079-4000/Colonial Union/Interstellar/Colonies/Estela Integralism/System.md,yes,.md
Society & Culture__Estela Integralism__ae1c9295.md,I - Pleroma Archive/World/Locations/Eos Multiverse/The Dark Forest Zone/Local Cluster/Totum/Verse Structure/Superclusters/Laniakea/Milky Way Galaxy/Sol System/Earth (Terra)/2079-4000/Colonial Union/Interstellar/Colonies/Estela Integralism/Society & Culture.md,New Readers Start Here/I - Pleroma Archive/World/Locations/Eos Multiverse/The Dark Forest Zone/Local Cluster/Totum/Verse Structure/Superclusters/Laniakea/Milky Way Galaxy/Sol System/Earth (Terra)/2079-4000/Colonial Union/Interstellar/Colonies/Estela Integralism/Society & Culture.md,yes,.md
Identity__Estela Integralism__29a631de.md,I - Pleroma Archive/World/Locations/Eos Multiverse/The Dark Forest Zone/Local Cluster/Totum/Verse Structure/Superclusters/Laniakea/Milky Way Galaxy/Sol System/Earth (Terra)/2079-4000/Colonial Union/Interstellar/Colonies/Estela Integralism/Identity.md,New Readers Start Here/I - Pleroma Archive/World/Locations/Eos Multiverse/The Dark Forest Zone/Local Cluster/Totum/Verse Structure/Superclusters/Laniakea/Milky Way Galaxy/Sol System/Earth (Terra)/2079-4000/Colonial Union/Interstellar/Colonies/Estela Integralism/Identity.md,yes,.md
Economy__Estela Integralism__076ec736.md,I - Pleroma Archive/World/Locations/Eos Multiverse/The Dark Forest Zone/Local Cluster/Totum/Verse Structure/Superclusters/Laniakea/Milky Way Galaxy/Sol System/Earth (Terra)/2079-4000/Colonial Union/Interstellar/Colonies/Estela Integralism/Economy.md,New Readers Start Here/I - Pleroma Archive/World/Locations/Eos Multiverse/The Dark Forest Zone/Local Cluster/Totum/Verse Structure/Superclusters/Laniakea/Milky Way Galaxy/Sol System/Earth (Terra)/2079-4000/Colonial Union/Interstellar/Colonies/Estela Integralism/Economy.md,yes,.md
Unitary Dynasties.md,I - Pleroma Archive/World/Locations/Eos Multiverse/The Dark Forest Zone/Local Cluster/Totum/Verse Structure/Superclusters/Laniakea/Milky Way Galaxy/Sol System/Earth (Terra)/2079-4000/Colonial Union/Interstellar/Colonies/Unitary Dynasties/Unitary Dynasties.md,New Readers Start Here/I - Pleroma Archive/World/Locations/Eos Multiverse/The Dark Forest Zone/Local Cluster/Totum/Verse Structure/Superclusters/Laniakea/Milky Way Galaxy/Sol System/Earth (Terra)/2079-4000/Colonial Union/Interstellar/Colonies/Unitary Dynasties/Unitary Dynasties.md,yes,.md
System__Unitary Dynasties__a2cda2a4.md,I - Pleroma Archive/World/Locations/Eos Multiverse/The Dark Forest Zone/Local Cluster/Totum/Verse Structure/Superclusters/Laniakea/Milky Way Galaxy/Sol System/Earth (Terra)/2079-4000/Colonial Union/Interstellar/Colonies/Unitary Dynasties/System.md,New Readers Start Here/I - Pleroma Archive/World/Locations/Eos Multiverse/The Dark Forest Zone/Local Cluster/Totum/Verse Structure/Superclusters/Laniakea/Milky Way Galaxy/Sol System/Earth (Terra)/2079-4000/Colonial Union/Interstellar/Colonies/Unitary Dynasties/System.md,yes,.md
The Georgetown Six.md,I - Pleroma Archive/World/Locations/Eos Multiverse/The Dark Forest Zone/Local Cluster/Totum/Verse Structure/Superclusters/Laniakea/Milky Way Galaxy/Sol System/Earth (Terra)/1890-2078/Pre-WW3/Faction Profile/CRINK/The Georgetown Six/The Georgetown Six.md,New Readers Start Here/I - Pleroma Archive/World/Locations/Eos Multiverse/The Dark Forest Zone/Local Cluster/Totum/Verse Structure/Superclusters/Laniakea/Milky Way Galaxy/Sol System/Earth (Terra)/1890-2078/Pre-WW3/Faction Profile/CRINK/The Georgetown Six/The Georgetown Six.md,yes,.md
Barndyk Foma Sergeyevich.md,I - Pleroma Archive/World/Locations/Eos Multiverse/The Dark Forest Zone/Local Cluster/Totum/Verse Structure/Superclusters/Laniakea/Milky Way Galaxy/Sol System/Earth (Terra)/1890-2078/Pre-WW3/Faction Profile/CRINK/The Georgetown Six/Barndyk Foma Sergeyevich.md,New Readers Start Here/I - Pleroma Archive/World/Locations/Eos Multiverse/The Dark Forest Zone/Local Cluster/Totum/Verse Structure/Superclusters/Laniakea/Milky Way Galaxy/Sol System/Earth (Terra)/1890-2078/Pre-WW3/Faction Profile/CRINK/The Georgetown Six/Barndyk Foma Sergeyevich.md,yes,.md
Lyapin Gavril Vasilievich.md,I - Pleroma Archive/World/Locations/Eos Multiverse/The Dark Forest Zone/Local Cluster/Totum/Verse Structure/Superclusters/Laniakea/Milky Way Galaxy/Sol System/Earth (Terra)/1890-2078/Pre-WW3/Faction Profile/CRINK/The Georgetown Six/Lyapin Gavril Vasilievich.md,New Readers Start Here/I - Pleroma Archive/World/Locations/Eos Multiverse/The Dark Forest Zone/Local Cluster/Totum/Verse Structure/Superclusters/Laniakea/Milky Way Galaxy/Sol System/Earth (Terra)/1890-2078/Pre-WW3/Faction Profile/CRINK/The Georgetown Six/Lyapin Gavril Vasilievich.md,yes,.md
Umsky Mitrofan Artemovich.md,I - Pleroma Archive/World/Locations/Eos Multiverse/The Dark Forest Zone/Local Cluster/Totum/Verse Structure/Superclusters/Laniakea/Milky Way Galaxy/Sol System/Earth (Terra)/1890-2078/Pre-WW3/Faction Profile/CRINK/The Georgetown Six/Umsky Mitrofan Artemovich.md,New Readers Start Here/I - Pleroma Archive/World/Locations/Eos Multiverse/The Dark Forest Zone/Local Cluster/Totum/Verse Structure/Superclusters/Laniakea/Milky Way Galaxy/Sol System/Earth (Terra)/1890-2078/Pre-WW3/Faction Profile/CRINK/The Georgetown Six/Umsky Mitrofan Artemovich.md,yes,.md
Voloshin Zinon Yegorovich.md,I - Pleroma Archive/World/Locations/Eos Multiverse/The Dark Forest Zone/Local Cluster/Totum/Verse Structure/Superclusters/Laniakea/Milky Way Galaxy/Sol System/Earth (Terra)/1890-2078/Pre-WW3/Faction Profile/CRINK/The Georgetown Six/Voloshin Zinon Yegorovich.md,New Readers Start Here/I - Pleroma Archive/World/Locations/Eos Multiverse/The Dark Forest Zone/Local Cluster/Totum/Verse Structure/Superclusters/Laniakea/Milky Way Galaxy/Sol System/Earth (Terra)/1890-2078/Pre-WW3/Faction Profile/CRINK/The Georgetown Six/Voloshin Zinon Yegorovich.md,yes,.md
Sitnikova Elisavetta Ivanovna.md,I - Pleroma Archive/World/Locations/Eos Multiverse/The Dark Forest Zone/Local Cluster/Totum/Verse Structure/Superclusters/Laniakea/Milky Way Galaxy/Sol System/Earth (Terra)/1890-2078/Pre-WW3/Faction Profile/CRINK/The Georgetown Six/Sitnikova Elisavetta Ivanovna.md,New Readers Start Here/I - Pleroma Archive/World/Locations/Eos Multiverse/The Dark Forest Zone/Local Cluster/Totum/Verse Structure/Superclusters/Laniakea/Milky Way Galaxy/Sol System/Earth (Terra)/1890-2078/Pre-WW3/Faction Profile/CRINK/The Georgetown Six/Sitnikova Elisavetta Ivanovna.md,yes,.md
Pankiva Nymphadora Yakovna.md,I - Pleroma Archive/World/Locations/Eos Multiverse/The Dark Forest Zone/Local Cluster/Totum/Verse Structure/Superclusters/Laniakea/Milky Way Galaxy/Sol System/Earth (Terra)/1890-2078/Pre-WW3/Faction Profile/CRINK/The Georgetown Six/Pankiva Nymphadora Yakovna.md,New Readers Start Here/I - Pleroma Archive/World/Locations/Eos Multiverse/The Dark Forest Zone/Local Cluster/Totum/Verse Structure/Superclusters/Laniakea/Milky Way Galaxy/Sol System/Earth (Terra)/1890-2078/Pre-WW3/Faction Profile/CRINK/The Georgetown Six/Pankiva Nymphadora Yakovna.md,yes,.md
Pankiva Elena Mikhailovna.md,I - Pleroma Archive/World/Locations/Eos Multiverse/The Dark Forest Zone/Local Cluster/Totum/Verse Structure/Superclusters/Laniakea/Milky Way Galaxy/Sol System/Earth (Terra)/1890-2078/Pre-WW3/Faction Profile/Chimera Security Concepts/Founder/Pankiva Elena Mikhailovna.md,New Readers Start Here/I - Pleroma Archive/World/Locations/Eos Multiverse/The Dark Forest Zone/Local Cluster/Totum/Verse Structure/Superclusters/Laniakea/Milky Way Galaxy/Sol System/Earth (Terra)/1890-2078/Pre-WW3/Faction Profile/Chimera Security Concepts/Founder/Pankiva Elena Mikhailovna.md,yes,.md
The Discipled Few__Independents__4ca0efb1.md,I - Pleroma Archive/World/Locations/Eos Multiverse/The Dark Forest Zone/Local Cluster/Totum/Verse Structure/Superclusters/Laniakea/Milky Way Galaxy/Sol System/Earth (Terra)/2079-4000/Colonial Union/Intrastellar/Belt Colonial Committee/Factions/Independents/The Discipled Few.md,New Readers Start Here/I - Pleroma Archive/World/Locations/Eos Multiverse/The Dark Forest Zone/Local Cluster/Totum/Verse Structure/Superclusters/Laniakea/Milky Way Galaxy/Sol System/Earth (Terra)/2079-4000/Colonial Union/Intrastellar/Belt Colonial Committee/Factions/Independents/The Discipled Few.md,yes,.md
The Royal Needle__Independents__67c3bed1.md,I - Pleroma Archive/World/Locations/Eos Multiverse/The Dark Forest Zone/Local Cluster/Totum/Verse Structure/Superclusters/Laniakea/Milky Way Galaxy/Sol System/Earth (Terra)/2079-4000/Colonial Union/Intrastellar/Belt Colonial Committee/Factions/Independents/The Royal Needle.md,New Readers Start Here/I - Pleroma Archive/World/Locations/Eos Multiverse/The Dark Forest Zone/Local Cluster/Totum/Verse Structure/Superclusters/Laniakea/Milky Way Galaxy/Sol System/Earth (Terra)/2079-4000/Colonial Union/Intrastellar/Belt Colonial Committee/Factions/Independents/The Royal Needle.md,yes,.md
Ironhands.md,I - Pleroma Archive/World/Locations/Eos Multiverse/The Dark Forest Zone/Local Cluster/Totum/Verse Structure/Superclusters/Laniakea/Milky Way Galaxy/Sol System/Earth (Terra)/2079-4000/Colonial Union/Intrastellar/Belt Colonial Committee/Factions/Guilds/Ironhands.md,New Readers Start Here/I - Pleroma Archive/World/Locations/Eos Multiverse/The Dark Forest Zone/Local Cluster/Totum/Verse Structure/Superclusters/Laniakea/Milky Way Galaxy/Sol System/Earth (Terra)/2079-4000/Colonial Union/Intrastellar/Belt Colonial Committee/Factions/Guilds/Ironhands.md,yes,.md
Blackstone.md,I - Pleroma Archive/World/Locations/Eos Multiverse/The Dark Forest Zone/Local Cluster/Totum/Verse Structure/Superclusters/Laniakea/Milky Way Galaxy/Sol System/Earth (Terra)/2079-4000/Colonial Union/Intrastellar/Belt Colonial Committee/Factions/Guilds/Blackstone.md,New Readers Start Here/I - Pleroma Archive/World/Locations/Eos Multiverse/The Dark Forest Zone/Local Cluster/Totum/Verse Structure/Superclusters/Laniakea/Milky Way Galaxy/Sol System/Earth (Terra)/2079-4000/Colonial Union/Intrastellar/Belt Colonial Committee/Factions/Guilds/Blackstone.md,yes,.md
The Crystal Syndicate.md,I - Pleroma Archive/World/Locations/Eos Multiverse/The Dark Forest Zone/Local Cluster/Totum/Verse Structure/Superclusters/Laniakea/Milky Way Galaxy/Sol System/Earth (Terra)/2079-4000/Colonial Union/Intrastellar/Belt Colonial Committee/Factions/Syndicates/The Crystal Syndicate.md,New Readers Start Here/I - Pleroma Archive/World/Locations/Eos Multiverse/The Dark Forest Zone/Local Cluster/Totum/Verse Structure/Superclusters/Laniakea/Milky Way Galaxy/Sol System/Earth (Terra)/2079-4000/Colonial Union/Intrastellar/Belt Colonial Committee/Factions/Syndicates/The Crystal Syndicate.md,yes,.md
The Jade Association__Syndicates__a17ec008.md,I - Pleroma Archive/World/Locations/Eos Multiverse/The Dark Forest Zone/Local Cluster/Totum/Verse Structure/Superclusters/Laniakea/Milky Way Galaxy/Sol System/Earth (Terra)/2079-4000/Colonial Union/Intrastellar/Belt Colonial Committee/Factions/Syndicates/The Jade Association.md,New Readers Start Here/I - Pleroma Archive/World/Locations/Eos Multiverse/The Dark Forest Zone/Local Cluster/Totum/Verse Structure/Superclusters/Laniakea/Milky Way Galaxy/Sol System/Earth (Terra)/2079-4000/Colonial Union/Intrastellar/Belt Colonial Committee/Factions/Syndicates/The Jade Association.md,yes,.md
Nine Families of Vesta.md,I - Pleroma Archive/World/Locations/Eos Multiverse/The Dark Forest Zone/Local Cluster/Totum/Verse Structure/Superclusters/Laniakea/Milky Way Galaxy/Sol System/Earth (Terra)/2079-4000/Colonial Union/Intrastellar/Belt Colonial Committee/Factions/Syndicates/Nine Families of Vesta.md,New Readers Start Here/I - Pleroma Archive/World/Locations/Eos Multiverse/The Dark Forest Zone/Local Cluster/Totum/Verse Structure/Superclusters/Laniakea/Milky Way Galaxy/Sol System/Earth (Terra)/2079-4000/Colonial Union/Intrastellar/Belt Colonial Committee/Factions/Syndicates/Nine Families of Vesta.md,yes,.md
The Calabria Family__Families__f0654d33.md,I - Pleroma Archive/World/Locations/Eos Multiverse/The Dark Forest Zone/Local Cluster/Totum/Verse Structure/Superclusters/Laniakea/Milky Way Galaxy/Sol System/Earth (Terra)/2079-4000/Colonial Union/Intrastellar/Belt Colonial Committee/Factions/Families/The Calabria Family.md,New Readers Start Here/I - Pleroma Archive/World/Locations/Eos Multiverse/The Dark Forest Zone/Local Cluster/Totum/Verse Structure/Superclusters/Laniakea/Milky Way Galaxy/Sol System/Earth (Terra)/2079-4000/Colonial Union/Intrastellar/Belt Colonial Committee/Factions/Families/The Calabria Family.md,yes,.md
The Luciano Family__Families__025bc7af.md,I - Pleroma Archive/World/Locations/Eos Multiverse/The Dark Forest Zone/Local Cluster/Totum/Verse Structure/Superclusters/Laniakea/Milky Way Galaxy/Sol System/Earth (Terra)/2079-4000/Colonial Union/Intrastellar/Belt Colonial Committee/Factions/Families/The Luciano Family.md,New Readers Start Here/I - Pleroma Archive/World/Locations/Eos Multiverse/The Dark Forest Zone/Local Cluster/Totum/Verse Structure/Superclusters/Laniakea/Milky Way Galaxy/Sol System/Earth (Terra)/2079-4000/Colonial Union/Intrastellar/Belt Colonial Committee/Factions/Families/The Luciano Family.md,yes,.md
The Campania Family__Families__50142f0d.md,I - Pleroma Archive/World/Locations/Eos Multiverse/The Dark Forest Zone/Local Cluster/Totum/Verse Structure/Superclusters/Laniakea/Milky Way Galaxy/Sol System/Earth (Terra)/2079-4000/Colonial Union/Intrastellar/Belt Colonial Committee/Factions/Families/The Campania Family.md,New Readers Start Here/I - Pleroma Archive/World/Locations/Eos Multiverse/The Dark Forest Zone/Local Cluster/Totum/Verse Structure/Superclusters/Laniakea/Milky Way Galaxy/Sol System/Earth (Terra)/2079-4000/Colonial Union/Intrastellar/Belt Colonial Committee/Factions/Families/The Campania Family.md,yes,.md
HelioDyne Extractives.md,I - Pleroma Archive/World/Locations/Eos Multiverse/The Dark Forest Zone/Local Cluster/Totum/Verse Structure/Superclusters/Laniakea/Milky Way Galaxy/Sol System/Earth (Terra)/2079-4000/Colonial Union/Intrastellar/Belt Colonial Committee/Factions/Corporations/HelioDyne Extractives.md,New Readers Start Here/I - Pleroma Archive/World/Locations/Eos Multiverse/The Dark Forest Zone/Local Cluster/Totum/Verse Structure/Superclusters/Laniakea/Milky Way Galaxy/Sol System/Earth (Terra)/2079-4000/Colonial Union/Intrastellar/Belt Colonial Committee/Factions/Corporations/HelioDyne Extractives.md,yes,.md
Celeris Dynamics.md,I - Pleroma Archive/World/Locations/Eos Multiverse/The Dark Forest Zone/Local Cluster/Totum/Verse Structure/Superclusters/Laniakea/Milky Way Galaxy/Sol System/Earth (Terra)/2079-4000/Colonial Union/Intrastellar/Belt Colonial Committee/Factions/Corporations/Celeris Dynamics.md,New Readers Start Here/I - Pleroma Archive/World/Locations/Eos Multiverse/The Dark Forest Zone/Local Cluster/Totum/Verse Structure/Superclusters/Laniakea/Milky Way Galaxy/Sol System/Earth (Terra)/2079-4000/Colonial Union/Intrastellar/Belt Colonial Committee/Factions/Corporations/Celeris Dynamics.md,yes,.md
Vortex Security Group.md,I - Pleroma Archive/World/Locations/Eos Multiverse/The Dark Forest Zone/Local Cluster/Totum/Verse Structure/Superclusters/Laniakea/Milky Way Galaxy/Sol System/Earth (Terra)/2079-4000/Colonial Union/Intrastellar/Belt Colonial Committee/Factions/Corporations/Vortex Security Group.md,New Readers Start Here/I - Pleroma Archive/World/Locations/Eos Multiverse/The Dark Forest Zone/Local Cluster/Totum/Verse Structure/Superclusters/Laniakea/Milky Way Galaxy/Sol System/Earth (Terra)/2079-4000/Colonial Union/Intrastellar/Belt Colonial Committee/Factions/Corporations/Vortex Security Group.md,yes,.md
Zenith Materials Group.md,I - Pleroma Archive/World/Locations/Eos Multiverse/The Dark Forest Zone/Local Cluster/Totum/Verse Structure/Superclusters/Laniakea/Milky Way Galaxy/Sol System/Earth (Terra)/2079-4000/Colonial Union/Intrastellar/Belt Colonial Committee/Factions/Corporations/Zenith Materials Group.md,New Readers Start Here/I - Pleroma Archive/World/Locations/Eos Multiverse/The Dark Forest Zone/Local Cluster/Totum/Verse Structure/Superclusters/Laniakea/Milky Way Galaxy/Sol System/Earth (Terra)/2079-4000/Colonial Union/Intrastellar/Belt Colonial Committee/Factions/Corporations/Zenith Materials Group.md,yes,.md
Government__Society _ Culture__70a2fdef.md,I - Pleroma Archive/World/Locations/Eos Multiverse/The Dark Forest Zone/Local Cluster/Totum/Verse Structure/Superclusters/Laniakea/Milky Way Galaxy/Sol System/Earth (Terra)/2079-4000/Colonial Union/Interstellar/Colonies/Austro Guard/Society & Culture/Government.md,New Readers Start Here/I - Pleroma Archive/World/Locations/Eos Multiverse/The Dark Forest Zone/Local Cluster/Totum/Verse Structure/Superclusters/Laniakea/Milky Way Galaxy/Sol System/Earth (Terra)/2079-4000/Colonial Union/Interstellar/Colonies/Austro Guard/Society & Culture/Government.md,yes,.md
Military__Society _ Culture__18da7aec.md,I - Pleroma Archive/World/Locations/Eos Multiverse/The Dark Forest Zone/Local Cluster/Totum/Verse Structure/Superclusters/Laniakea/Milky Way Galaxy/Sol System/Earth (Terra)/2079-4000/Colonial Union/Interstellar/Colonies/Austro Guard/Society & Culture/Military.md,New Readers Start Here/I - Pleroma Archive/World/Locations/Eos Multiverse/The Dark Forest Zone/Local Cluster/Totum/Verse Structure/Superclusters/Laniakea/Milky Way Galaxy/Sol System/Earth (Terra)/2079-4000/Colonial Union/Interstellar/Colonies/Austro Guard/Society & Culture/Military.md,yes,.md
Society & Culture__Society _ Culture__37be4505.md,I - Pleroma Archive/World/Locations/Eos Multiverse/The Dark Forest Zone/Local Cluster/Totum/Verse Structure/Superclusters/Laniakea/Milky Way Galaxy/Sol System/Earth (Terra)/2079-4000/Colonial Union/Interstellar/Colonies/Austro Guard/Society & Culture/Society & Culture.md,New Readers Start Here/I - Pleroma Archive/World/Locations/Eos Multiverse/The Dark Forest Zone/Local Cluster/Totum/Verse Structure/Superclusters/Laniakea/Milky Way Galaxy/Sol System/Earth (Terra)/2079-4000/Colonial Union/Interstellar/Colonies/Austro Guard/Society & Culture/Society & Culture.md,yes,.md
Oath Ceremonies.md,I - Pleroma Archive/World/Locations/Eos Multiverse/The Dark Forest Zone/Local Cluster/Totum/Verse Structure/Superclusters/Laniakea/Milky Way Galaxy/Sol System/Earth (Terra)/2079-4000/Colonial Union/Interstellar/Colonies/Austro Guard/Society & Culture/Oath Ceremonies.md,New Readers Start Here/I - Pleroma Archive/World/Locations/Eos Multiverse/The Dark Forest Zone/Local Cluster/Totum/Verse Structure/Superclusters/Laniakea/Milky Way Galaxy/Sol System/Earth (Terra)/2079-4000/Colonial Union/Interstellar/Colonies/Austro Guard/Society & Culture/Oath Ceremonies.md,yes,.md
Honor Economy.md,I - Pleroma Archive/World/Locations/Eos Multiverse/The Dark Forest Zone/Local Cluster/Totum/Verse Structure/Superclusters/Laniakea/Milky Way Galaxy/Sol System/Earth (Terra)/2079-4000/Colonial Union/Interstellar/Colonies/Austro Guard/Society & Culture/Honor Economy.md,New Readers Start Here/I - Pleroma Archive/World/Locations/Eos Multiverse/The Dark Forest Zone/Local Cluster/Totum/Verse Structure/Superclusters/Laniakea/Milky Way Galaxy/Sol System/Earth (Terra)/2079-4000/Colonial Union/Interstellar/Colonies/Austro Guard/Society & Culture/Honor Economy.md,yes,.md
Daily Life under the Oath.md,I - Pleroma Archive/World/Locations/Eos Multiverse/The Dark Forest Zone/Local Cluster/Totum/Verse Structure/Superclusters/Laniakea/Milky Way Galaxy/Sol System/Earth (Terra)/2079-4000/Colonial Union/Interstellar/Colonies/Austro Guard/Society & Culture/Daily Life under the Oath.md,New Readers Start Here/I - Pleroma Archive/World/Locations/Eos Multiverse/The Dark Forest Zone/Local Cluster/Totum/Verse Structure/Superclusters/Laniakea/Milky Way Galaxy/Sol System/Earth (Terra)/2079-4000/Colonial Union/Interstellar/Colonies/Austro Guard/Society & Culture/Daily Life under the Oath.md,yes,.md
Economy__Society _ Culture__8af64cc4.md,I - Pleroma Archive/World/Locations/Eos Multiverse/The Dark Forest Zone/Local Cluster/Totum/Verse Structure/Superclusters/Laniakea/Milky Way Galaxy/Sol System/Earth (Terra)/2079-4000/Colonial Union/Interstellar/Colonies/Austro Guard/Society & Culture/Economy.md,New Readers Start Here/I - Pleroma Archive/World/Locations/Eos Multiverse/The Dark Forest Zone/Local Cluster/Totum/Verse Structure/Superclusters/Laniakea/Milky Way Galaxy/Sol System/Earth (Terra)/2079-4000/Colonial Union/Interstellar/Colonies/Austro Guard/Society & Culture/Economy.md,yes,.md
Cultural Expression.md,I - Pleroma Archive/World/Locations/Eos Multiverse/The Dark Forest Zone/Local Cluster/Totum/Verse Structure/Superclusters/Laniakea/Milky Way Galaxy/Sol System/Earth (Terra)/2079-4000/Colonial Union/Interstellar/Colonies/Austro Guard/Society & Culture/Cultural Expression.md,New Readers Start Here/I - Pleroma Archive/World/Locations/Eos Multiverse/The Dark Forest Zone/Local Cluster/Totum/Verse Structure/Superclusters/Laniakea/Milky Way Galaxy/Sol System/Earth (Terra)/2079-4000/Colonial Union/Interstellar/Colonies/Austro Guard/Society & Culture/Cultural Expression.md,yes,.md
Family & Kinship.md,I - Pleroma Archive/World/Locations/Eos Multiverse/The Dark Forest Zone/Local Cluster/Totum/Verse Structure/Superclusters/Laniakea/Milky Way Galaxy/Sol System/Earth (Terra)/2079-4000/Colonial Union/Interstellar/Colonies/Austro Guard/Society & Culture/Family & Kinship.md,New Readers Start Here/I - Pleroma Archive/World/Locations/Eos Multiverse/The Dark Forest Zone/Local Cluster/Totum/Verse Structure/Superclusters/Laniakea/Milky Way Galaxy/Sol System/Earth (Terra)/2079-4000/Colonial Union/Interstellar/Colonies/Austro Guard/Society & Culture/Family & Kinship.md,yes,.md
